{
	"SSAS_Region": {
		"type": "string",
		"value": "canadacentral"
	},
	"SSAS_Server": {
		"type": "string",
		"value": "imcnoimutmsanlys01"
	},
	"SSAS_DatabaseName": {
		"type": "string",
		"value": "RiskDataMart"
	},
	"Azure_Subscription_Id": {
		"type": "string",
		"value": "fdeb04f6-576f-42ce-9ecc-6fd428df3a88"
	},
	"Azure_Resource_Group": {
		"type": "string",
		"value": "IMCOINVTUAT"
	},
	"Azure_Container_Name": {
        "type": "string",
		"value": "imcnoimutadls01"
	},	
	"Mail_To": {
		"type": "string",
		"value": "johnny.lu@imcoinvest.com;Jason.Lee@imcoinvest.com"
	},
	"Env": {
		"type": "string",
		"value": "uat"
	},
	"Eagle_Initial_Load_Start_Date": {
		"type": "string",
		"value": "2020-01-01"
	},
	"Azure_FunctionApp_URL": {
		"type": "string",
		"value": "https://imcnoimutmsfun01.azurewebsites.net"
	},
	"Azure_FunctionApp_ID": {
		"type": "string",
		"value": "24153a5b-8cf0-43c8-98bf-d0efdc37a7ac"
	},
	"Azure_Function_SendEmail_Key": {
		"type": "string",
		"value": "LPnazueNj0uutCunVLkA82G0/R2AlPFF5yqdLKg3FNOp6z9bxhV2Gg=="
	},
	"Source_System_to_Refresh_SSAS": {
		"type": "string",
		"value": "BarraOne,Eagle,RiskManual,StateStreet"
	},
	"Eagle_Daily_Load_Job_Delta_Deletion_Check": {
		"type": "string",
		"value": "FALSE"
	}		
}