{
	"SSAS_Region": {
		"type": "string",
		"value": "canadacentral"
	},
	"SSAS_Server": {
		"type": "string",
		"value": "imcnoimupmsanlys01"
	},
	"SSAS_DatabaseName": {
		"type": "string",
		"value": "RiskDataMart"
	},
	"Azure_Subscription_Id": {
		"type": "string",
		"value": "fdeb04f6-576f-42ce-9ecc-6fd428df3a88"
	},
	"Azure_Resource_Group": {
		"type": "string",
		"value": "imcoinvtprod"
	},
	"Azure_Container_Name": {
        "type": "string",
		"value": "imcnoimpiadls01"
	},	
	"Mail_To": {
		"type": "string",
		"value": "johnny.lu@imcoinvest.com;Jason.Lee@imcoinvest.com"
	},
	"Env": {
		"type": "string",
		"value": "prod"
	},
	"Eagle_Initial_Load_Start_Date": {
		"type": "string",
		"value": "2020-01-01"
	},
	"Azure_FunctionApp_URL": {
		"type": "string",
		"value": "https://imcnoimpvmsfun01.azurewebsites.net"
	},
	"Azure_FunctionApp_ID": {
		"type": "string",
		"value": "7cd9a467-eb18-43d1-83fb-f007d1400aad"
	},	
	"Azure_Function_SendEmail_Key": {
		"type": "string",
		"value": "LCPoonYY1quJjEt/h6Q0fAeT57Y8a6OAOKKYkCYnEKLSNCLyEiSfjw=="
	},
	"Source_System_to_Refresh_SSAS": {
		"type": "string",
		"value": "BarraOne,Eagle,RiskManual,StateStreet"
	},
	"Eagle_Daily_Load_Job_Delta_Deletion_Check": {
		"type": "string",
		"value": "FALSE"
	}			
}