{
	"name": "Azure_ConfigDB",
	"properties": {
		"linkedServiceName": {
			"referenceName": "AzureConfigDB",
			"type": "LinkedServiceReference"
		},
		"parameters": {
			"schema": {
				"type": "string"
			},
			"table": {
				"type": "string"
			}
		},
		"folder": {
			"name": "Datawarehouse"
		},
		"annotations": [],
		"type": "AzureSqlTable",
		"schema": [],
		"typeProperties": {
			"schema": {
				"value": "@dataset().schema",
				"type": "Expression"
			},
			"table": {
				"value": "@dataset().table",
				"type": "Expression"
			}
		}
	},
	"type": "Microsoft.DataFactory/factories/datasets"
}