{
	"name": "ds_ADLS_Binary_Folder",
	"properties": {
		"linkedServiceName": {
			"referenceName": "AzureDataLakeStorage1",
			"type": "LinkedServiceReference",
			"parameters": {
				"Container_Name": {
					"value": "@dataset().Container_Name",
					"type": "Expression"
				}
			}
		},
		"parameters": {
			"env": {
				"type": "string"
			},
			"folder_path": {
				"type": "string"
			},
			"Container_Name": {
				"type": "string"
			}
		},
		"folder": {
			"name": "Datawarehouse/ADLS"
		},
		"annotations": [],
		"type": "Binary",
		"typeProperties": {
			"location": {
				"type": "AzureBlobFSLocation",
				"folderPath": {
					"value": "@dataset().folder_path",
					"type": "Expression"
				},
				"fileSystem": {
					"value": "@dataset().env",
					"type": "Expression"
				}
			}
		}
	},
	"type": "Microsoft.DataFactory/factories/datasets"
}