{
	"name": "ds_ADLS_Business_File_Csv_Extract",
	"properties": {
		"linkedServiceName": {
			"referenceName": "AzureDataLakeStorage1",
			"type": "LinkedServiceReference",
			"parameters": {
				"Container_Name": {
					"value": "@dataset().Container_Name",
					"type": "Expression"
				}
			}
		},
		"parameters": {
			"Folder_Path": {
				"type": "string"
			},
			"env": {
				"type": "string"
			},
			"File_Name": {
				"type": "string"
			},
			"Row_Delimiter": {
				"type": "string"
			},
			"Column_Delimiter": {
				"type": "string"
			},
			"Container_Name": {
				"type": "string"
			}
		},
		"folder": {
			"name": "Datawarehouse/ADLS"
		},
		"annotations": [],
		"type": "DelimitedText",
		"typeProperties": {
			"location": {
				"type": "AzureBlobFSLocation",
				"fileName": {
					"value": "@dataset().File_Name",
					"type": "Expression"
				},
				"folderPath": {
					"value": "@dataset().Folder_Path",
					"type": "Expression"
				},
				"fileSystem": {
					"value": "@dataset().env",
					"type": "Expression"
				}
			},
			"columnDelimiter": {
				"value": "@dataset().Column_Delimiter",
				"type": "Expression"
			},
			"rowDelimiter": {
				"value": "@dataset().Row_Delimiter",
				"type": "Expression"
			},
			"escapeChar": "\\",
			"firstRowAsHeader": true,
			"quoteChar": ""
		},
		"schema": []
	},
	"type": "Microsoft.DataFactory/factories/datasets"
}