{
	"name": "ds_Business_File_Excel_No_Header",
	"properties": {
		"linkedServiceName": {
			"referenceName": "AzureDataLakeStorage1",
			"type": "LinkedServiceReference",
			"parameters": {
				"Container_Name": {
					"value": "@dataset().Container_Name",
					"type": "Expression"
				}
			}
		},
		"parameters": {
			"Folder_Path": {
				"type": "string"
			},
			"env": {
				"type": "string"
			},
			"File_Name": {
				"type": "string"
			},
			"Container_Name": {
				"type": "string"
			},
			"Sheet_Index": {
				"type": "string",
				"defaultValue": "0"
			},
			"Excel_Data_Range": {
				"type": "string"
			}
		},
		"folder": {
			"name": "Datawarehouse/ADLS"
		},
		"annotations": [],
		"type": "Excel",
		"typeProperties": {
			"location": {
				"type": "AzureBlobFSLocation",
				"fileName": {
					"value": "@dataset().File_Name",
					"type": "Expression"
				},
				"folderPath": {
					"value": "@dataset().Folder_Path",
					"type": "Expression"
				},
				"fileSystem": {
					"value": "@dataset().env",
					"type": "Expression"
				}
			},
			"sheetIndex": {
				"value": "@int(dataset().Sheet_Index)",
				"type": "Expression"
			},
			"range": {
				"value": "@dataset().Excel_Data_Range",
				"type": "Expression"
			},
			"firstRowAsHeader": false
		},
		"schema": [
			{
				"type": "String"
			},
			{
				"type": "String"
			},
			{
				"type": "String"
			},
			{
				"type": "String"
			},
			{
				"type": "String"
			},
			{
				"type": "String"
			},
			{
				"type": "String"
			},
			{
				"type": "String"
			},
			{
				"type": "String"
			},
			{
				"type": "String"
			},
			{
				"type": "String"
			},
			{
				"type": "String"
			}
		]
	},
	"type": "Microsoft.DataFactory/factories/datasets"
}