{
	"name": "ds_SharePoint_List",
	"properties": {
		"linkedServiceName": {
			"referenceName": "LS_SharePoint_List",
			"type": "LinkedServiceReference",
			"parameters": {
				"SharePoint_URL": {
					"value": "@dataset().SharePoint_URL",
					"type": "Expression"
				},
				"SharePoint_Tenant": {
					"value": "@dataset().SharePoint_Tenant",
					"type": "Expression"
				},
				"SharePoint_Client_Id": {
					"value": "@dataset().SharePoint_Client_Id",
					"type": "Expression"
				}
			}
		},
		"parameters": {
			"SharePoint_URL": {
				"type": "string"
			},
			"SharePoint_Tenant": {
				"type": "string"
			},
			"SharePoint_Client_Id": {
				"type": "string"
			}
		},
		"folder": {
			"name": "Datawarehouse/SharePoint"
		},
		"annotations": [],
		"type": "SharePointOnlineListResource",
		"schema": [],
		"typeProperties": {
			"listName": "Documents"
		}
	}
}