{
	"name": "ds_SFTP_Binary_AutoResolve",
	"properties": {
		"linkedServiceName": {
			"referenceName": "SFTPGeneric_AutoResolve",
			"type": "LinkedServiceReference",
			"parameters": {
				"Host": {
					"value": "@dataset().ds_host",
					"type": "Expression"
				},
				"Secretname": {
					"value": "@dataset().ds_secret",
					"type": "Expression"
				},
				"Username": {
					"value": "@dataset().ds_user",
					"type": "Expression"
				}
			}
		},
		"parameters": {
			"ds_vendorFP": {
				"type": "string"
			},
			"ds_vendorfn": {
				"type": "string"
			},
			"ds_host": {
				"type": "string"
			},
			"ds_user": {
				"type": "string"
			},
			"ds_secret": {
				"type": "string"
			}
		},
		"folder": {
			"name": "Datawarehouse/SFTP"
		},
		"annotations": [],
		"type": "Binary",
		"typeProperties": {
			"location": {
				"type": "SftpLocation",
				"fileName": {
					"value": "@dataset().ds_vendorfn",
					"type": "Expression"
				},
				"folderPath": {
					"value": "@dataset().ds_vendorFP",
					"type": "Expression"
				}
			}
		}
	},
	"type": "Microsoft.DataFactory/factories/datasets"
}