{
	"name": "DS_TPVArchiveFile",
	"properties": {
		"linkedServiceName": {
			"referenceName": "AzureBlobStorage1",
			"type": "LinkedServiceReference"
		},
		"parameters": {
			"foldername": {
				"type": "string",
				"defaultValue": "DriftingBM"
			}
		},
		"folder": {
			"name": "IDP POC/JL-TPV"
		},
		"annotations": [],
		"type": "Binary",
		"typeProperties": {
			"location": {
				"type": "AzureBlobStorageLocation",
				"folderPath": {
					"value": "@concat('JLee/TPV/TPVArchive/',dataset().foldername,'/',formatDateTime(utcnow(),'yyyy-MM-dd'))",
					"type": "Expression"
				},
				"container": "raw"
			}
		}
	},
	"type": "Microsoft.DataFactory/factories/datasets"
}