{
	"name": "DS_TPVOPBPositions",
	"properties": {
		"linkedServiceName": {
			"referenceName": "AzureBlobStorage1",
			"type": "LinkedServiceReference"
		},
		"folder": {
			"name": "IDP POC/JL-TPV"
		},
		"annotations": [],
		"type": "DelimitedText",
		"typeProperties": {
			"location": {
				"type": "AzureBlobStorageLocation",
				"folderPath": "JLee/TPV/TPVSource/OPBPositions",
				"container": "raw"
			},
			"columnDelimiter": ",",
			"escapeChar": "\\",
			"firstRowAsHeader": true,
			"quoteChar": "\""
		},
		"schema": [
			{
				"name": "EFFECTIVE_DATE",
				"type": "String"
			},
			{
				"name": "ENTITY_ID",
				"type": "String"
			},
			{
				"name": "SECURITY_ALIAS",
				"type": "String"
			},
			{
				"name": "ISSUE_NAME",
				"type": "String"
			},
			{
				"name": "ISSUE_DESCRIPTION",
				"type": "String"
			},
			{
				"name": "INVESTMENTTYPENAME",
				"type": "String"
			},
			{
				"name": "SECURITYTYPENAME",
				"type": "String"
			},
			{
				"name": "ID_SEDOL",
				"type": "String"
			},
			{
				"name": "ID_CUSIP",
				"type": "String"
			},
			{
				"name": "ID_ISIN",
				"type": "String"
			},
			{
				"name": "ID_TICKER",
				"type": "String"
			},
			{
				"name": "ID_ACCOUNTING",
				"type": "String"
			},
			{
				"name": "NOTIONALAMOUNT",
				"type": "String"
			},
			{
				"name": "NUMBEROFSHARES",
				"type": "String"
			},
			{
				"name": "MARKETVALUE_LOCAL",
				"type": "String"
			},
			{
				"name": "MVI",
				"type": "String"
			},
			{
				"name": "UVM",
				"type": "String"
			},
			{
				"name": "CURRENCY_CODE",
				"type": "String"
			},
			{
				"name": "FX_RATE",
				"type": "String"
			},
			{
				"name": "PRICE_ACCOUNTING",
				"type": "String"
			},
			{
				"name": "PRICE_MULTIPLIER",
				"type": "String"
			},
			{
				"name": "CONTRACT_SIZE",
				"type": "String"
			}
		]
	},
	"type": "Microsoft.DataFactory/factories/datasets"
}