{
	"name": "EagleEntity",
	"properties": {
		"linkedServiceName": {
			"referenceName": "AzureSynapseDW",
			"type": "LinkedServiceReference"
		},
		"folder": {
			"name": "Datawarehouse/Eagle Staging"
		},
		"annotations": [],
		"type": "AzureSqlDWTable",
		"schema": [
			{
				"name": "UPD_DATE",
				"type": "datetime2",
				"scale": 7
			},
			{
				"name": "ENTITY_ID",
				"type": "char"
			},
			{
				"name": "ENTITY_NAME",
				"type": "char"
			},
			{
				"name": "ENTITY_TYPE",
				"type": "char"
			},
			{
				"name": "STATE_CODE",
				"type": "char"
			},
			{
				"name": "BASE_CURRENCY",
				"type": "char"
			},
			{
				"name": "PORTFOLIO_TYPE_CODE",
				"type": "char"
			},
			{
				"name": "ENTITY_LONG_NAME",
				"type": "char"
			},
			{
				"name": "UPD_USER",
				"type": "char"
			},
			{
				"name": "TAX_STATUS",
				"type": "char"
			},
			{
				"name": "STYLE",
				"type": "char"
			},
			{
				"name": "ENTITY_ALIAS",
				"type": "decimal",
				"precision": 18,
				"scale": 0
			},
			{
				"name": "MANAGER_NAME",
				"type": "char"
			},
			{
				"name": "CLIENT_ID",
				"type": "decimal",
				"precision": 18,
				"scale": 0
			},
			{
				"name": "LEGAL_NAME",
				"type": "varchar"
			},
			{
				"name": "INCEPTION_DATE",
				"type": "datetime2",
				"scale": 7
			},
			{
				"name": "CUSTODY_BANK",
				"type": "varchar"
			},
			{
				"name": "USER_FIELD1",
				"type": "varchar"
			},
			{
				"name": "ACTIVE_STATUS",
				"type": "varchar"
			},
			{
				"name": "USER_FIELD2",
				"type": "varchar"
			},
			{
				"name": "USER_FIELD3",
				"type": "varchar"
			},
			{
				"name": "INCEPTION_VALUE",
				"type": "decimal",
				"precision": 28,
				"scale": 12
			},
			{
				"name": "CASH_BALANCE",
				"type": "decimal",
				"precision": 28,
				"scale": 12
			},
			{
				"name": "USER_DATE1",
				"type": "datetime2",
				"scale": 7
			},
			{
				"name": "USER_DATE2",
				"type": "datetime2",
				"scale": 7
			},
			{
				"name": "USER_DATE3",
				"type": "datetime2",
				"scale": 7
			},
			{
				"name": "USER_DATE4",
				"type": "datetime2",
				"scale": 7
			},
			{
				"name": "USER_FLOAT1",
				"type": "decimal",
				"precision": 28,
				"scale": 12
			},
			{
				"name": "USER_FLOAT2",
				"type": "decimal",
				"precision": 28,
				"scale": 12
			},
			{
				"name": "TERMINATION_DATE",
				"type": "datetime2",
				"scale": 7
			},
			{
				"name": "USER_FLOAT3",
				"type": "decimal",
				"precision": 28,
				"scale": 12
			},
			{
				"name": "FISCAL_END_DATE",
				"type": "datetime2",
				"scale": 7
			},
			{
				"name": "USER_FIELD4",
				"type": "varchar"
			},
			{
				"name": "USER_FIELD5",
				"type": "varchar"
			},
			{
				"name": "ENTITY_BUILD_FLAG",
				"type": "char"
			},
			{
				"name": "USER_FLOAT4",
				"type": "decimal",
				"precision": 28,
				"scale": 12
			},
			{
				"name": "USER_FLOAT5",
				"type": "decimal",
				"precision": 28,
				"scale": 12
			},
			{
				"name": "USER_FLOAT6",
				"type": "decimal",
				"precision": 28,
				"scale": 12
			},
			{
				"name": "USER_FLOAT7",
				"type": "decimal",
				"precision": 28,
				"scale": 12
			},
			{
				"name": "USER_FLOAT8",
				"type": "decimal",
				"precision": 28,
				"scale": 12
			},
			{
				"name": "USER_FLOAT9",
				"type": "decimal",
				"precision": 28,
				"scale": 12
			},
			{
				"name": "USER_FLOAT10",
				"type": "decimal",
				"precision": 28,
				"scale": 12
			},
			{
				"name": "SRC_INTFC_INST",
				"type": "decimal",
				"precision": 18,
				"scale": 0
			},
			{
				"name": "USER_FIELD6",
				"type": "varchar"
			},
			{
				"name": "USER_FIELD7",
				"type": "varchar"
			},
			{
				"name": "USER_FIELD8",
				"type": "varchar"
			},
			{
				"name": "USER_FIELD9",
				"type": "varchar"
			},
			{
				"name": "USER_FIELD10",
				"type": "varchar"
			},
			{
				"name": "USER_FIELD11",
				"type": "varchar"
			},
			{
				"name": "USER_FIELD12",
				"type": "varchar"
			},
			{
				"name": "USER_FIELD13",
				"type": "varchar"
			},
			{
				"name": "USER_FIELD14",
				"type": "varchar"
			},
			{
				"name": "USER_FIELD15",
				"type": "varchar"
			},
			{
				"name": "USER_FIELD16",
				"type": "varchar"
			},
			{
				"name": "USER_FIELD17",
				"type": "varchar"
			},
			{
				"name": "USER_FIELD18",
				"type": "varchar"
			},
			{
				"name": "USER_FIELD19",
				"type": "varchar"
			},
			{
				"name": "USER_FIELD20",
				"type": "varchar"
			},
			{
				"name": "USER_FIELD21",
				"type": "varchar"
			},
			{
				"name": "USER_FIELD22",
				"type": "varchar"
			},
			{
				"name": "USER_FIELD23",
				"type": "varchar"
			},
			{
				"name": "USER_FIELD24",
				"type": "varchar"
			},
			{
				"name": "USER_FIELD25",
				"type": "varchar"
			},
			{
				"name": "USER_DATE5",
				"type": "datetime2",
				"scale": 7
			},
			{
				"name": "DYNAGG_FLAG",
				"type": "decimal",
				"precision": 18,
				"scale": 0
			},
			{
				"name": "ACCOUNTING_BASIS",
				"type": "varchar"
			},
			{
				"name": "COST_METHOD",
				"type": "varchar"
			},
			{
				"name": "LOT_SELECTION_METHOD",
				"type": "varchar"
			},
			{
				"name": "TRADE_STATUS",
				"type": "varchar"
			},
			{
				"name": "TECHNICAL_SHORT_INDICATOR",
				"type": "varchar"
			},
			{
				"name": "AUTO_SETTLE_INDICATOR",
				"type": "varchar"
			},
			{
				"name": "AMORTIZATION_METHOD",
				"type": "varchar"
			},
			{
				"name": "WASH_SALE_INHIBIT_INDICATOR",
				"type": "varchar"
			},
			{
				"name": "AMORTIZATION_INDICATOR",
				"type": "varchar"
			},
			{
				"name": "PRICE_SOURCE",
				"type": "char"
			},
			{
				"name": "CON_CASH_TYPE",
				"type": "varchar"
			},
			{
				"name": "STAR_PARTITION",
				"type": "decimal",
				"precision": 38,
				"scale": 0
			},
			{
				"name": "TAX_ID_NUMBER",
				"type": "varchar"
			},
			{
				"name": "COUNTRY_OF_TAX",
				"type": "varchar"
			},
			{
				"name": "FX_SOURCE",
				"type": "char"
			},
			{
				"name": "COA_NAME",
				"type": "varchar"
			},
			{
				"name": "GAIN_LOSS_PYDN",
				"type": "char"
			},
			{
				"name": "PRICE_METHOD",
				"type": "char"
			},
			{
				"name": "FRONT_END_LOAD",
				"type": "decimal",
				"precision": 28,
				"scale": 12
			},
			{
				"name": "CDSC_LOAD_YEAR_1",
				"type": "decimal",
				"precision": 28,
				"scale": 12
			},
			{
				"name": "CDSC_LOAD_YEAR_2",
				"type": "decimal",
				"precision": 28,
				"scale": 12
			},
			{
				"name": "CDSC_LOAD_YEAR_3",
				"type": "decimal",
				"precision": 28,
				"scale": 12
			},
			{
				"name": "CDSC_LOAD_YEAR_4",
				"type": "decimal",
				"precision": 28,
				"scale": 12
			},
			{
				"name": "CDSC_LOAD_YEAR_5",
				"type": "decimal",
				"precision": 28,
				"scale": 12
			},
			{
				"name": "CDSC_LOAD_YEAR_6",
				"type": "decimal",
				"precision": 28,
				"scale": 12
			},
			{
				"name": "PIN_NUMBER",
				"type": "char"
			},
			{
				"name": "MARKETING_OPEN_DATE",
				"type": "datetime2",
				"scale": 7
			},
			{
				"name": "LAST_CUST_TRN_DATE",
				"type": "datetime2",
				"scale": 7
			},
			{
				"name": "LAST_SYS_TRN_DATE",
				"type": "datetime2",
				"scale": 7
			},
			{
				"name": "ACC_SYS_OPENING_DATE",
				"type": "datetime2",
				"scale": 7
			},
			{
				"name": "TO_DDA_TRUST_TRANSFER_ACC",
				"type": "char"
			},
			{
				"name": "FROM_DDA_TRUST_TRANSFER_ACC",
				"type": "char"
			},
			{
				"name": "PRINCIPAL_SUSPENSE_ACC",
				"type": "char"
			},
			{
				"name": "INT_FEE_SUSPENSE_ACC",
				"type": "char"
			},
			{
				"name": "CAPITAL_SUSPENSE_ACC",
				"type": "char"
			},
			{
				"name": "DETAILS_ON_DEFAULT_VALUES",
				"type": "varchar"
			},
			{
				"name": "LEGAL_STATUS",
				"type": "char"
			},
			{
				"name": "DORMANCY_STATUS",
				"type": "char"
			},
			{
				"name": "BANK_BRANCH_CODE",
				"type": "char"
			},
			{
				"name": "CUSTOMER_TYPE",
				"type": "char"
			},
			{
				"name": "MARKETING_GROUP",
				"type": "char"
			},
			{
				"name": "PARENT_COUNTRY_CODE",
				"type": "char"
			},
			{
				"name": "RISK_COUNTRY_CODE",
				"type": "char"
			},
			{
				"name": "LANGUAGE",
				"type": "char"
			},
			{
				"name": "CLOSED_FLAG",
				"type": "char"
			},
			{
				"name": "INACTIVE_FLAG",
				"type": "char"
			},
			{
				"name": "UNIT_OFFICER",
				"type": "char"
			},
			{
				"name": "VISITING_OFFICER",
				"type": "char"
			},
			{
				"name": "ACCOUNT_ORIGINATOR",
				"type": "char"
			},
			{
				"name": "SUNDRY_CODE",
				"type": "char"
			},
			{
				"name": "ACCOUNT_STATUS",
				"type": "char"
			},
			{
				"name": "ANALYSIS_CODE",
				"type": "char"
			},
			{
				"name": "TRANSFER_METHOD",
				"type": "char"
			},
			{
				"name": "MESSAGE_CODE",
				"type": "char"
			},
			{
				"name": "INTEREST_PAY_CODE",
				"type": "char"
			},
			{
				"name": "THIRD_PARTY_REFERRAL",
				"type": "char"
			},
			{
				"name": "EARN_PROCESS_FREQ",
				"type": "varchar"
			},
			{
				"name": "VAR_RATE_SOURCE",
				"type": "varchar"
			},
			{
				"name": "PORT_COMP_TYPE",
				"type": "varchar"
			},
			{
				"name": "ACCNT_DT_RULE_GRP",
				"type": "char"
			},
			{
				"name": "ACCT_DT_RULE_PRIORITY",
				"type": "decimal",
				"precision": 18,
				"scale": 0
			},
			{
				"name": "FLOATWEIGHT_FLAG",
				"type": "decimal",
				"precision": 18,
				"scale": 0
			},
			{
				"name": "ALTERNATE_TO_CURRENCY",
				"type": "char"
			},
			{
				"name": "ENTITY_CODE",
				"type": "varchar"
			},
			{
				"name": "RELEASE_STATUS",
				"type": "varchar"
			},
			{
				"name": "BANK_ACCOUNT_NUMBER",
				"type": "varchar"
			},
			{
				"name": "CONFIDENTIALITY_IND",
				"type": "varchar"
			},
			{
				"name": "ERISA_IND",
				"type": "varchar"
			},
			{
				"name": "ENTITY_SUB_TYPE",
				"type": "varchar"
			},
			{
				"name": "POOLED_FUND_TYPE",
				"type": "varchar"
			},
			{
				"name": "BUSINESS_SECTOR",
				"type": "varchar"
			},
			{
				"name": "MOST_FAVORED_NATIONS_IND",
				"type": "varchar"
			},
			{
				"name": "ODD_MONTH_END_IND",
				"type": "varchar"
			},
			{
				"name": "PRIMARY_TRADING_SYSTEM",
				"type": "varchar"
			},
			{
				"name": "PRIOR_YEAR_REVENUE",
				"type": "decimal",
				"precision": 28,
				"scale": 12
			},
			{
				"name": "SUB_ADVISORY_ACCOUNT_IND",
				"type": "varchar"
			},
			{
				"name": "TERMINATION_MARKET_VALUE",
				"type": "decimal",
				"precision": 28,
				"scale": 12
			},
			{
				"name": "INCENTIVE_FEE",
				"type": "decimal",
				"precision": 28,
				"scale": 12
			},
			{
				"name": "YTD_REVENUE",
				"type": "decimal",
				"precision": 28,
				"scale": 12
			},
			{
				"name": "VOTE_PROXY_IND",
				"type": "varchar"
			},
			{
				"name": "TRUST_ACCOUNT_IND",
				"type": "varchar"
			},
			{
				"name": "ACCOUNT_LEGAL_FORM",
				"type": "varchar"
			},
			{
				"name": "DIRECT_ACCOUNT_IND",
				"type": "varchar"
			},
			{
				"name": "ORIG_ACCNT_NUMBER",
				"type": "varchar"
			},
			{
				"name": "ORIG_SOURCE_SYSTEM",
				"type": "varchar"
			},
			{
				"name": "NAV_ROUNDING",
				"type": "varchar"
			},
			{
				"name": "NUMBER_OF_NAV_DIGITS",
				"type": "decimal",
				"precision": 38,
				"scale": 0
			},
			{
				"name": "REPORTING_NAME",
				"type": "varchar"
			},
			{
				"name": "AMORTIZATION_METHOD_TE",
				"type": "varchar"
			},
			{
				"name": "AMORT_METHOD_MKT_DISC",
				"type": "varchar"
			},
			{
				"name": "AMORT_METHOD_MKT_DISC_TAX_EX",
				"type": "varchar"
			},
			{
				"name": "REPORTING_BASIS",
				"type": "varchar"
			},
			{
				"name": "ASSET_CLASS",
				"type": "varchar"
			},
			{
				"name": "LEGAL_AGREEMENT_WITH",
				"type": "varchar"
			},
			{
				"name": "INVEST_ADR_IND",
				"type": "varchar"
			},
			{
				"name": "INVEST_FOREIGN_IND",
				"type": "varchar"
			},
			{
				"name": "QUALIFIED_BUYER_IND",
				"type": "varchar"
			},
			{
				"name": "FUNDING_METHOD",
				"type": "varchar"
			},
			{
				"name": "MAINTAIN_PROXY_LOG_IND",
				"type": "varchar"
			},
			{
				"name": "EFFECTIVE_TAX_RATE1",
				"type": "decimal",
				"precision": 28,
				"scale": 12
			},
			{
				"name": "EFFECTIVE_TAX_RATE2",
				"type": "decimal",
				"precision": 28,
				"scale": 12
			},
			{
				"name": "TE_ELECTION",
				"type": "varchar"
			},
			{
				"name": "TE_LEVEL",
				"type": "varchar"
			},
			{
				"name": "TE_PROFILE",
				"type": "varchar"
			},
			{
				"name": "CDSC_LOAD_YEAR_7",
				"type": "decimal",
				"precision": 28,
				"scale": 12
			},
			{
				"name": "CDSC_LOAD_YEAR_8",
				"type": "decimal",
				"precision": 28,
				"scale": 12
			},
			{
				"name": "CDSC_LOAD_YEAR_9",
				"type": "decimal",
				"precision": 28,
				"scale": 12
			},
			{
				"name": "CDSC_LOAD_YEAR_10",
				"type": "decimal",
				"precision": 28,
				"scale": 12
			},
			{
				"name": "FX_DAYS_OFFSET",
				"type": "decimal",
				"precision": 38,
				"scale": 0
			},
			{
				"name": "FX_SOURCE_RULE_ID",
				"type": "decimal",
				"precision": 38,
				"scale": 0
			},
			{
				"name": "MF_PARENT_ID",
				"type": "char"
			},
			{
				"name": "COSTCASH_BULKING",
				"type": "varchar"
			},
			{
				"name": "PLEDGED_QTY_CHECK_FLAG",
				"type": "varchar"
			},
			{
				"name": "LEI",
				"type": "varchar"
			},
			{
				"name": "MONEY_MARKET_TYPE",
				"type": "varchar"
			},
			{
				"name": "FINAL_NPORT_FILING_DATE",
				"type": "datetime2",
				"scale": 7
			},
			{
				"name": "EXCHANGE",
				"type": "varchar"
			},
			{
				"name": "PROSPECTUS",
				"type": "varchar"
			},
			{
				"name": "ENTITY_FUND_TYPE",
				"type": "varchar"
			},
			{
				"name": "DEFAULT_DERIV_REASON",
				"type": "varchar"
			},
			{
				"name": "MIL_RATE_ROUNDING",
				"type": "varchar"
			},
			{
				"name": "NUMBER_OF_MIL_RATE_DIGITS",
				"type": "decimal",
				"precision": 38,
				"scale": 0
			},
			{
				"name": "BLENDED_MILL_RATE",
				"type": "varchar"
			}
		],
		"typeProperties": {
			"schema": {
				"value": "DataWarehouse_Staging",
				"type": "Expression"
			},
			"table": {
				"value": "Eagle_ENTITY",
				"type": "Expression"
			}
		}
	},
	"type": "Microsoft.DataFactory/factories/datasets"
}