{
	"name": "HTTP_SharePoint_Binary",
	"properties": {
		"linkedServiceName": {
			"referenceName": "HttpServer_SharePoint",
			"type": "LinkedServiceReference",
			"parameters": {
				"SharePoint_URL": {
					"value": "@dataset().SharePoint_URL",
					"type": "Expression"
				},
				"Document_Path": {
					"value": "@dataset().Document_Path",
					"type": "Expression"
				},
				"Document_Name": {
					"value": "@dataset().Document_Name",
					"type": "Expression"
				}
			}
		},
		"parameters": {
			"SharePoint_URL": {
				"type": "string"
			},
			"Document_Path": {
				"type": "string"
			},
			"Document_Name": {
				"type": "string"
			}
		},
		"folder": {
			"name": "Datawarehouse/SharePoint"
		},
		"annotations": [],
		"type": "Binary",
		"typeProperties": {
			"location": {
				"type": "HttpServerLocation"
			}
		}
	},
	"type": "Microsoft.DataFactory/factories/datasets"
}