{
	"name": "JobProcess",
	"properties": {
		"linkedServiceName": {
			"referenceName": "AzureSynapseDW",
			"type": "LinkedServiceReference"
		},
		"folder": {
			"name": "Datawarehouse/ControlTables"
		},
		"annotations": [],
		"type": "AzureSqlDWTable",
		"schema": [
			{
				"name": "Job_ID",
				"type": "int",
				"precision": 10
			},
			{
				"name": "Process_Name",
				"type": "varchar"
			},
			{
				"name": "Process_Status",
				"type": "varchar"
			},
			{
				"name": "Process_Start_DTS",
				"type": "datetime2",
				"scale": 7
			},
			{
				"name": "Process_End_DTS",
				"type": "datetime2",
				"scale": 7
			},
			{
				"name": "ExceptionMessage",
				"type": "nvarchar"
			}
		],
		"typeProperties": {
			"schema": {
				"value": "DataWarehouse_Staging",
				"type": "Expression"
			},
			"table": {
				"value": "Job_Process",
				"type": "Expression"
			}
		}
	},
	"type": "Microsoft.DataFactory/factories/datasets"
}