{
	"name": "KeyErrors",
	"properties": {
		"linkedServiceName": {
			"referenceName": "AzureSynapseDW",
			"type": "LinkedServiceReference"
		},
		"folder": {
			"name": "Datawarehouse/ControlTables"
		},
		"annotations": [],
		"type": "AzureSqlDWTable",
		"schema": [
			{
				"name": "Error_Desc",
				"type": "varchar"
			},
			{
				"name": "Source_System",
				"type": "varchar"
			},
			{
				"name": "Table",
				"type": "varchar"
			},
			{
				"name": "Query",
				"type": "varchar"
			},
			{
				"name": "Key",
				"type": "varchar"
			},
			{
				"name": "Dup_Count",
				"type": "int",
				"precision": 10
			},
			{
				"name": "Check_Date",
				"type": "datetime2",
				"scale": 7
			}
		],
		"typeProperties": {
			"schema": {
				"value": "DataWarehouse_DVRAW",
				"type": "Expression"
			},
			"table": {
				"value": "Key_Errors",
				"type": "Expression"
			}
		}
	},
	"type": "Microsoft.DataFactory/factories/datasets"
}