{
	"name": "Morgan_Stanley_SFTP_Dataset",
	"properties": {
		"linkedServiceName": {
			"referenceName": "SFTP_Morgan_Stanley",
			"type": "LinkedServiceReference"
		},
		"folder": {
			"name": "PMA/Morgan Stanley"
		},
		"annotations": [],
		"type": "DelimitedText",
		"typeProperties": {
			"location": {
				"type": "SftpLocation",
				"folderPath": "/download"
			},
			"columnDelimiter": ",",
			"escapeChar": "\\",
			"firstRowAsHeader": true,
			"quoteChar": "\""
		},
		"schema": [
			{
				"name": "AS_OF_DATE",
				"type": "String"
			},
			{
				"name": "IDENTIFIER",
				"type": "String"
			},
			{
				"name": "FLOMO",
				"type": "String"
			},
			{
				"name": "SRC_UPDATE_DATETIME",
				"type": "String"
			},
			{
				"name": "RUN_TIMESTAMP",
				"type": "String"
			}
		]
	},
	"type": "Microsoft.DataFactory/factories/datasets"
}