{
	"name": "OPB_positions_export",
	"properties": {
		"description": "Dataset for opb_positions_export.csv  - from source SFTP server",
		"linkedServiceName": {
			"referenceName": "Sftp1",
			"type": "LinkedServiceReference"
		},
		"folder": {
			"name": "IDP POC/Accenture"
		},
		"annotations": [],
		"type": "Binary",
		"typeProperties": {
			"location": {
				"type": "SftpLocation",
				"fileName": "opb_positions_export.csv",
				"folderPath": "/sftpuser1/TPV/opb_positions_export"
			}
		}
	},
	"type": "Microsoft.DataFactory/factories/datasets"
}