{
	"name": "OPBSAAAdjustedSpreadsheetBinary",
	"properties": {
		"description": "Dataset for OPB SAA Adjusted Excel Spreadsheet - from source SFTP server",
		"linkedServiceName": {
			"referenceName": "Sftp1",
			"type": "LinkedServiceReference"
		},
		"folder": {
			"name": "IDP POC/Accenture"
		},
		"annotations": [],
		"type": "Binary",
		"typeProperties": {
			"location": {
				"type": "SftpLocation",
				"fileName": "*IPS Asset Mix*xlsx",
				"folderPath": "/sftpuser1/TPV/WD3_OPB_SAA"
			}
		}
	},
	"type": "Microsoft.DataFactory/factories/datasets"
}