{
	"name": "PMADataRaw",
	"properties": {
		"linkedServiceName": {
			"referenceName": "AzureBlobStorage1",
			"type": "LinkedServiceReference"
		},
		"parameters": {
			"foldername": {
				"type": "string"
			},
			"env": {
				"type": "string"
			}
		},
		"folder": {
			"name": "PMA/Security Load"
		},
		"annotations": [],
		"type": "Binary",
		"typeProperties": {
			"location": {
				"type": "AzureBlobStorageLocation",
				"folderPath": {
					"value": "@concat('raw/pma/',dataset().foldername)",
					"type": "Expression"
				},
				"container": {
					"value": "@dataset().env",
					"type": "Expression"
				}
			}
		}
	},
	"type": "Microsoft.DataFactory/factories/datasets"
}