{
	"name": "Risk_Staging_File",
	"properties": {
		"linkedServiceName": {
			"referenceName": "AzureDataLakeStorage1",
			"type": "LinkedServiceReference"
		},
		"parameters": {
			"FileName": {
				"type": "string"
			},
			"Env": {
				"type": "string"
			}
		},
		"folder": {
			"name": "Datawarehouse"
		},
		"annotations": [],
		"type": "DelimitedText",
		"typeProperties": {
			"location": {
				"type": "AzureBlobFSLocation",
				"fileName": {
					"value": "@concat(dataset().FileName,'.txt')",
					"type": "Expression"
				},
				"folderPath": "staging/Risk",
				"fileSystem": {
					"value": "@dataset().Env",
					"type": "Expression"
				}
			},
			"columnDelimiter": ",",
			"escapeChar": "\"",
			"quoteChar": "\""
		},
		"schema": []
	},
	"type": "Microsoft.DataFactory/factories/datasets"
}