{
	"name": "SQL_Staging",
	"properties": {
		"linkedServiceName": {
			"referenceName": "SQServer_IMCO_2",
			"type": "LinkedServiceReference",
			"parameters": {
				"Database": {
					"value": "@dataset().DatabaseName",
					"type": "Expression"
				},
				"ServerName": "@dataset().ServerName",
				"UserName": "@dataset().UserName",
				"SecretName": "@dataset().SecretName"
			}
		},
		"parameters": {
			"DatabaseName": {
				"type": "string"
			},
			"ServerName": {
				"type": "string"
			},
			"UserName": {
				"type": "string"
			},
			"SecretName": {
				"type": "string"
			}
		},
		"folder": {
			"name": "Datawarehouse"
		},
		"annotations": [],
		"type": "SqlServerTable",
		"schema": []
	},
	"type": "Microsoft.DataFactory/factories/datasets"
}