{
	"name": "TPV_SFTPSourceDataset_File",
	"properties": {
		"description": "Dataset for getting a file from source SFTP server folder",
		"linkedServiceName": {
			"referenceName": "Sftp1",
			"type": "LinkedServiceReference"
		},
		"parameters": {
			"source_file_name": {
				"type": "string"
			},
			"file_folder": {
				"type": "string"
			}
		},
		"folder": {
			"name": "IDP POC/Accenture"
		},
		"annotations": [],
		"type": "Binary",
		"typeProperties": {
			"location": {
				"type": "SftpLocation",
				"fileName": {
					"value": "@dataset().source_file_name",
					"type": "Expression"
				},
				"folderPath": {
					"value": "@concat('sftpuser1/TPV/',dataset().file_folder)",
					"type": "Expression"
				}
			}
		}
	},
	"type": "Microsoft.DataFactory/factories/datasets"
}