{
	"name": "WSIBSAAAdjustedSpreadsheetBinary",
	"properties": {
		"description": "Dataset for WSIB SAA Adjusted Excel Spreadsheet - from source SFTP server",
		"linkedServiceName": {
			"referenceName": "Sftp1",
			"type": "LinkedServiceReference"
		},
		"folder": {
			"name": "IDP POC/Accenture"
		},
		"annotations": [],
		"type": "Binary",
		"typeProperties": {
			"location": {
				"type": "SftpLocation",
				"fileName": "Adjusted SAA FEB12020_WSIB.xlsx",
				"folderPath": "/sftpuser1/TPV"
			}
		}
	},
	"type": "Microsoft.DataFactory/factories/datasets"
}