{
	"$schema": "https://schema.management.azure.com/schemas/2015-01-01/deploymentParameters.json#",
	"contentVersion": "1.0.0.0",
	"parameters": {
		"factoryName": {
			"value": "imcnoimdmsadf01"
		},
		"AzureBlobStorage1_connectionString": {
			"value": ""
		},
		"AzureDataLakeStorage1_accountKey": {
			"value": ""
		},
		"AzureSynapseDW_connectionString": {
			"value": ""
		},
		"AzureSynapseDWAdmin_connectionString": {
			"value": ""
		},
		"IDPFunction_functionKey": {
			"value": ""
		},
		"Oracle_EagleIDW_connectionString": {
			"value": ""
		},
		"SQServer_IMCO_2_connectionString": {
			"value": ""
		},
		"Sftp1_password": {
			"value": ""
		},
		"SqlServer_Target_connectionString": {
			"value": ""
		},
		"AzureDataLakeStorage1_properties_typeProperties_url": {
			"value": "https://imcnoimdaiald01.dfs.core.windows.net"
		},
		"AzureKeyVault1_properties_typeProperties_baseUrl": {
			"value": "https://imcodevkv.vault.azure.net/"
		},
		"DeepMacro_properties_typeProperties_accessKeyId": {
			"value": "AKIAYMKVTFKELGE63Q74"
		},
		"HttpServer_SharePoint_properties_typeProperties_url": {
			"value": "@{concat(linkedService().SharePoint_URL,'/_api/web/GetFileByServerRelativeUrl(''', linkedService().Document_Path,linkedService().Document_Name,''')/$value')}"
		},
		"IDPFunction_properties_typeProperties_functionAppUrl": {
			"value": "https://imcnoimdmsfun01.azurewebsites.net"
		},
		"LS_Polybase_Staging_properties_typeProperties_serviceEndpoint": {
			"value": "https://imcnoimdaiald01.blob.core.windows.net"
		},
		"SFTP_Morgan_Stanley_properties_typeProperties_host": {
			"value": "sftp-wl.morganstanley.com"
		},
		"SFTP_Morgan_Stanley_properties_typeProperties_userName": {
			"value": "agliriaw"
		},
		"Sftp1_properties_typeProperties_host": {
			"value": "10.168.116.7"
		},
		"Sftp1_properties_typeProperties_userName": {
			"value": "sftpuser1"
		},
		"Azure Synapse Non-Prod DB Scaling down daily 9pm_properties_Azure_Synapse_DB_Scaling_Non_Prod_parameters_License_Type": {
			"value": "DW100C"
		},
		"Azure Synapse Non-Prod DB scaling up daily 9am_properties_Azure_Synapse_DB_Scaling_Non_Prod_parameters_License_Type": {
			"value": "DW500C"
		},
		"BUS_Transform_Client_Perct_Daily_10am_properties_Risk - DW_Load Business Transformation_parameters_Batch_Date": {
			"value": "1900-01-01"
		},
		"BUS_Transform_Client_Perct_Daily_10am_properties_Risk - DW_Load Business Transformation_parameters_Process_Name": {
			"value": "Client_Perct"
		},
		"BUS_Transform_Client_Perct_Daily_10am_properties_Risk - DW_Load Business Transformation_parameters_Load_Type": {
			"value": "DELTA_AUTO_TRIGGER"
		},
		"BUS_Transform_WSIB_Benchmark_Daily_10am_properties_Risk - DW_Load Business Transformation_parameters_Batch_Date": {
			"value": "1900-01-01"
		},
		"BUS_Transform_WSIB_Benchmark_Daily_10am_properties_Risk - DW_Load Business Transformation_parameters_Process_Name": {
			"value": "WSIB_Benchmark"
		},
		"BUS_Transform_WSIB_Benchmark_Daily_10am_properties_Risk - DW_Load Business Transformation_parameters_Load_Type": {
			"value": "DELTA_AUTO_TRIGGER"
		},
		"DailyTrigger_properties_WSIB HOLDINGS Pipeline_parameters_file_folder": {
			"value": "WSIB_HOLDINGS"
		},
		"DailyTrigger_properties_DAILY SAA Pipeline_parameters_file_folder": {
			"value": "DAILY_OPB_SAA"
		},
		"DailyTrigger_properties_OPB Positions Pipeline_parameters_file_folder": {
			"value": "OPB_POSITIONS"
		},
		"EDW_Eagle_Daily_properties_EDW Load - Main_parameters_Source_System": {
			"value": "PSA_Eagle"
		},
		"EDW_Eagle_Daily_properties_EDW Load - Main_parameters_Load_Type": {
			"value": "DELTA"
		},
		"EDW_Eagle_Daily_properties_EDW Load - Main_parameters_Batch_Date": {
			"value": "1900-01-01"
		},
		"EDW_IMCOManual_Daily_properties_EDW Load - Main_parameters_Source_System": {
			"value": "PSA_IMCOManual"
		},
		"EDW_IMCOManual_Daily_properties_EDW Load - Main_parameters_Load_Type": {
			"value": "DELTA"
		},
		"EDW_IMCOManual_Daily_properties_EDW Load - Main_parameters_Batch_Date": {
			"value": "1900-01-01"
		},
		"EDW_SharePoint_TPM_SAA_Daily_properties_EDW Load - Main_parameters_Source_System": {
			"value": "SharePoint_TPM_SAA"
		},
		"EDW_SharePoint_TPM_SAA_Daily_properties_EDW Load - Main_parameters_Load_Type": {
			"value": "DELTA"
		},
		"EDW_SharePoint_TPM_SAA_Daily_properties_EDW Load - Main_parameters_Batch_Date": {
			"value": "1900-01-01"
		},
		"EagleDailyRun_properties_Risk - DW_Main_parameters_SQLServer_Database": {
			"value": "Risk"
		},
		"EagleDailyRun_properties_Risk - DW_Main_parameters_Batch_Date": {
			"value": "1900-01-01"
		},
		"EagleDailyRun_properties_Risk - DW_Main_parameters_Source_System": {
			"value": "Eagle"
		},
		"EagleDailyRun_properties_Risk - DW_Main_parameters_Load_Type": {
			"value": "DELTA"
		},
		"Eagle_Daily_Sync_properties_Risk - DW_Main_parameters_SQLServer_Database": {
			"value": "Risk"
		},
		"Eagle_Daily_Sync_properties_Risk - DW_Main_parameters_Batch_Date": {
			"value": "1900-01-01"
		},
		"Eagle_Daily_Sync_properties_Risk - DW_Main_parameters_Source_System": {
			"value": "Eagle"
		},
		"Eagle_Daily_Sync_properties_Risk - DW_Main_parameters_Load_Type": {
			"value": "SYNC"
		},
		"IMCOManual_Daily_properties_Risk - DW_Main_parameters_SQLServer_Database": {
			"value": "IMCO_Manual"
		},
		"IMCOManual_Daily_properties_Risk - DW_Main_parameters_Batch_Date": {
			"value": "1900-01-01"
		},
		"IMCOManual_Daily_properties_Risk - DW_Main_parameters_Source_System": {
			"value": "IMCOManual"
		},
		"IMCOManual_Daily_properties_Risk - DW_Main_parameters_Load_Type": {
			"value": "DELTA"
		},
		"Monthly SAA_properties_BD1 SAA Pipeline_parameters_file_folder": {
			"value": "BD1_SAA"
		},
		"PMA_Daily_properties_GetDeepMacroDaily_parameters_num_of_days": {
			"value": "5"
		},
		"StateStreet_Daily_properties_Risk - DW_Main_parameters_SQLServer_Database": {
			"value": "Master_DM"
		},
		"StateStreet_Daily_properties_Risk - DW_Main_parameters_Batch_Date": {
			"value": "1900-01-01"
		},
		"StateStreet_Daily_properties_Risk - DW_Main_parameters_Source_System": {
			"value": "StateStreet"
		},
		"StateStreet_Daily_properties_Risk - DW_Main_parameters_Load_Type": {
			"value": "DELTA"
		},
		"WeeklySAA_properties_WD3 OPB SAA Pipeline_parameters_file_folder": {
			"value": "WD3_OPB_SAA"
		},
		"triggerTPVDriftingBM_properties_typeProperties_scope": {
			"value": "/subscriptions/fdeb04f6-576f-42ce-9ecc-6fd428df3a88/resourceGroups/INVINV106626/providers/Microsoft.Storage/storageAccounts/imcnoimdaiald01"
		},
		"dataFactory_properties_globalParameters_SSAS_Region_value": {
			"value": "canadacentral"
		},
		"dataFactory_properties_globalParameters_SSAS_Server_value": {
			"value": "imcnoimdmsanlys1"
		},
		"dataFactory_properties_globalParameters_SSAS_DatabaseName_value": {
			"value": "RiskDataMart"
		},
		"dataFactory_properties_globalParameters_Azure_Subscription_Id_value": {
			"value": "fdeb04f6-576f-42ce-9ecc-6fd428df3a88"
		},
		"dataFactory_properties_globalParameters_Azure_Resource_Group_value": {
			"value": "INVINV106626"
		},
		"dataFactory_properties_globalParameters_Mail_To_value": {
			"value": "Johnny.Lu@imcoinvest.com;Jason.Lee@imcoinvest.com;Francis.nguyenpham@imcoinvest.com"
		},
		"dataFactory_properties_globalParameters_Env_value": {
			"value": "dev"
		},
		"dataFactory_properties_globalParameters_Eagle_Initial_Load_Start_Date_value": {
			"value": "2021-01-01"
		},
		"dataFactory_properties_globalParameters_Azure_FunctionApp_URL_value": {
			"value": "https://imcnoimdmsfun02.azurewebsites.net"
		},
		"dataFactory_properties_globalParameters_Azure_Function_SendEmail_Key_value": {
			"value": "3zsIDR20vFRuAhooip/Rr0uQXNbKwSVe6uMiZwXv062hjkRyCdqSJA=="
		},
		"dataFactory_properties_globalParameters_Source_System_to_Refresh_SSAS_value": {
			"value": "BarraOne,StateStreet,RiskManual,Eagle"
		},
		"dataFactory_location": {
			"value": "canadacentral"
		}
	}
}