{
	"name": "Azure_SQL_Common",
	"properties": {
		"parameters": {
			"ServerName": {
				"type": "string"
			},
			"Database": {
				"type": "string"
			}
		},
		"annotations": [],
		"type": "AzureSqlDatabase",
		"typeProperties": {
			"connectionString": "Integrated Security=False;Encrypt=True;Connection Timeout=30;Data Source=@{linkedService().ServerName};Initial Catalog=@{linkedService().Database}"
		},
		"connectVia": {
			"referenceName": "adf-linkedruntime",
			"type": "IntegrationRuntimeReference"
		}
	},
	"type": "Microsoft.DataFactory/factories/linkedservices"
}