{
	"name": "AzureDatabricks1",
	"type": "Microsoft.DataFactory/factories/linkedservices",
	"properties": {
		"annotations": [],
		"type": "AzureDatabricks",
		"typeProperties": {
			"domain": "https://adb-4917901312281993.13.azuredatabricks.net",
			"authentication": "MSI",
			"workspaceResourceId": "/subscriptions/fdeb04f6-576f-42ce-9ecc-6fd428df3a88/resourceGroups/imcoinvtdev/providers/Microsoft.Databricks/workspaces/imcnoimdvmadw01",
			"existingClusterId": "0119-064830-c6o4xz00"
		},
		"connectVia": {
			"referenceName": "adf-linkedruntime",
			"type": "IntegrationRuntimeReference"
		}
	}
}