{
	"name": "LS_Polybase_Staging",
	"properties": {
		"annotations": [],
		"type": "AzureBlobStorage",
		"typeProperties": {
			"connectionString": "DefaultEndpointsProtocol=https;AccountName=imcnoimdiadls01;",
			"accountKey": {
				"type": "AzureKeyVaultSecret",
				"store": {
					"referenceName": "AzureKeyVault1",
					"type": "LinkedServiceReference"
				},
				"secretName": "StorageAccountKey"
			}
		},
		"connectVia": {
			"referenceName": "adf-linkedruntime",
			"type": "IntegrationRuntimeReference"
		}
	},
	"type": "Microsoft.DataFactory/factories/linkedservices"
}