{
	"name": "LS_SharePoint_List",
	"properties": {
		"parameters": {
			"SharePoint_URL": {
				"type": "string"
			},
			"SharePoint_Tenant": {
				"type": "string"
			},
			"SharePoint_Client_Id": {
				"type": "string"
			}
		},
		"annotations": [],
		"type": "SharePointOnlineList",
		"typeProperties": {
			"siteUrl": "@{linkedService().SharePoint_URL}",
			"tenantId": "@{linkedService().SharePoint_Tenant}",
			"servicePrincipalId": "@{linkedService().SharePoint_Client_Id}",
			"servicePrincipalKey": {
				"type": "AzureKeyVaultSecret",
				"store": {
					"referenceName": "AzureKeyVault1",
					"type": "LinkedServiceReference"
				},
				"secretName": "SP-ClientSecret-Raw"
			}
		}
	}
}