{
	"name": "Oracle_EagleIDW",
	"type": "Microsoft.DataFactory/factories/linkedservices",
	"properties": {
		"parameters": {
			"HostName": {
				"type": "string",
				"defaultValue": "172.31.118.254"
			},
			"Port_Number": {
				"type": "string",
				"defaultValue": "42511"
			},
			"Service_Name": {
				"type": "string",
				"defaultValue": "imcp003.eagleaccess.com"
			},
			"User_Name": {
				"type": "string",
				"defaultValue": "IMCO_IDW_SSIS"
			},
			"User_Password_Secret": {
				"type": "string",
				"defaultValue": "EagleIDWPassword"
			}
		},
		"annotations": [],
		"type": "Oracle",
		"typeProperties": {
			"connectionString": "host=@{linkedService().HostName};port=@{linkedService().Port_Number};serviceName=@{linkedService().Service_Name};user id=@{linkedService().User_Name}",
			"password": {
				"type": "AzureKeyVaultSecret",
				"store": {
					"referenceName": "AzureKeyVault1",
					"type": "LinkedServiceReference"
				},
				"secretName": {
					"value": "@linkedService().User_Password_Secret",
					"type": "Expression"
				}
			}
		},
		"connectVia": {
			"referenceName": "adf-linkedruntime",
			"type": "IntegrationRuntimeReference"
		}
	}
}
