{
	"name": "SFTP_Morgan_Stanley",
	"properties": {
		"annotations": [],
		"type": "Sftp",
		"typeProperties": {
			"host": "sftp-wl.morganstanley.com",
			"port": 22,
			"skipHostKeyValidation": true,
			"authenticationType": "Basic",
			"userName": "nibwywek",
			"password": {
				"type": "AzureKeyVaultSecret",
				"store": {
					"referenceName": "AzureKeyVault1",
					"type": "LinkedServiceReference"
				},
				"secretName": "SFTPMorganStanleyPassword"
			}
		},
		"connectVia": {
			"referenceName": "adf-linkedruntime",
			"type": "IntegrationRuntimeReference"
		}
	},
	"type": "Microsoft.DataFactory/factories/linkedservices"
}