{
	"name": "SFTPGeneric",
	"type": "Microsoft.DataFactory/factories/linkedservices",
	"properties": {
		"parameters": {
			"Host": {
				"type": "string"
			},
			"Username": {
				"type": "string"
			},
			"Secretname": {
				"type": "string"
			}
		},
		"annotations": [],
		"type": "Sftp",
		"typeProperties": {
			"host": "@{linkedService().Host}",
			"port": 22,
			"skipHostKeyValidation": true,
			"authenticationType": "Basic",
			"userName": "@{linkedService().Username}",
			"password": {
				"type": "AzureKeyVaultSecret",
				"store": {
					"referenceName": "AzureKeyVault1",
					"type": "LinkedServiceReference"
				},
				"secretName": {
					"value": "@linkedService().Secretname",
					"type": "Expression"
				}
			},
			"allowKeyboardInteractiveAuth": true
		},
		"connectVia": {
			"referenceName": "adf-linkedruntime",
			"type": "IntegrationRuntimeReference"
		}
	}
}