{
	"name": "SFTPGeneric_AutoResolve",
	"properties": {
		"parameters": {
			"Host": {
				"type": "String"
			},
			"Secretname": {
				"type": "String"
			},
			"Username": {
				"type": "String"
			}
		},
		"annotations": [],
		"type": "Sftp",
		"typeProperties": {
			"host": "@{linkedService().Host}",
			"port": 22,
			"skipHostKeyValidation": true,
			"authenticationType": "Basic",
			"userName": "@{linkedService().Username}",
			"password": {
				"type": "AzureKeyVaultSecret",
				"store": {
					"referenceName": "AzureKeyVault1",
					"type": "LinkedServiceReference"
				},
				"secretName": {
					"value": "@linkedService().Secretname",
					"type": "Expression"
				}
			},
			"allowKeyboardInteractiveAuth": true
		}
	},
	"type": "Microsoft.DataFactory/factories/linkedservices"
}