{
	"name": "SqlServer_Target",
	"type": "Microsoft.DataFactory/factories/linkedservices",
	"properties": {
		"parameters": {
			"Target_Database": {
				"type": "string"
			},
			"Schema_Name": {
				"type": "string"
			},
			"Table_Name": {
				"type": "string"
			}
		},
		"annotations": [],
		"type": "SqlServer",
		"typeProperties": {
			"connectionString": "Integrated Security=False;Data Source=172.16.50.9;Initial Catalog=@{linkedService().Target_Database};User ID=AzureDW_ETL_User",
			"password": {
				"type": "AzureKeyVaultSecret",
				"store": {
					"referenceName": "AzureKeyVault1",
					"type": "LinkedServiceReference"
				},
				"secretName": "SQLServerUserPassword"
			}
		},
		"connectVia": {
			"referenceName": "adf-linkedruntime",
			"type": "IntegrationRuntimeReference"
		}
	}
}