{
	"name": "SQServer_IMCO_2",
	"type": "Microsoft.DataFactory/factories/linkedservices",
	"properties": {
		"parameters": {
			"Database": {
				"type": "string"
			},
			"ServerName": {
				"type": "String"
			},
			"UserName": {
				"type": "String"
			},
			"SecretName": {
				"type": "String"
			}
		},
		"annotations": [],
		"type": "SqlServer",
		"typeProperties": {
			"connectionString": "Integrated Security=False;Data Source=@{linkedService().ServerName};Initial Catalog=@{linkedService().Database};User ID=@{linkedService().UserName}",
			"password": {
				"type": "AzureKeyVaultSecret",
				"store": {
					"referenceName": "AzureKeyVault1",
					"type": "LinkedServiceReference"
				},
				"secretName": {
					"value": "@{linkedService().SecretName}",
					"type": "Expression"
				}
			}
		},
		"connectVia": {
			"referenceName": "adf-linkedruntime",
			"type": "IntegrationRuntimeReference"
		}
	}
}