{
	"$schema": "http://schema.management.azure.com/schemas/2015-01-01/deploymentTemplate.json#",
	"contentVersion": "1.0.0.0",
	"parameters": {
		"factoryName": {
			"type": "string",
			"metadata": "Data Factory name",
			"defaultValue": "imcnoimdmsadf01"
		}
	},
	"variables": {
		"factoryId": "[concat('Microsoft.DataFactory/factories/', parameters('factoryName'))]"
	},
	"resources": [
		{
			"name": "[concat(parameters('factoryName'), '/Risk - DW Copy Risk DB to Stage - ADLS staging')]",
			"type": "Microsoft.DataFactory/factories/pipelines",
			"apiVersion": "2018-06-01",
			"properties": {
				"activities": [
					{
						"name": "Get Staging meta data",
						"type": "Lookup",
						"dependsOn": [],
						"policy": {
							"timeout": "7.00:00:00",
							"retry": 0,
							"retryIntervalInSeconds": 30,
							"secureOutput": false,
							"secureInput": false
						},
						"userProperties": [],
						"typeProperties": {
							"source": {
								"type": "SqlDWSource",
								"sqlReaderStoredProcedureName": "[[DataWarehouse_DVRAW].[Create_Stage_Setup]",
								"storedProcedureParameters": {
									"SourceSystem": {
										"type": "String",
										"value": {
											"value": "@pipeline().parameters.Source_System",
											"type": "Expression"
										}
									}
								},
								"queryTimeout": "02:00:00",
								"partitionOption": "None"
							},
							"dataset": {
								"referenceName": "Azure_DW",
								"type": "DatasetReference",
								"parameters": {
									"schema": "[[DataWarehouse_Staging]",
									"table": "Job_Run"
								}
							},
							"firstRowOnly": false
						}
					},
					{
						"name": "ForEach1",
						"type": "ForEach",
						"dependsOn": [
							{
								"activity": "Get Staging meta data",
								"dependencyConditions": [
									"Succeeded"
								]
							}
						],
						"userProperties": [],
						"typeProperties": {
							"items": {
								"value": "@activity('Get Staging meta data').output.value",
								"type": "Expression"
							},
							"isSequential": false,
							"batchCount": 3,
							"activities": [
								{
									"name": "Copy Staging",
									"type": "Copy",
									"dependsOn": [],
									"policy": {
										"timeout": "7.00:00:00",
										"retry": 0,
										"retryIntervalInSeconds": 30,
										"secureOutput": false,
										"secureInput": false
									},
									"userProperties": [],
									"typeProperties": {
										"source": {
											"type": "SqlServerSource",
											"sqlReaderStoredProcedureName": {
												"value": "@concat('DW_Out.',item().Source_SP_Name)",
												"type": "Expression"
											},
											"storedProcedureParameters": {
												"BatchDate": {
													"type": "DateTime",
													"value": {
														"value": "@pipeline().parameters.Batch_Date",
														"type": "Expression"
													}
												}
											},
											"queryTimeout": "02:00:00",
											"partitionOption": "None"
										},
										"sink": {
											"type": "SqlDWSink",
											"allowPolyBase": true,
											"polyBaseSettings": {
												"rejectValue": 0,
												"rejectType": "value",
												"useTypeDefault": false
											},
											"disableMetricsCollection": false
										},
										"enableStaging": true,
										"stagingSettings": {
											"linkedServiceName": {
												"referenceName": "LS_Polybase_Staging",
												"type": "LinkedServiceReference"
											},
											"path": {
												"value": "@concat(pipeline().globalParameters.Env,'/staging/Risk/Polybase_Auto')",
												"type": "Expression"
											},
											"enableCompression": false
										},
										"parallelCopies": 5
									},
									"inputs": [
										{
											"referenceName": "SQL_Staging",
											"type": "DatasetReference",
											"parameters": {
												"DatabaseName": {
													"value": "@pipeline().parameters.SQLServer_DatabaseName",
													"type": "Expression"
												}
											}
										}
									],
									"outputs": [
										{
											"referenceName": "Azure_DW",
											"type": "DatasetReference",
											"parameters": {
												"schema": {
													"value": "@item().target_schema",
													"type": "Expression"
												},
												"table": {
													"value": "@item().target_table",
													"type": "Expression"
												}
											}
										}
									]
								},
								{
									"name": "Get Current Job Status",
									"type": "Lookup",
									"dependsOn": [
										{
											"activity": "Copy Staging",
											"dependencyConditions": [
												"Failed"
											]
										}
									],
									"policy": {
										"timeout": "7.00:00:00",
										"retry": 0,
										"retryIntervalInSeconds": 30,
										"secureOutput": false,
										"secureInput": false
									},
									"userProperties": [],
									"typeProperties": {
										"source": {
											"type": "SqlDWSource",
											"sqlReaderQuery": {
												"value": "@concat('Select Job_Status as Job_Status \nfrom [DataWarehouse_Staging].[Job_Run]\nWhere Job_Id = ',pipeline().parameters.Job_ID)",
												"type": "Expression"
											},
											"queryTimeout": "02:00:00",
											"partitionOption": "None"
										},
										"dataset": {
											"referenceName": "Azure_DW",
											"type": "DatasetReference",
											"parameters": {
												"schema": "DataWarehouse_Staging",
												"table": "Job_Run"
											}
										}
									}
								},
								{
									"name": "Job not set to failed run stop job",
									"type": "IfCondition",
									"dependsOn": [
										{
											"activity": "Get Current Job Status",
											"dependencyConditions": [
												"Succeeded"
											]
										}
									],
									"userProperties": [],
									"typeProperties": {
										"expression": {
											"value": "@not(equals(activity('Get Current Job Status').output.firstRow.Job_Status, 'Failed'))",
											"type": "Expression"
										},
										"ifTrueActivities": [
											{
												"name": "Stop running job",
												"type": "ExecutePipeline",
												"dependsOn": [],
												"userProperties": [],
												"typeProperties": {
													"pipeline": {
														"referenceName": "Risk - Stop Current Job",
														"type": "PipelineReference"
													},
													"waitOnCompletion": true,
													"parameters": {
														"Failed_Activity_Name": {
															"value": "Copy Staging",
															"type": "Expression"
														},
														"Failure_Message": {
															"value": "@activity('Copy Staging').Error.Message",
															"type": "Expression"
														},
														"Pipeline_Job_Run_Id": {
															"value": "@pipeline().parameters.Parent_Run_ID",
															"type": "Expression"
														},
														"Pipeline_Name": {
															"value": "@pipeline().Pipeline",
															"type": "Expression"
														}
													}
												}
											},
											{
												"name": "Update Job Status Failed",
												"type": "SqlServerStoredProcedure",
												"dependsOn": [
													{
														"activity": "Stop running job",
														"dependencyConditions": [
															"Succeeded"
														]
													}
												],
												"policy": {
													"timeout": "7.00:00:00",
													"retry": 0,
													"retryIntervalInSeconds": 30,
													"secureOutput": false,
													"secureInput": false
												},
												"userProperties": [],
												"typeProperties": {
													"storedProcedureName": "[[DataWarehouse_DVRAW].[Update_Job_Status]",
													"storedProcedureParameters": {
														"Job_ID": {
															"value": {
																"value": "@pipeline().parameters.Job_ID",
																"type": "Expression"
															},
															"type": "Int32"
														},
														"Job_Status": {
															"value": "Failed",
															"type": "String"
														}
													}
												},
												"linkedServiceName": {
													"referenceName": "AzureSynapseDW",
													"type": "LinkedServiceReference"
												}
											}
										]
									}
								}
							]
						}
					}
				],
				"parameters": {
					"SQLServer_DatabaseName": {
						"type": "string"
					},
					"Batch_Date": {
						"type": "string"
					},
					"Parent_Run_ID": {
						"type": "string"
					},
					"Job_ID": {
						"type": "string"
					},
					"Source_System": {
						"type": "string"
					}
				},
				"variables": {
					"cancel_job_url": {
						"type": "String"
					},
					"email_subject": {
						"type": "String"
					},
					"email_body": {
						"type": "String"
					},
					"JobStopRequest": {
						"type": "String",
						"defaultValue": "0"
					}
				},
				"folder": {
					"name": "Datawarehouse"
				},
				"annotations": [],
				"lastPublishTime": "2020-12-09T15:19:14Z"
			},
			"dependsOn": [
				"[variables('factoryId')]"
			]
		}
	]
}