{
	"$schema": "http://schema.management.azure.com/schemas/2015-01-01/deploymentTemplate.json#",
	"contentVersion": "1.0.0.0",
	"parameters": {
		"factoryName": {
			"type": "string",
			"metadata": "Data Factory name",
			"defaultValue": "imcnoimdmsadf01"
		}
	},
	"variables": {
		"factoryId": "[concat('Microsoft.DataFactory/factories/', parameters('factoryName'))]"
	},
	"resources": [
		{
			"name": "[concat(parameters('factoryName'), '/OracleEagle')]",
			"type": "Microsoft.DataFactory/factories/linkedServices",
			"apiVersion": "2018-06-01",
			"properties": {
				"annotations": [],
				"type": "Oracle",
				"typeProperties": {
					"connectionString": {
						"type": "SecureString",
						"value": "**********"
					},
					"password": {
						"type": "AzureKeyVaultSecret",
						"store": {
							"referenceName": "AzureKeyVault1",
							"type": "LinkedServiceReference"
						},
						"secretName": "EagleIDWPassword"
					}
				},
				"connectVia": {
					"referenceName": "adf-linkedruntime",
					"type": "IntegrationRuntimeReference"
				}
			},
			"dependsOn": [
				"[variables('factoryId')]"
			]
		}
	]
}