{
	"$schema": "http://schema.management.azure.com/schemas/2015-01-01/deploymentTemplate.json#",
	"contentVersion": "1.0.0.0",
	"parameters": {
		"factoryName": {
			"type": "string",
			"metadata": "Data Factory name",
			"defaultValue": "imcnoimdmsadf01"
		}
	},
	"variables": {
		"factoryId": "[concat('Microsoft.DataFactory/factories/', parameters('factoryName'))]"
	},
	"resources": [
		{
			"name": "[concat(parameters('factoryName'), '/Risk - Send Email Notification')]",
			"type": "Microsoft.DataFactory/factories/pipelines",
			"apiVersion": "2018-06-01",
			"properties": {
				"activities": [
					{
						"name": "Set Email Subject",
						"type": "SetVariable",
						"dependsOn": [
							{
								"activity": "Set Email To",
								"dependencyConditions": [
									"Succeeded"
								]
							}
						],
						"userProperties": [],
						"typeProperties": {
							"variableName": "email_subject",
							"value": {
								"value": "@concat('[',pipeline().globalParameters.Env,'] - ',activity('Fetch email fields from DBOperation').output.firstRow.EmailSubject, if(equals(pipeline().parameters.Success_Failure_Flag,'F'),' - ',''),pipeline().parameters.Email_Subject_Addition)",
								"type": "Expression"
							}
						}
					},
					{
						"name": "Set Email Body",
						"type": "SetVariable",
						"dependsOn": [
							{
								"activity": "Set Email Subject",
								"dependencyConditions": [
									"Succeeded"
								]
							}
						],
						"userProperties": [],
						"typeProperties": {
							"variableName": "email_body",
							"value": {
								"value": "@concat('<p><strong>[',pipeline().globalParameters.Env,'] </strong></p>','<p>Timestamp: ',variables('email_time'),'</p>',activity('Fetch email fields from DBOperation').output.firstRow.EmailBody,'<p>',pipeline().parameters.Email_Body_Addition,'</p>')",
								"type": "Expression"
							}
						}
					},
					{
						"name": "Send Email Notification through LogicApp",
						"type": "WebActivity",
						"dependsOn": [
							{
								"activity": "Set Email Body",
								"dependencyConditions": [
									"Skipped"
								]
							}
						],
						"policy": {
							"timeout": "7.00:00:00",
							"retry": 0,
							"retryIntervalInSeconds": 30,
							"secureOutput": false,
							"secureInput": false
						},
						"userProperties": [],
						"typeProperties": {
							"url": "https://prod-25.canadacentral.logic.azure.com:443/workflows/de295f3b7b0c4d6c9d8778203f32b761/triggers/manual/paths/invoke?api-version=2016-10-01&sp=%2Ftriggers%2Fmanual%2Frun&sv=1.0&sig=wne6VPfyS5CFMqRSBahGTTnftuHmC9KSukiaZEJ5BOU",
							"method": "POST",
							"body": {
								"value": "@concat('{\"emailTo\": \"',pipeline().globalParameters.Mail_To,'\",\"emailSubject\": \"', variables('email_subject') ,'\",\"emailBody\": \"',variables('email_body'),'\"}')",
								"type": "Expression"
							}
						}
					},
					{
						"name": "Set Email timestamp",
						"type": "SetVariable",
						"dependsOn": [],
						"userProperties": [],
						"typeProperties": {
							"variableName": "email_time",
							"value": {
								"value": "@utcnow()",
								"type": "Expression"
							}
						}
					},
					{
						"name": "Send Email through SendGrid",
						"type": "WebActivity",
						"dependsOn": [
							{
								"activity": "Set Email Body",
								"dependencyConditions": [
									"Succeeded"
								]
							}
						],
						"policy": {
							"timeout": "7.00:00:00",
							"retry": 0,
							"retryIntervalInSeconds": 30,
							"secureOutput": false,
							"secureInput": false
						},
						"userProperties": [],
						"typeProperties": {
							"url": {
								"value": "@concat(pipeline().globalParameters.Azure_FunctionApp_URL,'/api/SendEmail?code=',pipeline().globalParameters.Azure_Function_SendEmail_Key)",
								"type": "Expression"
							},
							"method": "POST",
							"body": {
								"value": "@concat('{\"emailPriority\": \"',variables('email_priority'),'\",\"emailTo\": \"',variables('email_to'),'\",\"emailSubject\": \"', variables('email_subject') ,'\",\"emailBody\": \"',variables('email_body'),'\"}')",
								"type": "Expression"
							},
							"authentication": {
								"type": "MSI",
								"resource": "https://imcnoimdmsfun02.azurewebsites.net"
							}
						}
					},
					{
						"name": "Fetch email fields from DBOperation",
						"type": "Lookup",
						"dependsOn": [
							{
								"activity": "Set Email timestamp",
								"dependencyConditions": [
									"Succeeded"
								]
							}
						],
						"policy": {
							"timeout": "7.00:00:00",
							"retry": 0,
							"retryIntervalInSeconds": 30,
							"secureOutput": false,
							"secureInput": false
						},
						"userProperties": [],
						"typeProperties": {
							"source": {
								"type": "SqlServerSource",
								"sqlReaderQuery": {
									"value": "@concat('Select  string_agg(EmailAddress,'';'') as EmailAddress, \n\t\tmax(EmailSubject) EmailSubject, \n\t\tMax(EmailBody) EmailBody,\n\t\tmax(Priority) as Priority\nFrom [dbo].[vw_EmailSubscription]\nWhere PackageName = ''', pipeline().parameters.Process_Name,''' \nand SendEmail = ''',pipeline().parameters.Success_Failure_Flag,''' \nGroup By PackageName ')",
									"type": "Expression"
								},
								"queryTimeout": "02:00:00",
								"partitionOption": "None"
							},
							"dataset": {
								"referenceName": "SQL_Staging",
								"type": "DatasetReference",
								"parameters": {
									"DatabaseName": "DBOperations"
								}
							}
						}
					},
					{
						"name": "Set Email To",
						"type": "SetVariable",
						"dependsOn": [
							{
								"activity": "Set Email Priority",
								"dependencyConditions": [
									"Succeeded"
								]
							}
						],
						"userProperties": [],
						"typeProperties": {
							"variableName": "email_to",
							"value": {
								"value": "@activity('Fetch email fields from DBOperation').output.firstRow.EmailAddress",
								"type": "Expression"
							}
						}
					},
					{
						"name": "Set Email Priority",
						"type": "SetVariable",
						"dependsOn": [
							{
								"activity": "Fetch email fields from DBOperation",
								"dependencyConditions": [
									"Succeeded"
								]
							}
						],
						"userProperties": [],
						"typeProperties": {
							"variableName": "email_priority",
							"value": {
								"value": "@activity('Fetch email fields from DBOperation').output.firstRow.Priority",
								"type": "Expression"
							}
						}
					}
				],
				"parameters": {
					"Email_Subject_Addition": {
						"type": "string"
					},
					"Process_Name": {
						"type": "string",
						"defaultValue": "IDP_ADF_Risk"
					},
					"Email_Body_Addition": {
						"type": "string"
					},
					"Success_Failure_Flag": {
						"type": "string",
						"defaultValue": "S"
					}
				},
				"variables": {
					"email_subject": {
						"type": "String"
					},
					"email_body": {
						"type": "String"
					},
					"email_time": {
						"type": "String"
					},
					"email_to": {
						"type": "String"
					},
					"email_priority": {
						"type": "String"
					}
				},
				"folder": {
					"name": "Datawarehouse"
				},
				"annotations": [],
				"lastPublishTime": "2020-12-09T19:33:51Z"
			},
			"dependsOn": [
				"[variables('factoryId')]"
			]
		}
	]
}