{
	"$schema": "http://schema.management.azure.com/schemas/2015-01-01/deploymentTemplate.json#",
	"contentVersion": "1.0.0.0",
	"parameters": {
		"factoryName": {
			"type": "string",
			"metadata": "Data Factory name",
			"defaultValue": "imcnoimdmsadf01"
		}
	},
	"variables": {
		"factoryId": "[concat('Microsoft.DataFactory/factories/', parameters('factoryName'))]"
	},
	"resources": [
		{
			"name": "[concat(parameters('factoryName'), '/Azure_Synapse_DB_Scaling_Non_Prod')]",
			"type": "Microsoft.DataFactory/factories/pipelines",
			"apiVersion": "2018-06-01",
			"properties": {
				"activities": [
					{
						"name": "Check Env Non Prod",
						"type": "IfCondition",
						"dependsOn": [
							{
								"activity": "Wait for all job finish",
								"dependencyConditions": [
									"Succeeded"
								]
							}
						],
						"userProperties": [],
						"typeProperties": {
							"expression": {
								"value": "@or(equals(pipeline().globalParameters.Env,'dev'),equals(pipeline().globalParameters.Env,'uat'))",
								"type": "Expression"
							},
							"ifTrueActivities": [
								{
									"name": "Scaling Azure Synapse DB",
									"type": "Lookup",
									"dependsOn": [],
									"policy": {
										"timeout": "7.00:00:00",
										"retry": 0,
										"retryIntervalInSeconds": 30,
										"secureOutput": false,
										"secureInput": false
									},
									"userProperties": [],
									"typeProperties": {
										"source": {
											"type": "SqlDWSource",
											"sqlReaderQuery": {
												"value": "@concat('Begin    \n      Declare @sql nvarchar(255)\n      Select @sql = N''ALTER DATABASE ',if(equals(pipeline().globalParameters.Env,'dev'),'imcnoimdmssql01',if(equals(pipeline().globalParameters.Env,'uat'),'imcnoimdmssql02','')), ' MODIFY (SERVICE_OBJECTIVE = ''''',pipeline().parameters.License_Type,''''')''\n\tEXECUTE sp_executesql @sql\n\tWHILE\n\t(\n\t\tSELECT TOP 1 state_desc\n\t\tFROM sys.dm_operation_status\n\t\tWHERE\n\t\t\t1=1\n\t\t\tAND resource_type_desc = ''Database''\n\t\t\tAND major_resource_id = ''',if(equals(pipeline().globalParameters.Env,'dev'),'imcnoimdmssql01',if(equals(pipeline().globalParameters.Env,'uat'),'imcnoimdmssql02','')),'''\n\t\t\tAND operation = ''ALTER DATABASE''\n\t\tORDER BY\n\t\t\tstart_time DESC\n\t) = ''IN_PROGRESS''\n\tBEGIN\n\t\tWAITFOR DELAY  ''00:00:30'';\n\tEND\n\n\tSelect ''Scaling Completed'' as Status\n\nEnd\n')",
												"type": "Expression"
											},
											"queryTimeout": "02:00:00",
											"partitionOption": "None"
										},
										"dataset": {
											"referenceName": "AzureSynapseAdmin",
											"type": "DatasetReference"
										}
									}
								},
								{
									"name": "Send Failure Notification",
									"type": "ExecutePipeline",
									"dependsOn": [
										{
											"activity": "Scaling Azure Synapse DB",
											"dependencyConditions": [
												"Failed"
											]
										}
									],
									"userProperties": [],
									"typeProperties": {
										"pipeline": {
											"referenceName": "Risk - Send Email Notification",
											"type": "PipelineReference"
										},
										"waitOnCompletion": true,
										"parameters": {
											"Process_Name": "IDP_ADF_Azure_DB_Scaling",
											"Email_Body_Addition": {
												"value": "@concat('<p>Scaling action details:</p><p>Database Environment: ',pipeline().globalParameters.Env, '</p><p>Scaling type: ',pipeline().parameters.License_Type,'</p>')",
												"type": "Expression"
											},
											"Success_Failure_Flag": "F"
										}
									}
								}
							]
						}
					},
					{
						"name": "Set Initial Run",
						"type": "SetVariable",
						"dependsOn": [],
						"userProperties": [],
						"typeProperties": {
							"variableName": "Initial_Run",
							"value": "T"
						}
					},
					{
						"name": "Wait for all job finish",
						"type": "Until",
						"dependsOn": [
							{
								"activity": "Set Initial Run",
								"dependencyConditions": [
									"Succeeded"
								]
							}
						],
						"userProperties": [],
						"typeProperties": {
							"expression": {
								"value": "@equals(activity('Get in progress jobs').output.firstRow.Num_Of_Pending_Jobs,0)",
								"type": "Expression"
							},
							"activities": [
								{
									"name": "Wait if it not initial run",
									"type": "IfCondition",
									"dependsOn": [],
									"userProperties": [],
									"typeProperties": {
										"expression": {
											"value": "@equals(variables('Initial_Run'), 'F')",
											"type": "Expression"
										},
										"ifTrueActivities": [
											{
												"name": "Wait for 5 mins",
												"type": "Wait",
												"dependsOn": [],
												"userProperties": [],
												"typeProperties": {
													"waitTimeInSeconds": 300
												}
											}
										]
									}
								},
								{
									"name": "Get in progress jobs",
									"type": "Lookup",
									"dependsOn": [
										{
											"activity": "Wait if it not initial run",
											"dependencyConditions": [
												"Succeeded"
											]
										}
									],
									"policy": {
										"timeout": "7.00:00:00",
										"retry": 0,
										"retryIntervalInSeconds": 30,
										"secureOutput": false,
										"secureInput": false
									},
									"userProperties": [],
									"typeProperties": {
										"source": {
											"type": "SqlDWSource",
											"sqlReaderQuery": "Select count(Job_id) as Num_Of_Pending_Jobs\nFrom (\n\tSelect Job_Id \n\tFrom DataWarehouse_Staging.job_run\n\tWhere job_status in ('Not Started', 'In Progress') and load_type not in ('DELTA_AUTO_TRIGGER')\n\tUnion\n\tSelect ETL_Load_Key as Job_Id\n\tFrom EDW_ETL.ETL_Load\n\tWhere Load_Status = 'Started'\n) t",
											"queryTimeout": "02:00:00",
											"partitionOption": "None"
										},
										"dataset": {
											"referenceName": "Azure_DW",
											"type": "DatasetReference",
											"parameters": {
												"schema": "DataWarehouse_Staging",
												"table": "Job_Run"
											}
										}
									}
								},
								{
									"name": "Set to after first run",
									"type": "SetVariable",
									"dependsOn": [
										{
											"activity": "Get in progress jobs",
											"dependencyConditions": [
												"Succeeded"
											]
										}
									],
									"userProperties": [],
									"typeProperties": {
										"variableName": "Initial_Run",
										"value": "F"
									}
								}
							],
							"timeout": "7.00:00:00"
						}
					}
				],
				"parameters": {
					"License_Type": {
						"type": "string",
						"defaultValue": "DW500c"
					}
				},
				"variables": {
					"Initial_Run": {
						"type": "String",
						"defaultValue": "T"
					}
				},
				"folder": {
					"name": "Admin"
				},
				"annotations": []
			},
			"dependsOn": [
				"[variables('factoryId')]"
			]
		},
		{
			"name": "[concat(parameters('factoryName'), '/EDW PSA CDC Load')]",
			"type": "Microsoft.DataFactory/factories/pipelines",
			"apiVersion": "2018-06-01",
			"properties": {
				"activities": [
					{
						"name": "Get Staging tables no Partition",
						"type": "Lookup",
						"dependsOn": [
							{
								"activity": "Set load dts",
								"dependencyConditions": [
									"Succeeded"
								]
							}
						],
						"policy": {
							"timeout": "7.00:00:00",
							"retry": 0,
							"retryIntervalInSeconds": 30,
							"secureOutput": false,
							"secureInput": false
						},
						"userProperties": [],
						"typeProperties": {
							"source": {
								"type": "SqlDWSource",
								"sqlReaderStoredProcedureName": "[[PSA].[Create_Stage_Setup]",
								"storedProcedureParameters": {
									"Batch_Date_Input": {
										"type": "String",
										"value": {
											"value": "@variables('Load_Dts')",
											"type": "Expression"
										}
									},
									"Load_Type": {
										"type": "String",
										"value": {
											"value": "@pipeline().parameters.LoadType",
											"type": "Expression"
										}
									},
									"Source_System": {
										"type": "String",
										"value": {
											"value": "@pipeline().parameters.Source_System",
											"type": "Expression"
										}
									}
								},
								"queryTimeout": "02:00:00",
								"partitionOption": "None"
							},
							"dataset": {
								"referenceName": "Azure_DW",
								"type": "DatasetReference",
								"parameters": {
									"schema": "[[DataWarehouse_Staging]",
									"table": "Job_Run"
								}
							},
							"firstRowOnly": false
						}
					},
					{
						"name": "ForEach Non Partition Tables",
						"type": "ForEach",
						"dependsOn": [
							{
								"activity": "Get Staging tables no Partition",
								"dependencyConditions": [
									"Succeeded"
								]
							}
						],
						"userProperties": [],
						"typeProperties": {
							"items": {
								"value": "@activity('Get Staging tables no Partition').output.value",
								"type": "Expression"
							},
							"isSequential": false,
							"batchCount": 3,
							"activities": [
								{
									"name": "Update ETL Load Control",
									"type": "SqlServerStoredProcedure",
									"dependsOn": [
										{
											"activity": "IsDeleted",
											"dependencyConditions": [
												"Succeeded"
											]
										}
									],
									"policy": {
										"timeout": "7.00:00:00",
										"retry": 0,
										"retryIntervalInSeconds": 30,
										"secureOutput": false,
										"secureInput": false
									},
									"userProperties": [],
									"typeProperties": {
										"storedProcedureName": "[[EDW_ETL].[Update_ETL_Load_Control]",
										"storedProcedureParameters": {
											"Error_Massage": {
												"value": "",
												"type": "String"
											},
											"ETL_Load_Key": {
												"value": {
													"value": "@pipeline().parameters.ETL_LoadKey",
													"type": "Expression"
												},
												"type": "Int64"
											},
											"Load_Status": {
												"value": "Completed",
												"type": "String"
											},
											"Load_Table": {
												"value": {
													"value": "@concat(item().Target_Schema,'.', item().Target_Table)",
													"type": "Expression"
												},
												"type": "String"
											},
											"Rows_Expired": {
												"value": "0",
												"type": "Int32"
											},
											"Rows_Inserted": {
												"value": {
													"value": "@if(equals(item().Source_Query, 'Dynamic_Query'), -1, activity('Copy Staging_No_Partition').output.rowsCopied)",
													"type": "Expression"
												},
												"type": "Int32"
											},
											"Rows_Updated": {
												"value": "0",
												"type": "Int32"
											}
										}
									},
									"linkedServiceName": {
										"referenceName": "AzureSynapseDW",
										"type": "LinkedServiceReference"
									}
								},
								{
									"name": "Get Current Job Status",
									"type": "Lookup",
									"dependsOn": [
										{
											"activity": "check if source query is dynamic",
											"dependencyConditions": [
												"Failed"
											]
										}
									],
									"policy": {
										"timeout": "7.00:00:00",
										"retry": 0,
										"retryIntervalInSeconds": 30,
										"secureOutput": false,
										"secureInput": false
									},
									"userProperties": [],
									"typeProperties": {
										"source": {
											"type": "SqlDWSource",
											"sqlReaderQuery": {
												"value": "@concat('Select Load_Status as Job_Status \nfrom [EDW_ETL].[ETL_Load]\nWhere ETL_Load_Key = ',pipeline().parameters.ETL_LoadKey)",
												"type": "Expression"
											},
											"queryTimeout": "02:00:00",
											"partitionOption": "None"
										},
										"dataset": {
											"referenceName": "Azure_DW",
											"type": "DatasetReference",
											"parameters": {
												"schema": "DataWarehouse_Staging",
												"table": "Job_Run"
											}
										}
									}
								},
								{
									"name": "Job not set to failed run stop job",
									"type": "IfCondition",
									"dependsOn": [
										{
											"activity": "Get Current Job Status",
											"dependencyConditions": [
												"Succeeded"
											]
										}
									],
									"userProperties": [],
									"typeProperties": {
										"expression": {
											"value": "@not(equals(activity('Get Current Job Status').output.firstRow.Job_Status, 'Failed'))",
											"type": "Expression"
										},
										"ifTrueActivities": [
											{
												"name": "Stop running job",
												"type": "ExecutePipeline",
												"dependsOn": [
													{
														"activity": "Update Job Status Failed",
														"dependencyConditions": [
															"Succeeded"
														]
													}
												],
												"userProperties": [],
												"typeProperties": {
													"pipeline": {
														"referenceName": "Risk - Stop Current Job",
														"type": "PipelineReference"
													},
													"waitOnCompletion": true,
													"parameters": {
														"Failed_Activity_Name": {
															"value": "@concat('Copy PSA step in ETL Load (id: ',pipeline().parameters.ETL_LoadKey,') run for ',pipeline().parameters.Source_System)",
															"type": "Expression"
														},
														"Failure_Message": {
															"value": "@if(equals(item().Source_Query, 'Dynamic_Query'), activity('Load Target CDC').Error.Message, activity('Copy Staging_No_Partition').Error.Message)",
															"type": "Expression"
														},
														"Pipeline_Job_Run_Id": {
															"value": "@pipeline().parameters.Parent_Run_ID",
															"type": "Expression"
														},
														"Pipeline_Name": {
															"value": "@pipeline().Pipeline",
															"type": "Expression"
														},
														"Source_System": {
															"value": "@pipeline().parameters.Source_System",
															"type": "Expression"
														}
													}
												}
											},
											{
												"name": "Update Job Status Failed",
												"type": "SqlServerStoredProcedure",
												"dependsOn": [],
												"policy": {
													"timeout": "7.00:00:00",
													"retry": 0,
													"retryIntervalInSeconds": 30,
													"secureOutput": false,
													"secureInput": false
												},
												"userProperties": [],
												"typeProperties": {
													"storedProcedureName": "[[EDW_ETL].[Update_ETL_Load_Status]",
													"storedProcedureParameters": {
														"ETL_Load_Key": {
															"value": {
																"value": "@pipeline().parameters.ETL_LoadKey",
																"type": "Expression"
															},
															"type": "Int32"
														},
														"Status": {
															"value": "Failed",
															"type": "String"
														}
													}
												},
												"linkedServiceName": {
													"referenceName": "AzureSynapseDW",
													"type": "LinkedServiceReference"
												}
											}
										]
									}
								},
								{
									"name": "IsDeleted",
									"type": "SqlServerStoredProcedure",
									"dependsOn": [
										{
											"activity": "check if source query is dynamic",
											"dependencyConditions": [
												"Succeeded"
											]
										}
									],
									"policy": {
										"timeout": "7.00:00:00",
										"retry": 0,
										"retryIntervalInSeconds": 30,
										"secureOutput": false,
										"secureInput": false
									},
									"userProperties": [],
									"typeProperties": {
										"storedProcedureName": "[[PSA].[Update_IsDeleted_Records]",
										"storedProcedureParameters": {
											"Batch_Date": {
												"value": {
													"value": "@variables('Load_Dts')",
													"type": "Expression"
												},
												"type": "String"
											},
											"schema_name": {
												"value": {
													"value": "@item().Target_Schema",
													"type": "Expression"
												},
												"type": "String"
											},
											"source_schema_name": {
												"value": {
													"value": "@item().Source_Schema",
													"type": "Expression"
												},
												"type": "String"
											},
											"Source_table_name": {
												"value": {
													"value": "@item().Source_Table_Name",
													"type": "Expression"
												},
												"type": "String"
											},
											"table_name": {
												"value": {
													"value": "@item().Target_Table",
													"type": "Expression"
												},
												"type": "String"
											},
											"ETL_Load_Key": {
												"value": {
													"value": "@pipeline().parameters.ETL_LoadKey",
													"type": "Expression"
												},
												"type": "String"
											}
										}
									},
									"linkedServiceName": {
										"referenceName": "AzureSynapseDW",
										"type": "LinkedServiceReference"
									}
								},
								{
									"name": "check if source query is dynamic",
									"type": "IfCondition",
									"dependsOn": [],
									"userProperties": [],
									"typeProperties": {
										"expression": {
											"value": "@equals(item().Source_Query,'Dynamic_Query')",
											"type": "Expression"
										},
										"ifFalseActivities": [
											{
												"name": "Copy Staging_No_Partition",
												"type": "Copy",
												"dependsOn": [],
												"policy": {
													"timeout": "7.00:00:00",
													"retry": 0,
													"retryIntervalInSeconds": 30,
													"secureOutput": false,
													"secureInput": false
												},
												"userProperties": [
													{
														"name": "Destination",
														"value": "@{item().target_table}"
													}
												],
												"typeProperties": {
													"source": {
														"type": "SqlDWSource",
														"sqlReaderQuery": {
															"value": "@item().Source_Query",
															"type": "Expression"
														},
														"queryTimeout": "02:00:00",
														"partitionOption": "None"
													},
													"sink": {
														"type": "SqlDWSink",
														"allowPolyBase": true,
														"polyBaseSettings": {
															"rejectValue": 0,
															"rejectType": "value",
															"useTypeDefault": false
														},
														"disableMetricsCollection": false
													},
													"enableStaging": true,
													"stagingSettings": {
														"linkedServiceName": {
															"referenceName": "LS_Polybase_Staging",
															"type": "LinkedServiceReference"
														},
														"path": {
															"value": "@concat(pipeline().globalParameters.Env,'/staging/Risk/Polybase_Auto')",
															"type": "Expression"
														},
														"enableCompression": false
													},
													"parallelCopies": 5
												},
												"inputs": [
													{
														"referenceName": "Azure_DW",
														"type": "DatasetReference",
														"parameters": {
															"schema": {
																"value": "PSA",
																"type": "Expression"
															},
															"table": {
																"value": "@item().Target_Table",
																"type": "Expression"
															}
														}
													}
												],
												"outputs": [
													{
														"referenceName": "Azure_DW",
														"type": "DatasetReference",
														"parameters": {
															"schema": {
																"value": "@item().Target_Schema",
																"type": "Expression"
															},
															"table": {
																"value": "@item().Target_Table",
																"type": "Expression"
															}
														}
													}
												]
											}
										],
										"ifTrueActivities": [
											{
												"name": "Load Target CDC",
												"type": "SqlServerStoredProcedure",
												"dependsOn": [],
												"policy": {
													"timeout": "7.00:00:00",
													"retry": 0,
													"retryIntervalInSeconds": 30,
													"secureOutput": false,
													"secureInput": false
												},
												"userProperties": [],
												"typeProperties": {
													"storedProcedureName": "[[PSA].[Update_CDC_Records]",
													"storedProcedureParameters": {
														"Batch_Date": {
															"value": {
																"value": "@variables('Load_Dts')",
																"type": "Expression"
															},
															"type": "String"
														},
														"schema_name": {
															"value": {
																"value": "@item().Target_Schema",
																"type": "Expression"
															},
															"type": "String"
														},
														"source_schema_name": {
															"value": {
																"value": "@item().Source_Schema",
																"type": "Expression"
															},
															"type": "String"
														},
														"Source_table_name": {
															"value": {
																"value": "@item().Source_Table_Name",
																"type": "Expression"
															},
															"type": "String"
														},
														"table_name": {
															"value": {
																"value": "@item().Target_Table",
																"type": "Expression"
															},
															"type": "String"
														},
														"ETL_Load_Key": {
															"value": {
																"value": "@pipeline().parameters.ETL_LoadKey",
																"type": "Expression"
															},
															"type": "String"
														}
													}
												},
												"linkedServiceName": {
													"referenceName": "AzureSynapseDW",
													"type": "LinkedServiceReference"
												}
											}
										]
									}
								}
							]
						}
					},
					{
						"name": "Set load dts",
						"type": "SetVariable",
						"dependsOn": [],
						"userProperties": [],
						"typeProperties": {
							"variableName": "Load_Dts",
							"value": {
								"value": "@formatDateTime(convertTimeZone(utcnow(),'UTC','Eastern Standard Time'),'yyyy-MM-dd HH:mm:ss.fffffff')",
								"type": "Expression"
							}
						}
					}
				],
				"parameters": {
					"Source_System": {
						"type": "string",
						"defaultValue": "PSA_Eagle"
					},
					"LoadType": {
						"type": "string",
						"defaultValue": "Delta"
					},
					"ETL_LoadKey": {
						"type": "string"
					},
					"Parent_Run_ID": {
						"type": "string"
					}
				},
				"variables": {
					"cancel_job_url": {
						"type": "String"
					},
					"email_subject": {
						"type": "String"
					},
					"email_body": {
						"type": "String"
					},
					"Load_Dts": {
						"type": "String"
					}
				},
				"folder": {
					"name": "Datawarehouse"
				},
				"annotations": [],
				"lastPublishTime": "2020-12-09T15:19:14Z"
			},
			"dependsOn": [
				"[variables('factoryId')]"
			]
		},
		{
			"name": "[concat(parameters('factoryName'), '/BUS_Transform_Client_Perct_Daily_10am')]",
			"type": "Microsoft.DataFactory/factories/triggers",
			"apiVersion": "2018-06-01",
			"properties": {
				"annotations": [],
				"runtimeState": "Started",
				"pipelines": [
					{
						"pipelineReference": {
							"referenceName": "Risk - DW_Load Business Transformation",
							"type": "PipelineReference"
						},
						"parameters": {
							"Batch_Date": "1900-01-01",
							"Process_Name": "Client_Perct",
							"Load_Type": "DELTA_AUTO_TRIGGER"
						}
					}
				],
				"type": "ScheduleTrigger",
				"typeProperties": {
					"recurrence": {
						"frequency": "Week",
						"interval": 1,
						"startTime": "2021-07-14T19:47:00",
						"timeZone": "Eastern Standard Time",
						"schedule": {
							"minutes": [
								0
							],
							"hours": [
								10
							],
							"weekDays": [
								"Monday",
								"Tuesday",
								"Wednesday",
								"Thursday",
								"Friday"
							]
						}
					}
				}
			},
			"dependsOn": [
				"[variables('factoryId')]"
			]
		},
		{
			"name": "[concat(parameters('factoryName'), '/BUS_Transform_WSIB_Benchmark_Daily_10am')]",
			"type": "Microsoft.DataFactory/factories/triggers",
			"apiVersion": "2018-06-01",
			"properties": {
				"annotations": [],
				"runtimeState": "Started",
				"pipelines": [
					{
						"pipelineReference": {
							"referenceName": "Risk - DW_Load Business Transformation",
							"type": "PipelineReference"
						},
						"parameters": {
							"Batch_Date": "1900-01-01",
							"Process_Name": "WSIB_Benchmark",
							"Load_Type": "DELTA_AUTO_TRIGGER"
						}
					}
				],
				"type": "ScheduleTrigger",
				"typeProperties": {
					"recurrence": {
						"frequency": "Week",
						"interval": 1,
						"startTime": "2021-07-14T19:49:00",
						"timeZone": "Eastern Standard Time",
						"schedule": {
							"minutes": [
								0
							],
							"hours": [
								10
							],
							"weekDays": [
								"Monday",
								"Tuesday",
								"Wednesday",
								"Thursday",
								"Friday"
							]
						}
					}
				}
			},
			"dependsOn": [
				"[variables('factoryId')]"
			]
		}
	]
}