{
	"$schema": "http://schema.management.azure.com/schemas/2015-01-01/deploymentTemplate.json#",
	"contentVersion": "1.0.0.0",
	"parameters": {
		"factoryName": {
			"type": "string",
			"metadata": "Data Factory name",
			"defaultValue": "imcnoimdmsadf01"
		}
	},
	"variables": {
		"factoryId": "[concat('Microsoft.DataFactory/factories/', parameters('factoryName'))]"
	},
	"resources": [
		{
			"name": "[concat(parameters('factoryName'), '/EDW PSA Out')]",
			"type": "Microsoft.DataFactory/factories/pipelines",
			"apiVersion": "2018-06-01",
			"properties": {
				"activities": [
					{
						"name": "Get Staging tables no Partition",
						"type": "Lookup",
						"dependsOn": [],
						"policy": {
							"timeout": "7.00:00:00",
							"retry": 0,
							"retryIntervalInSeconds": 30,
							"secureOutput": false,
							"secureInput": false
						},
						"userProperties": [],
						"typeProperties": {
							"source": {
								"type": "SqlDWSource",
								"sqlReaderStoredProcedureName": "[[PSA].[Create_Stage_Setup]",
								"storedProcedureParameters": {
									"Batch_Date_Input": {
										"type": "String",
										"value": {
											"value": "@pipeline().parameters.Batch_Date",
											"type": "Expression"
										}
									},
									"Load_Type": {
										"type": "String",
										"value": {
											"value": "@pipeline().parameters.LoadType",
											"type": "Expression"
										}
									},
									"Source_System": {
										"type": "String",
										"value": {
											"value": "@pipeline().parameters.Source_System",
											"type": "Expression"
										}
									}
								},
								"queryTimeout": "02:00:00",
								"partitionOption": "None"
							},
							"dataset": {
								"referenceName": "Azure_DW",
								"type": "DatasetReference",
								"parameters": {
									"schema": "[[DataWarehouse_Staging]",
									"table": "Job_Run"
								}
							},
							"firstRowOnly": false
						}
					},
					{
						"name": "ForEach Non Partition Tables",
						"type": "ForEach",
						"dependsOn": [
							{
								"activity": "Get Staging tables no Partition",
								"dependencyConditions": [
									"Succeeded"
								]
							}
						],
						"userProperties": [],
						"typeProperties": {
							"items": {
								"value": "@activity('Get Staging tables no Partition').output.value",
								"type": "Expression"
							},
							"isSequential": false,
							"batchCount": 3,
							"activities": [
								{
									"name": "Copy Staging_No_Partition",
									"type": "Copy",
									"dependsOn": [],
									"policy": {
										"timeout": "7.00:00:00",
										"retry": 0,
										"retryIntervalInSeconds": 30,
										"secureOutput": false,
										"secureInput": false
									},
									"userProperties": [
										{
											"name": "Destination",
											"value": "@{item().target_table}"
										}
									],
									"typeProperties": {
										"source": {
											"type": "SqlDWSource",
											"sqlReaderQuery": {
												"value": "@replace(item().Source_Query,'dbo','PSA')",
												"type": "Expression"
											},
											"queryTimeout": "02:00:00",
											"partitionOption": "None"
										},
										"sink": {
											"type": "SqlServerSink"
										},
										"enableStaging": true,
										"stagingSettings": {
											"linkedServiceName": {
												"referenceName": "LS_Polybase_Staging",
												"type": "LinkedServiceReference"
											},
											"path": {
												"value": "@concat(pipeline().globalParameters.Env,'/staging/Risk/Polybase_Auto')",
												"type": "Expression"
											},
											"enableCompression": false
										},
										"parallelCopies": 5
									},
									"inputs": [
										{
											"referenceName": "Azure_DW",
											"type": "DatasetReference",
											"parameters": {
												"schema": {
													"value": "@item().Target_Schema",
													"type": "Expression"
												},
												"table": {
													"value": "@item().Target_Table",
													"type": "Expression"
												}
											}
										}
									],
									"outputs": [
										{
											"referenceName": "SQL_Target",
											"type": "DatasetReference",
											"parameters": {
												"DatabaseName": {
													"value": "@pipeline().parameters.Source_Database",
													"type": "Expression"
												},
												"Target_Table": {
													"value": "@item().Source_Table_Name",
													"type": "Expression"
												},
												"Target_Schema": "dbo"
											}
										}
									]
								},
								{
									"name": "Update ETL Load Control",
									"type": "SqlServerStoredProcedure",
									"dependsOn": [
										{
											"activity": "Copy Staging_No_Partition",
											"dependencyConditions": [
												"Succeeded"
											]
										}
									],
									"policy": {
										"timeout": "7.00:00:00",
										"retry": 0,
										"retryIntervalInSeconds": 30,
										"secureOutput": false,
										"secureInput": false
									},
									"userProperties": [],
									"typeProperties": {
										"storedProcedureName": "[[EDW_ETL].[Update_ETL_Load_Control]",
										"storedProcedureParameters": {
											"Error_Massage": {
												"value": "",
												"type": "String"
											},
											"ETL_Load_Key": {
												"value": {
													"value": "@pipeline().parameters.ETL_LoadKey",
													"type": "Expression"
												},
												"type": "Int64"
											},
											"Load_Status": {
												"value": "Completed",
												"type": "String"
											},
											"Load_Table": {
												"value": {
													"value": "@concat(item().Target_Schema,'.', item().Target_Table)",
													"type": "Expression"
												},
												"type": "String"
											},
											"Rows_Expired": {
												"value": "0",
												"type": "Int32"
											},
											"Rows_Inserted": {
												"value": {
													"value": "@activity('Copy Staging_No_Partition').output.rowsCopied",
													"type": "Expression"
												},
												"type": "Int32"
											},
											"Rows_Updated": {
												"value": "0",
												"type": "Int32"
											}
										}
									},
									"linkedServiceName": {
										"referenceName": "AzureSynapseDW",
										"type": "LinkedServiceReference"
									}
								}
							]
						}
					}
				],
				"parameters": {
					"Batch_Date": {
						"type": "string"
					},
					"Source_System": {
						"type": "string",
						"defaultValue": "PSA_BarraOne"
					},
					"Source_Database": {
						"type": "string",
						"defaultValue": "Risk"
					},
					"LoadType": {
						"type": "string",
						"defaultValue": "Delta"
					},
					"ETL_LoadKey": {
						"type": "string"
					}
				},
				"variables": {
					"cancel_job_url": {
						"type": "String"
					},
					"email_subject": {
						"type": "String"
					},
					"email_body": {
						"type": "String"
					},
					"start_time": {
						"type": "String"
					}
				},
				"folder": {
					"name": "Datawarehouse"
				},
				"annotations": [],
				"lastPublishTime": "2020-12-09T15:19:14Z"
			},
			"dependsOn": [
				"[variables('factoryId')]",
				"[concat(variables('factoryId'), '/datasets/SQL_Target')]"
			]
		},
		{
			"name": "[concat(parameters('factoryName'), '/Risk - DW_Main')]",
			"type": "Microsoft.DataFactory/factories/pipelines",
			"apiVersion": "2018-06-01",
			"properties": {
				"activities": [
					{
						"name": "Reset jobs staging tables",
						"type": "SqlServerStoredProcedure",
						"dependsOn": [],
						"policy": {
							"timeout": "7.00:00:00",
							"retry": 0,
							"retryIntervalInSeconds": 30,
							"secureOutput": false,
							"secureInput": false
						},
						"userProperties": [],
						"typeProperties": {
							"storedProcedureName": "[[DataWarehouse_DVRAW].[Delete_Job_Run_Source]",
							"storedProcedureParameters": {
								"Source_System": {
									"value": {
										"value": "@pipeline().parameters.Source_System",
										"type": "Expression"
									},
									"type": "String"
								}
							}
						},
						"linkedServiceName": {
							"referenceName": "AzureSynapseDW",
							"type": "LinkedServiceReference"
						}
					},
					{
						"name": "Lookup Dates",
						"type": "Lookup",
						"dependsOn": [
							{
								"activity": "If BatchDate Provided from Parameter",
								"dependencyConditions": [
									"Succeeded"
								]
							}
						],
						"policy": {
							"timeout": "7.00:00:00",
							"retry": 0,
							"retryIntervalInSeconds": 30,
							"secureOutput": false,
							"secureInput": false
						},
						"userProperties": [],
						"typeProperties": {
							"source": {
								"type": "SqlDWSource",
								"sqlReaderQuery": {
									"value": "@concat('SELECT [Job_ID]\n      ,[Load_DTS]\n      ,replace(convert(varchar, [Batch_Date],102),''.'',''-'') as [Batch_Date]\n      ,[Job_Status]\n  FROM [DataWarehouse_Staging].[Job_Run]\n  where [Job_Status] = ''Not Started''\n  and [Job_Run] = ''', pipeline().parameters.Source_System, ''' Order by Batch_Date asc')",
									"type": "Expression"
								},
								"queryTimeout": "02:00:00",
								"partitionOption": "None"
							},
							"dataset": {
								"referenceName": "Azure_DW",
								"type": "DatasetReference",
								"parameters": {
									"schema": "[[DataWarehouse_Staging]",
									"table": "[[Job_Run]"
								}
							},
							"firstRowOnly": false
						}
					},
					{
						"name": "ForEach - Date Execute ETL",
						"type": "ForEach",
						"dependsOn": [
							{
								"activity": "Lookup Dates",
								"dependencyConditions": [
									"Succeeded"
								]
							}
						],
						"userProperties": [],
						"typeProperties": {
							"items": {
								"value": "@activity('Lookup Dates').output.value",
								"type": "Expression"
							},
							"isSequential": true,
							"activities": [
								{
									"name": "Create Job Run Process",
									"type": "SqlServerStoredProcedure",
									"dependsOn": [
										{
											"activity": "truncate staging",
											"dependencyConditions": [
												"Succeeded"
											]
										}
									],
									"policy": {
										"timeout": "7.00:00:00",
										"retry": 0,
										"retryIntervalInSeconds": 30,
										"secureOutput": false,
										"secureInput": false
									},
									"userProperties": [],
									"typeProperties": {
										"storedProcedureName": "[[DataWarehouse_DVRAW].[Create_Job_Run_Process]",
										"storedProcedureParameters": {
											"Job_ID": {
												"value": {
													"value": "@item().Job_ID",
													"type": "Expression"
												},
												"type": "Int32"
											},
											"Source_System": {
												"value": {
													"value": "@pipeline().parameters.Source_System",
													"type": "Expression"
												},
												"type": "String"
											}
										}
									},
									"linkedServiceName": {
										"referenceName": "AzureSynapseDW",
										"type": "LinkedServiceReference"
									}
								},
								{
									"name": "truncate staging",
									"type": "SqlServerStoredProcedure",
									"dependsOn": [],
									"policy": {
										"timeout": "7.00:00:00",
										"retry": 0,
										"retryIntervalInSeconds": 30,
										"secureOutput": false,
										"secureInput": false
									},
									"userProperties": [],
									"typeProperties": {
										"storedProcedureName": "[[DataWarehouse_DVRAW].[Truncate_Staging]",
										"storedProcedureParameters": {
											"SourceSystem": {
												"value": {
													"value": "@pipeline().parameters.Source_System",
													"type": "Expression"
												},
												"type": "String"
											}
										}
									},
									"linkedServiceName": {
										"referenceName": "AzureSynapseDW",
										"type": "LinkedServiceReference"
									}
								},
								{
									"name": "SP DF forloop",
									"type": "ExecutePipeline",
									"dependsOn": [
										{
											"activity": "Risk - DW Create Raw Temp Storage",
											"dependencyConditions": [
												"Succeeded"
											]
										}
									],
									"userProperties": [],
									"typeProperties": {
										"pipeline": {
											"referenceName": "Risk - DW_Call SP ADF",
											"type": "PipelineReference"
										},
										"waitOnCompletion": true,
										"parameters": {
											"Batch_DTS": {
												"value": "@item().Load_DTS",
												"type": "Expression"
											},
											"Job_ID": {
												"value": "@item().Job_ID",
												"type": "Expression"
											},
											"Parent_Run_ID": {
												"value": "@pipeline().RunId",
												"type": "Expression"
											},
											"Source_System": {
												"value": "@pipeline().parameters.Source_System",
												"type": "Expression"
											}
										}
									}
								},
								{
									"name": "Update Job Status",
									"type": "SqlServerStoredProcedure",
									"dependsOn": [
										{
											"activity": "Create Job Run Process",
											"dependencyConditions": [
												"Succeeded"
											]
										}
									],
									"policy": {
										"timeout": "7.00:00:00",
										"retry": 0,
										"retryIntervalInSeconds": 30,
										"secureOutput": false,
										"secureInput": false
									},
									"userProperties": [],
									"typeProperties": {
										"storedProcedureName": "[[DataWarehouse_DVRAW].[Update_Job_Status]",
										"storedProcedureParameters": {
											"Job_ID": {
												"value": {
													"value": "@item().Job_ID",
													"type": "Expression"
												},
												"type": "Int32"
											},
											"Job_Status": {
												"value": "In Progress",
												"type": "String"
											}
										}
									},
									"linkedServiceName": {
										"referenceName": "AzureSynapseDW",
										"type": "LinkedServiceReference"
									}
								},
								{
									"name": "Risk - DW_Call SP Bus Vault",
									"type": "ExecutePipeline",
									"dependsOn": [
										{
											"activity": "Risk - Check_Duplicate",
											"dependencyConditions": [
												"Succeeded"
											]
										}
									],
									"userProperties": [],
									"typeProperties": {
										"pipeline": {
											"referenceName": "Risk - DW_Call SP Bus Vault",
											"type": "PipelineReference"
										},
										"waitOnCompletion": true,
										"parameters": {
											"Parent_Run_ID": {
												"value": "@pipeline().RunId",
												"type": "Expression"
											},
											"Job_ID": {
												"value": "@item().Job_ID",
												"type": "Expression"
											},
											"Source_System": {
												"value": "@pipeline().parameters.Source_System",
												"type": "Expression"
											},
											"Batch_DTS": {
												"value": "@item().Load_DTS",
												"type": "Expression"
											}
										}
									}
								},
								{
									"name": "Risk - Check_Duplicate",
									"type": "ExecutePipeline",
									"dependsOn": [
										{
											"activity": "Drop temp tables",
											"dependencyConditions": [
												"Succeeded"
											]
										}
									],
									"userProperties": [],
									"typeProperties": {
										"pipeline": {
											"referenceName": "Risk - Check_Duplicate",
											"type": "PipelineReference"
										},
										"waitOnCompletion": true,
										"parameters": {
											"LoadDTS": {
												"value": "@item().Load_DTS",
												"type": "Expression"
											},
											"Parent_Run_ID": {
												"value": "@pipeline().RunId",
												"type": "Expression"
											},
											"Job_ID": {
												"value": "@item().Job_ID",
												"type": "Expression"
											},
											"Source_System": {
												"value": "@pipeline().parameters.Source_System",
												"type": "Expression"
											}
										}
									}
								},
								{
									"name": "Update Job to Completed",
									"type": "SqlServerStoredProcedure",
									"dependsOn": [
										{
											"activity": "Risk - DW_Call SP Bus Vault",
											"dependencyConditions": [
												"Succeeded"
											]
										}
									],
									"policy": {
										"timeout": "7.00:00:00",
										"retry": 0,
										"retryIntervalInSeconds": 30,
										"secureOutput": false,
										"secureInput": false
									},
									"userProperties": [],
									"typeProperties": {
										"storedProcedureName": "[[DataWarehouse_DVRAW].[Update_Job_Status]",
										"storedProcedureParameters": {
											"Job_ID": {
												"value": {
													"value": "@item().Job_ID",
													"type": "Expression"
												},
												"type": "Int32"
											},
											"Job_Status": {
												"value": "Success",
												"type": "String"
											}
										}
									},
									"linkedServiceName": {
										"referenceName": "AzureSynapseDW",
										"type": "LinkedServiceReference"
									}
								},
								{
									"name": "Risk - DW Create Raw Temp Storage",
									"type": "ExecutePipeline",
									"dependsOn": [
										{
											"activity": "Check if Source system is Override",
											"dependencyConditions": [
												"Succeeded"
											]
										}
									],
									"userProperties": [],
									"typeProperties": {
										"pipeline": {
											"referenceName": "Risk - DW Create Raw Temp Storage",
											"type": "PipelineReference"
										},
										"waitOnCompletion": true,
										"parameters": {
											"Job_ID": {
												"value": "@item().Job_ID",
												"type": "Expression"
											},
											"Parent_Run_ID": {
												"value": "@pipeline().RunId",
												"type": "Expression"
											},
											"Source_System": {
												"value": "@pipeline().parameters.Source_System",
												"type": "Expression"
											}
										}
									}
								},
								{
									"name": "Drop temp tables",
									"type": "SqlServerStoredProcedure",
									"dependsOn": [
										{
											"activity": "SP DF forloop",
											"dependencyConditions": [
												"Succeeded"
											]
										}
									],
									"policy": {
										"timeout": "7.00:00:00",
										"retry": 0,
										"retryIntervalInSeconds": 30,
										"secureOutput": false,
										"secureInput": false
									},
									"userProperties": [],
									"typeProperties": {
										"storedProcedureName": {
											"value": "DataWarehouse_Staging.Cleanup_Instantiated_Views",
											"type": "Expression"
										},
										"storedProcedureParameters": {
											"Source_System": {
												"value": {
													"value": "@pipeline().parameters.Source_System",
													"type": "Expression"
												},
												"type": "String"
											}
										}
									},
									"linkedServiceName": {
										"referenceName": "AzureSynapseDW",
										"type": "LinkedServiceReference"
									}
								},
								{
									"name": "Check if Source system is Eagle",
									"type": "IfCondition",
									"dependsOn": [
										{
											"activity": "Update Job Status",
											"dependencyConditions": [
												"Succeeded"
											]
										}
									],
									"userProperties": [],
									"typeProperties": {
										"expression": {
											"value": "@equals(toUpper(pipeline().parameters.Source_System),'EAGLE')",
											"type": "Expression"
										},
										"ifFalseActivities": [
											{
												"name": "Risk -  DW Copy Risk DB to Staging - ADLS",
												"type": "ExecutePipeline",
												"dependsOn": [],
												"userProperties": [],
												"typeProperties": {
													"pipeline": {
														"referenceName": "Risk - DW Copy Risk DB to Stage - ADLS staging",
														"type": "PipelineReference"
													},
													"waitOnCompletion": true,
													"parameters": {
														"SQLServer_DatabaseName": {
															"value": "@pipeline().parameters.SQLServer_Database",
															"type": "Expression"
														},
														"Batch_Date": {
															"value": "@item().Batch_Date",
															"type": "Expression"
														},
														"Parent_Run_ID": {
															"value": "@pipeline().RunId",
															"type": "Expression"
														},
														"Job_ID": {
															"value": "@item().Job_ID",
															"type": "Expression"
														},
														"Source_System": {
															"value": "@pipeline().parameters.Source_System",
															"type": "Expression"
														}
													}
												}
											}
										],
										"ifTrueActivities": [
											{
												"name": "Load Eagle Staging",
												"type": "ExecutePipeline",
												"dependsOn": [],
												"userProperties": [],
												"typeProperties": {
													"pipeline": {
														"referenceName": "Risk - DW Copy Eagle DB to Stage - ADLS staging",
														"type": "PipelineReference"
													},
													"waitOnCompletion": true,
													"parameters": {
														"Batch_Date": {
															"value": "@item().Batch_Date",
															"type": "Expression"
														},
														"Parent_Run_ID": {
															"value": "@pipeline().RunId",
															"type": "Expression"
														},
														"Job_ID": {
															"value": "@item().Job_ID",
															"type": "Expression"
														},
														"InitialStartDate": {
															"value": "@pipeline().globalParameters.Eagle_Initial_Load_Start_Date",
															"type": "Expression"
														},
														"LoadType": {
															"value": "@pipeline().parameters.Load_Type",
															"type": "Expression"
														}
													}
												}
											}
										]
									}
								},
								{
									"name": "Check if Source system is Override",
									"type": "IfCondition",
									"dependsOn": [
										{
											"activity": "Check if Source system is Eagle",
											"dependencyConditions": [
												"Succeeded"
											]
										}
									],
									"userProperties": [],
									"typeProperties": {
										"expression": {
											"value": "@equals(toUpper(pipeline().parameters.Source_System),'OVERRIDE')",
											"type": "Expression"
										},
										"ifTrueActivities": [
											{
												"name": "Load Manual Override tables",
												"type": "ExecutePipeline",
												"dependsOn": [],
												"userProperties": [],
												"typeProperties": {
													"pipeline": {
														"referenceName": "EDW Load - Main",
														"type": "PipelineReference"
													},
													"waitOnCompletion": true,
													"parameters": {
														"Source_System": {
															"value": "@concat('Manual',pipeline().parameters.Source_System)",
															"type": "Expression"
														},
														"Load_Type": {
															"value": "@pipeline().parameters.Load_Type",
															"type": "Expression"
														},
														"Batch_Date": {
															"value": "@item().Batch_Date",
															"type": "Expression"
														}
													}
												}
											}
										]
									}
								}
							]
						}
					},
					{
						"name": "If BatchDate Provided from Parameter",
						"type": "IfCondition",
						"dependsOn": [
							{
								"activity": "Reset jobs staging tables",
								"dependencyConditions": [
									"Succeeded"
								]
							}
						],
						"userProperties": [],
						"typeProperties": {
							"expression": {
								"value": "@and(not(equals(coalesce(pipeline().parameters.Batch_Date,'1900-01-01'),'1900-01-01')), not(equals(pipeline().parameters.Batch_Date,'')))",
								"type": "Expression"
							},
							"ifFalseActivities": [
								{
									"name": "Check Running Source System",
									"type": "Switch",
									"dependsOn": [],
									"userProperties": [],
									"typeProperties": {
										"on": {
											"value": "@pipeline().parameters.Source_System",
											"type": "Expression"
										},
										"cases": [
											{
												"value": "BarraOne",
												"activities": [
													{
														"name": "Get Source Job Run BarraOne",
														"type": "Copy",
														"dependsOn": [
															{
																"activity": "Get Last Loaded BatchDate_BarraOne",
																"dependencyConditions": [
																	"Succeeded"
																]
															}
														],
														"policy": {
															"timeout": "7.00:00:00",
															"retry": 0,
															"retryIntervalInSeconds": 30,
															"secureOutput": false,
															"secureInput": false
														},
														"userProperties": [],
														"typeProperties": {
															"source": {
																"type": "SqlServerSource",
																"sqlReaderQuery": {
																	"value": "@concat('Select ''',pipeline().parameters.Source_System,''' as Source_System, max([Date]) load_dts,convert(date,date,23) batch_date  \n  FROM DBOperations.dbo.Log \n  where Logger=''Risk ETL'' and Level=''INFO'' and CharIndex(''Completed'',Message) > 0 \n  and convert(date,date,23) >convert(date, ''',activity('Get Last Loaded BatchDate_BarraOne').output.firstRow.Batch_Date,''',23) \n  group by convert(date,date,23) \n  order by convert(date,date,23) asc')",
																	"type": "Expression"
																},
																"queryTimeout": "02:00:00",
																"partitionOption": "None"
															},
															"sink": {
																"type": "SqlDWSink",
																"disableMetricsCollection": false
															},
															"enableStaging": false,
															"parallelCopies": 1,
															"translator": {
																"type": "TabularTranslator",
																"mappings": [
																	{
																		"source": {
																			"name": "load_dts",
																			"type": "DateTime"
																		},
																		"sink": {
																			"name": "Load_DTS",
																			"type": "DateTime"
																		}
																	},
																	{
																		"source": {
																			"name": "batch_date",
																			"type": "DateTime"
																		},
																		"sink": {
																			"name": "Batch_Date",
																			"type": "DateTime"
																		}
																	}
																]
															}
														},
														"inputs": [
															{
																"referenceName": "SQL_Staging",
																"type": "DatasetReference",
																"parameters": {
																	"DatabaseName": {
																		"value": "@pipeline().parameters.SQLServer_Database",
																		"type": "Expression"
																	}
																}
															}
														],
														"outputs": [
															{
																"referenceName": "Azure_DW",
																"type": "DatasetReference",
																"parameters": {
																	"schema": "DataWarehouse_Staging",
																	"table": "Job_Run_Source"
																}
															}
														]
													},
													{
														"name": "Create Job Run BarraOne Dates",
														"type": "SqlServerStoredProcedure",
														"dependsOn": [
															{
																"activity": "Get Source Job Run BarraOne",
																"dependencyConditions": [
																	"Succeeded"
																]
															}
														],
														"policy": {
															"timeout": "7.00:00:00",
															"retry": 0,
															"retryIntervalInSeconds": 30,
															"secureOutput": false,
															"secureInput": false
														},
														"userProperties": [],
														"typeProperties": {
															"storedProcedureName": "[[DataWarehouse_DVRAW].[Create_Job_Run_Dates]",
															"storedProcedureParameters": {
																"Source_System": {
																	"value": {
																		"value": "@pipeline().parameters.Source_System",
																		"type": "Expression"
																	},
																	"type": "String"
																}
															}
														},
														"linkedServiceName": {
															"referenceName": "AzureSynapseDW",
															"type": "LinkedServiceReference"
														}
													},
													{
														"name": "Get Last Loaded BatchDate_BarraOne",
														"type": "Lookup",
														"dependsOn": [],
														"policy": {
															"timeout": "7.00:00:00",
															"retry": 0,
															"retryIntervalInSeconds": 30,
															"secureOutput": false,
															"secureInput": false
														},
														"userProperties": [],
														"typeProperties": {
															"source": {
																"type": "SqlDWSource",
																"sqlReaderQuery": {
																	"value": "@concat('select coalesce(max(Batch_Date), ''1900-01-01'') as Batch_Date\nFrom DataWarehouse_Staging.Job_Run\nWhere Job_Run = ''',pipeline().parameters.Source_System,''' and Job_Status=''Success''')",
																	"type": "Expression"
																},
																"queryTimeout": "02:00:00",
																"partitionOption": "None"
															},
															"dataset": {
																"referenceName": "Azure_DW",
																"type": "DatasetReference",
																"parameters": {
																	"schema": "DataWarehouse_Staging",
																	"table": "Job_Run"
																}
															}
														}
													}
												]
											},
											{
												"value": "Eagle",
												"activities": [
													{
														"name": "Get Today date string Eagle",
														"type": "Lookup",
														"dependsOn": [],
														"policy": {
															"timeout": "7.00:00:00",
															"retry": 0,
															"retryIntervalInSeconds": 30,
															"secureOutput": false,
															"secureInput": false
														},
														"userProperties": [],
														"typeProperties": {
															"source": {
																"type": "SqlDWSource",
																"sqlReaderQuery": "\t  Select replace(convert(varchar, getdate(),  102),'.','-') as Batch_Date",
																"queryTimeout": "02:00:00",
																"partitionOption": "None"
															},
															"dataset": {
																"referenceName": "Azure_DW",
																"type": "DatasetReference",
																"parameters": {
																	"schema": "DataWarehouse_Staging",
																	"table": "Job_Run"
																}
															}
														}
													},
													{
														"name": "Create Job Run Eagle Dates",
														"type": "SqlServerStoredProcedure",
														"dependsOn": [
															{
																"activity": "Get Today date string Eagle",
																"dependencyConditions": [
																	"Succeeded"
																]
															}
														],
														"policy": {
															"timeout": "7.00:00:00",
															"retry": 0,
															"retryIntervalInSeconds": 30,
															"secureOutput": false,
															"secureInput": false
														},
														"userProperties": [],
														"typeProperties": {
															"storedProcedureName": "[[DataWarehouse_DVRAW].[Create_Job_Run_Dates]",
															"storedProcedureParameters": {
																"Source_System": {
																	"value": {
																		"value": "@pipeline().parameters.Source_System",
																		"type": "Expression"
																	},
																	"type": "String"
																}
															}
														},
														"linkedServiceName": {
															"referenceName": "AzureSynapseDW",
															"type": "LinkedServiceReference"
														}
													}
												]
											},
											{
												"value": "StateStreet_Not_Used",
												"activities": [
													{
														"name": "Get Source Job Run StateStreet",
														"type": "Copy",
														"dependsOn": [
															{
																"activity": "Get Last Loaded BatchDate",
																"dependencyConditions": [
																	"Succeeded"
																]
															}
														],
														"policy": {
															"timeout": "7.00:00:00",
															"retry": 0,
															"retryIntervalInSeconds": 30,
															"secureOutput": false,
															"secureInput": false
														},
														"userProperties": [],
														"typeProperties": {
															"source": {
																"type": "SqlServerSource",
																"sqlReaderQuery": {
																	"value": "@concat('Select ''',pipeline().parameters.Source_System,''' as Source_System, Load_DTS as Load_DTS, convert(date, Load_DTS, 23) as Batch_Date \nFrom (\n  select distinct Load_DTS \n  From [dbo].[View_Holding_Accounting_Position_WSIB]\n  Union\n  select distinct Load_DTS \n  from [dbo].[View_Performance_Fund_WSIB]\n  union\n    select distinct Load_DTS \n  from [dbo].[View_Holding_Accounting_PositionFXFWD_WSIB]\n  union\n    select distinct Load_DTS \n  from [dbo].[View_Performance_Position_WSIB]\n  union\n    select distinct LoadDTS Load_DTS\n  from [dbo].[View_Performance_WSIB_Total_Fund_Accounts]\n) t \nwhere Load_DTS >= convert(date, ''',activity('Get Last Loaded BatchDate').output.firstRow.Batch_Date,''',23)\nOrder By Load_DTS')",
																	"type": "Expression"
																},
																"queryTimeout": "02:00:00",
																"partitionOption": "None"
															},
															"sink": {
																"type": "SqlDWSink",
																"disableMetricsCollection": false
															},
															"enableStaging": false,
															"parallelCopies": 1,
															"translator": {
																"type": "TabularTranslator",
																"mappings": [
																	{
																		"source": {
																			"name": "Load_DTS",
																			"type": "DateTime"
																		},
																		"sink": {
																			"name": "Load_DTS",
																			"type": "DateTime"
																		}
																	},
																	{
																		"source": {
																			"name": "Batch_Date",
																			"type": "DateTime"
																		},
																		"sink": {
																			"name": "Batch_Date",
																			"type": "DateTime"
																		}
																	},
																	{
																		"source": {
																			"name": "Source_System",
																			"type": "String"
																		},
																		"sink": {
																			"name": "Source_System",
																			"type": "String"
																		}
																	}
																]
															}
														},
														"inputs": [
															{
																"referenceName": "SQL_Staging",
																"type": "DatasetReference",
																"parameters": {
																	"DatabaseName": {
																		"value": "@pipeline().parameters.SQLServer_Database",
																		"type": "Expression"
																	}
																}
															}
														],
														"outputs": [
															{
																"referenceName": "Azure_DW",
																"type": "DatasetReference",
																"parameters": {
																	"schema": "DataWarehouse_Staging",
																	"table": "Job_Run_Source"
																}
															}
														]
													},
													{
														"name": "Create Job Run StateStreet",
														"type": "SqlServerStoredProcedure",
														"dependsOn": [
															{
																"activity": "Get Source Job Run StateStreet",
																"dependencyConditions": [
																	"Succeeded"
																]
															}
														],
														"policy": {
															"timeout": "7.00:00:00",
															"retry": 0,
															"retryIntervalInSeconds": 30,
															"secureOutput": false,
															"secureInput": false
														},
														"userProperties": [],
														"typeProperties": {
															"storedProcedureName": "[[DataWarehouse_DVRAW].[Create_Job_Run_Dates]",
															"storedProcedureParameters": {
																"Source_System": {
																	"value": {
																		"value": "@pipeline().parameters.Source_System",
																		"type": "Expression"
																	},
																	"type": "String"
																}
															}
														},
														"linkedServiceName": {
															"referenceName": "AzureSynapseDW",
															"type": "LinkedServiceReference"
														}
													},
													{
														"name": "Get Last Loaded BatchDate",
														"type": "Lookup",
														"dependsOn": [],
														"policy": {
															"timeout": "7.00:00:00",
															"retry": 0,
															"retryIntervalInSeconds": 30,
															"secureOutput": false,
															"secureInput": false
														},
														"userProperties": [],
														"typeProperties": {
															"source": {
																"type": "SqlDWSource",
																"sqlReaderQuery": {
																	"value": "@concat('select coalesce(max(Batch_Date), ''1900-01-01'') as Batch_Date\nFrom DataWarehouse_Staging.Job_Run\nWhere Job_Run = ''',pipeline().parameters.Source_System,''' and Job_Status=''Success''')",
																	"type": "Expression"
																},
																"queryTimeout": "02:00:00",
																"partitionOption": "None"
															},
															"dataset": {
																"referenceName": "Azure_DW",
																"type": "DatasetReference",
																"parameters": {
																	"schema": "DataWarehouse_Staging",
																	"table": "Job_Run"
																}
															}
														}
													}
												]
											},
											{
												"value": "RiskManual",
												"activities": [
													{
														"name": "Create Job Run Single Date RiskManual 19000101",
														"type": "SqlServerStoredProcedure",
														"dependsOn": [],
														"policy": {
															"timeout": "7.00:00:00",
															"retry": 0,
															"retryIntervalInSeconds": 30,
															"secureOutput": false,
															"secureInput": false
														},
														"userProperties": [],
														"typeProperties": {
															"storedProcedureName": "[[DataWarehouse_DVRAW].[Create_Job_Run_SingleDate]",
															"storedProcedureParameters": {
																"BatchDate": {
																	"value": {
																		"value": "1900-01-01",
																		"type": "Expression"
																	},
																	"type": "DateTime"
																},
																"SourceSystem": {
																	"value": {
																		"value": "@pipeline().parameters.Source_System",
																		"type": "Expression"
																	},
																	"type": "String"
																}
															}
														},
														"linkedServiceName": {
															"referenceName": "AzureSynapseDW",
															"type": "LinkedServiceReference"
														}
													}
												]
											}
										],
										"defaultActivities": [
											{
												"name": "Create Job Run Single Date Other Source",
												"type": "SqlServerStoredProcedure",
												"dependsOn": [
													{
														"activity": "Get Today date string Other Source",
														"dependencyConditions": [
															"Succeeded"
														]
													}
												],
												"policy": {
													"timeout": "7.00:00:00",
													"retry": 0,
													"retryIntervalInSeconds": 30,
													"secureOutput": false,
													"secureInput": false
												},
												"userProperties": [],
												"typeProperties": {
													"storedProcedureName": "[[DataWarehouse_DVRAW].[Create_Job_Run_SingleDate]",
													"storedProcedureParameters": {
														"BatchDate": {
															"value": {
																"value": "@activity('Get Today date string Other Source').output.firstRow.Batch_Date",
																"type": "Expression"
															},
															"type": "DateTime"
														},
														"SourceSystem": {
															"value": {
																"value": "@pipeline().parameters.Source_System",
																"type": "Expression"
															},
															"type": "String"
														}
													}
												},
												"linkedServiceName": {
													"referenceName": "AzureSynapseDW",
													"type": "LinkedServiceReference"
												}
											},
											{
												"name": "Get Today date string Other Source",
												"type": "Lookup",
												"dependsOn": [],
												"policy": {
													"timeout": "7.00:00:00",
													"retry": 0,
													"retryIntervalInSeconds": 30,
													"secureOutput": false,
													"secureInput": false
												},
												"userProperties": [],
												"typeProperties": {
													"source": {
														"type": "SqlDWSource",
														"sqlReaderQuery": "\t  Select replace(convert(varchar, getdate(),  102),'.','-') as Batch_Date",
														"queryTimeout": "02:00:00",
														"partitionOption": "None"
													},
													"dataset": {
														"referenceName": "Azure_DW",
														"type": "DatasetReference",
														"parameters": {
															"schema": "DataWarehouse_Staging",
															"table": "Job_Run"
														}
													}
												}
											}
										]
									}
								}
							],
							"ifTrueActivities": [
								{
									"name": "Create Job Run Single Date",
									"type": "SqlServerStoredProcedure",
									"dependsOn": [],
									"policy": {
										"timeout": "7.00:00:00",
										"retry": 0,
										"retryIntervalInSeconds": 30,
										"secureOutput": false,
										"secureInput": false
									},
									"userProperties": [],
									"typeProperties": {
										"storedProcedureName": "[[DataWarehouse_DVRAW].[Create_Job_Run_SingleDate]",
										"storedProcedureParameters": {
											"BatchDate": {
												"value": {
													"value": "@pipeline().parameters.Batch_Date",
													"type": "Expression"
												},
												"type": "DateTime"
											},
											"SourceSystem": {
												"value": {
													"value": "@pipeline().parameters.Source_System",
													"type": "Expression"
												},
												"type": "String"
											}
										}
									},
									"linkedServiceName": {
										"referenceName": "AzureSynapseDW",
										"type": "LinkedServiceReference"
									}
								},
								{
									"name": "Stop running job",
									"type": "ExecutePipeline",
									"dependsOn": [
										{
											"activity": "Create Job Run Single Date",
											"dependencyConditions": [
												"Failed"
											]
										}
									],
									"userProperties": [],
									"typeProperties": {
										"pipeline": {
											"referenceName": "Risk - Stop Current Job",
											"type": "PipelineReference"
										},
										"waitOnCompletion": true,
										"parameters": {
											"Failed_Activity_Name": {
												"value": "'Create Single Job Load'",
												"type": "Expression"
											},
											"Failure_Message": {
												"value": "@activity('Create Job Run Single Date').Error.Message",
												"type": "Expression"
											},
											"Pipeline_Job_Run_Id": {
												"value": "@pipeline().RunId",
												"type": "Expression"
											},
											"Pipeline_Name": {
												"value": "@pipeline().Pipeline",
												"type": "Expression"
											},
											"Source_System": {
												"value": "@pipeline().parameters.Source_System",
												"type": "Expression"
											}
										}
									}
								}
							]
						}
					},
					{
						"name": "Check if SSAS refresh to run",
						"type": "IfCondition",
						"dependsOn": [
							{
								"activity": "Get SSAS refresh source system list",
								"dependencyConditions": [
									"Succeeded"
								]
							}
						],
						"userProperties": [],
						"typeProperties": {
							"expression": {
								"value": "@contains(toUpper(activity('Get SSAS refresh source system list').output.firstRow.Source_System_List), concat(',',toUpper(pipeline().parameters.Source_System),','))",
								"type": "Expression"
							},
							"ifTrueActivities": [
								{
									"name": "Risk - DW_Refresh_SSAS",
									"type": "ExecutePipeline",
									"dependsOn": [],
									"userProperties": [],
									"typeProperties": {
										"pipeline": {
											"referenceName": "Risk - DW_Refresh_SSAS",
											"type": "PipelineReference"
										},
										"waitOnCompletion": true,
										"parameters": {
											"Parent_Run_ID": {
												"value": "@pipeline().RunId",
												"type": "Expression"
											},
											"Source_System": {
												"value": "@pipeline().parameters.Source_System",
												"type": "Expression"
											}
										}
									}
								}
							]
						}
					},
					{
						"name": "Get SSAS refresh source system list",
						"type": "Lookup",
						"dependsOn": [
							{
								"activity": "ForEach - Date Execute ETL",
								"dependencyConditions": [
									"Succeeded"
								]
							}
						],
						"policy": {
							"timeout": "7.00:00:00",
							"retry": 0,
							"retryIntervalInSeconds": 30,
							"secureOutput": false,
							"secureInput": false
						},
						"userProperties": [],
						"typeProperties": {
							"source": {
								"type": "SqlDWSource",
								"sqlReaderQuery": "  Select ',' + String_Agg(Source_System, ',') + ','  Source_System_List\n  From [DataWarehouse_DVMart].[Ref_SSAS_Table_Refresh]",
								"queryTimeout": "02:00:00",
								"partitionOption": "None"
							},
							"dataset": {
								"referenceName": "Azure_DW",
								"type": "DatasetReference",
								"parameters": {
									"schema": "DataWarehouse_DVMart",
									"table": "Ref_SSAS_Table_Refresh"
								}
							}
						}
					},
					{
						"name": "Get Email Process for current source system",
						"type": "Lookup",
						"dependsOn": [
							{
								"activity": "Check if SSAS refresh to run",
								"dependencyConditions": [
									"Succeeded"
								]
							}
						],
						"policy": {
							"timeout": "7.00:00:00",
							"retry": 0,
							"retryIntervalInSeconds": 30,
							"secureOutput": false,
							"secureInput": false
						},
						"userProperties": [],
						"typeProperties": {
							"source": {
								"type": "SqlDWSource",
								"sqlReaderQuery": {
									"value": "@concat('SELECT [Process_Name]\n      ,[Email_Subject_Addition]\n      ,[Email_Body_Addition]\n  FROM [DataWarehouse_Staging].[Ref_Email_Notification]\n  where Source_System = ''', pipeline().parameters.Source_System, ''' and (Load_Type = ''ALL'' or Load_Type = ''', pipeline().parameters.Load_Type, ''' ) ')",
									"type": "Expression"
								},
								"queryTimeout": "02:00:00",
								"partitionOption": "None"
							},
							"dataset": {
								"referenceName": "Azure_DW",
								"type": "DatasetReference",
								"parameters": {
									"schema": "DataWarehouse_Staging",
									"table": "Ref_Email_Notification"
								}
							},
							"firstRowOnly": false
						}
					},
					{
						"name": "For each process name",
						"type": "ForEach",
						"dependsOn": [
							{
								"activity": "Get Email Process for current source system",
								"dependencyConditions": [
									"Succeeded"
								]
							}
						],
						"userProperties": [],
						"typeProperties": {
							"items": {
								"value": "@activity('Get Email Process for current source system').output.value",
								"type": "Expression"
							},
							"activities": [
								{
									"name": "Send Sucess Email Notification",
									"type": "ExecutePipeline",
									"dependsOn": [],
									"userProperties": [],
									"typeProperties": {
										"pipeline": {
											"referenceName": "Risk - Send Email Notification",
											"type": "PipelineReference"
										},
										"waitOnCompletion": true,
										"parameters": {
											"Email_Subject_Addition": {
												"value": "@item().Email_Subject_Addition",
												"type": "Expression"
											},
											"Process_Name": {
												"value": "@item().Process_Name",
												"type": "Expression"
											},
											"Email_Body_Addition": {
												"value": "@replace(item().Email_Body_Addition, '<<Batch_Date>>', if(equals(coalesce(pipeline().parameters.Batch_Date,'1900-01-01'),'1900-001'),formatDateTime(utcnow(), 'yyyy-MM-dd'),coalesce(pipeline().parameters.Batch_Date,'')))",
												"type": "Expression"
											},
											"Success_Failure_Flag": "S"
										}
									}
								}
							]
						}
					}
				],
				"parameters": {
					"SQLServer_Database": {
						"type": "string",
						"defaultValue": "Risk"
					},
					"Batch_Date": {
						"type": "string"
					},
					"Source_System": {
						"type": "string",
						"defaultValue": "BarraOne"
					},
					"Load_Type": {
						"type": "string",
						"defaultValue": "DELTA"
					}
				},
				"variables": {
					"ProcessCompleted": {
						"type": "Boolean"
					}
				},
				"folder": {
					"name": "Datawarehouse"
				},
				"annotations": [],
				"lastPublishTime": "2020-12-09T19:33:51Z"
			},
			"dependsOn": [
				"[variables('factoryId')]"
			]
		},
		{
			"name": "[concat(parameters('factoryName'), '/SQL_Target')]",
			"type": "Microsoft.DataFactory/factories/datasets",
			"apiVersion": "2018-06-01",
			"properties": {
				"linkedServiceName": {
					"referenceName": "SqlServer_Target",
					"type": "LinkedServiceReference",
					"parameters": {
						"Target_Database": {
							"value": "@dataset().DatabaseName",
							"type": "Expression"
						},
						"Schema_Name": {
							"value": "@dataset().Target_Schema",
							"type": "Expression"
						},
						"Table_Name": {
							"value": "@dataset().Target_Table",
							"type": "Expression"
						}
					}
				},
				"parameters": {
					"DatabaseName": {
						"type": "string"
					},
					"Target_Table": {
						"type": "string"
					},
					"Target_Schema": {
						"type": "string"
					}
				},
				"folder": {
					"name": "Datawarehouse"
				},
				"annotations": [],
				"type": "SqlServerTable",
				"schema": [],
				"typeProperties": {
					"schema": {
						"value": "@dataset().Target_Schema",
						"type": "Expression"
					},
					"table": {
						"value": "@dataset().Target_Table",
						"type": "Expression"
					}
				}
			},
			"dependsOn": [
				"[variables('factoryId')]",
				"[concat(variables('factoryId'), '/linkedServices/SqlServer_Target')]"
			]
		},
		{
			"name": "[concat(parameters('factoryName'), '/SqlServer_Target')]",
			"type": "Microsoft.DataFactory/factories/linkedServices",
			"apiVersion": "2018-06-01",
			"properties": {
				"parameters": {
					"Target_Database": {
						"type": "string"
					},
					"Schema_Name": {
						"type": "string"
					},
					"Table_Name": {
						"type": "string"
					}
				},
				"annotations": [],
				"type": "SqlServer",
				"typeProperties": {
					"connectionString": {
						"type": "SecureString",
						"value": "**********"
					},
					"password": {
						"type": "AzureKeyVaultSecret",
						"store": {
							"referenceName": "AzureKeyVault1",
							"type": "LinkedServiceReference"
						},
						"secretName": "SQLServerUserPassword"
					}
				},
				"connectVia": {
					"referenceName": "adf-linkedruntime",
					"type": "IntegrationRuntimeReference"
				}
			},
			"dependsOn": [
				"[variables('factoryId')]"
			]
		}
	]
}