{
	"$schema": "http://schema.management.azure.com/schemas/2015-01-01/deploymentTemplate.json#",
	"contentVersion": "1.0.0.0",
	"parameters": {
		"factoryName": {
			"type": "string",
			"metadata": "Data Factory name",
			"defaultValue": "imcnoimdmsadf01"
		}
	},
	"variables": {
		"factoryId": "[concat('Microsoft.DataFactory/factories/', parameters('factoryName'))]"
	},
	"resources": [
		{
			"name": "[concat(parameters('factoryName'), '/Risk - DW Copy Eagle DB to Stage - ADLS staging')]",
			"type": "Microsoft.DataFactory/factories/pipelines",
			"apiVersion": "2018-06-01",
			"properties": {
				"activities": [
					{
						"name": "Get Staging tables no Partition",
						"type": "Lookup",
						"dependsOn": [
							{
								"activity": "Set job start",
								"dependencyConditions": [
									"Succeeded"
								]
							}
						],
						"policy": {
							"timeout": "7.00:00:00",
							"retry": 0,
							"retryIntervalInSeconds": 30,
							"secureOutput": false,
							"secureInput": false
						},
						"userProperties": [],
						"typeProperties": {
							"source": {
								"type": "SqlDWSource",
								"sqlReaderStoredProcedureName": "[[DataWarehouse_DVRAW].[Create_Eagle_Stage_Setup]",
								"storedProcedureParameters": {
									"InitialStartDate": {
										"type": "String",
										"value": {
											"value": "@pipeline().parameters.InitialStartDate",
											"type": "Expression"
										}
									},
									"LoadDate": {
										"type": "String",
										"value": {
											"value": "@pipeline().parameters.Batch_Date",
											"type": "Expression"
										}
									},
									"LoadType": {
										"type": "String",
										"value": {
											"value": "@pipeline().parameters.LoadType",
											"type": "Expression"
										}
									},
									"PartitionFlag": {
										"type": "String",
										"value": "N"
									}
								},
								"queryTimeout": "02:00:00",
								"partitionOption": "None"
							},
							"dataset": {
								"referenceName": "Azure_DW",
								"type": "DatasetReference",
								"parameters": {
									"schema": "[[DataWarehouse_Staging]",
									"table": "Job_Run"
								}
							},
							"firstRowOnly": false
						}
					},
					{
						"name": "ForEach Non Partition Tables",
						"type": "ForEach",
						"dependsOn": [
							{
								"activity": "Get Staging tables no Partition",
								"dependencyConditions": [
									"Succeeded"
								]
							}
						],
						"userProperties": [],
						"typeProperties": {
							"items": {
								"value": "@activity('Get Staging tables no Partition').output.value",
								"type": "Expression"
							},
							"isSequential": false,
							"batchCount": 3,
							"activities": [
								{
									"name": "Copy Staging_No_Partition",
									"type": "Copy",
									"dependsOn": [],
									"policy": {
										"timeout": "7.00:00:00",
										"retry": 0,
										"retryIntervalInSeconds": 30,
										"secureOutput": false,
										"secureInput": false
									},
									"userProperties": [
										{
											"name": "Destination",
											"value": "@{item().target_table}"
										}
									],
									"typeProperties": {
										"source": {
											"type": "OracleSource",
											"oracleReaderQuery": {
												"value": "@item().Source_Query",
												"type": "Expression"
											},
											"partitionOption": "None",
											"queryTimeout": "02:00:00"
										},
										"sink": {
											"type": "SqlDWSink",
											"allowPolyBase": true,
											"polyBaseSettings": {
												"rejectValue": 0,
												"rejectType": "value",
												"useTypeDefault": false
											},
											"disableMetricsCollection": false
										},
										"enableStaging": true,
										"stagingSettings": {
											"linkedServiceName": {
												"referenceName": "LS_Polybase_Staging",
												"type": "LinkedServiceReference"
											},
											"path": {
												"value": "@concat(pipeline().globalParameters.Env,'/staging/Risk/Polybase_Auto')",
												"type": "Expression"
											},
											"enableCompression": false
										},
										"parallelCopies": 5
									},
									"inputs": [
										{
											"referenceName": "Eagle_Staging",
											"type": "DatasetReference"
										}
									],
									"outputs": [
										{
											"referenceName": "Azure_DW",
											"type": "DatasetReference",
											"parameters": {
												"schema": {
													"value": "@item().Target_Schema",
													"type": "Expression"
												},
												"table": {
													"value": "@item().Target_Table",
													"type": "Expression"
												}
											}
										}
									]
								},
								{
									"name": "Get Current NoPartition Job Status",
									"type": "Lookup",
									"dependsOn": [
										{
											"activity": "Copy Staging_No_Partition",
											"dependencyConditions": [
												"Failed"
											]
										}
									],
									"policy": {
										"timeout": "7.00:00:00",
										"retry": 0,
										"retryIntervalInSeconds": 30,
										"secureOutput": false,
										"secureInput": false
									},
									"userProperties": [],
									"typeProperties": {
										"source": {
											"type": "SqlDWSource",
											"sqlReaderQuery": {
												"value": "@concat('Select Job_Status as Job_Status \nfrom [DataWarehouse_Staging].[Job_Run]\nWhere Job_Id = ',pipeline().parameters.Job_ID)",
												"type": "Expression"
											},
											"queryTimeout": "02:00:00",
											"partitionOption": "None"
										},
										"dataset": {
											"referenceName": "Azure_DW",
											"type": "DatasetReference",
											"parameters": {
												"schema": "DataWarehouse_Staging",
												"table": "Job_Run"
											}
										}
									}
								},
								{
									"name": "Job is not failed stop run",
									"type": "IfCondition",
									"dependsOn": [
										{
											"activity": "Get Current NoPartition Job Status",
											"dependencyConditions": [
												"Succeeded"
											]
										}
									],
									"userProperties": [],
									"typeProperties": {
										"expression": {
											"value": "@not(equals(activity('Get Current NoPartition Job Status').output.firstRow.Job_Status, 'Failed'))",
											"type": "Expression"
										},
										"ifTrueActivities": [
											{
												"name": "Stop running job No Partition",
												"type": "ExecutePipeline",
												"dependsOn": [
													{
														"activity": "Update Job Status Failed No Partition",
														"dependencyConditions": [
															"Succeeded"
														]
													}
												],
												"userProperties": [],
												"typeProperties": {
													"pipeline": {
														"referenceName": "Risk - Stop Current Job",
														"type": "PipelineReference"
													},
													"waitOnCompletion": true,
													"parameters": {
														"Failed_Activity_Name": {
															"value": "@('Copy Staging step in job (id: ',pipeline().parameters.Job_ID,') run for Eagle')",
															"type": "Expression"
														},
														"Failure_Message": {
															"value": "@activity('Copy Staging_No_Partition').Error.Message",
															"type": "Expression"
														},
														"Pipeline_Job_Run_Id": {
															"value": "@pipeline().parameters.Parent_Run_ID",
															"type": "Expression"
														},
														"Pipeline_Name": {
															"value": "@pipeline().Pipeline",
															"type": "Expression"
														}
													}
												}
											},
											{
												"name": "Update Job Status Failed No Partition",
												"type": "SqlServerStoredProcedure",
												"dependsOn": [],
												"policy": {
													"timeout": "7.00:00:00",
													"retry": 0,
													"retryIntervalInSeconds": 30,
													"secureOutput": false,
													"secureInput": false
												},
												"userProperties": [],
												"typeProperties": {
													"storedProcedureName": "[[DataWarehouse_DVRAW].[Update_Job_Status]",
													"storedProcedureParameters": {
														"Job_ID": {
															"value": {
																"value": "@pipeline().parameters.Job_ID",
																"type": "Expression"
															},
															"type": "Int32"
														},
														"Job_Status": {
															"value": "Failed",
															"type": "String"
														}
													}
												},
												"linkedServiceName": {
													"referenceName": "AzureSynapseDW",
													"type": "LinkedServiceReference"
												}
											}
										]
									}
								}
							]
						}
					},
					{
						"name": "Get Staging tables with Partition",
						"type": "Lookup",
						"dependsOn": [
							{
								"activity": "Set job start",
								"dependencyConditions": [
									"Succeeded"
								]
							}
						],
						"policy": {
							"timeout": "7.00:00:00",
							"retry": 0,
							"retryIntervalInSeconds": 30,
							"secureOutput": false,
							"secureInput": false
						},
						"userProperties": [],
						"typeProperties": {
							"source": {
								"type": "SqlDWSource",
								"sqlReaderStoredProcedureName": "[[DataWarehouse_DVRAW].[Create_Eagle_Stage_Setup]",
								"storedProcedureParameters": {
									"InitialStartDate": {
										"type": "String",
										"value": {
											"value": "@pipeline().parameters.InitialStartDate",
											"type": "Expression"
										}
									},
									"LoadDate": {
										"type": "String",
										"value": {
											"value": "@pipeline().parameters.Batch_Date",
											"type": "Expression"
										}
									},
									"LoadType": {
										"type": "String",
										"value": {
											"value": "@pipeline().parameters.LoadType",
											"type": "Expression"
										}
									},
									"PartitionFlag": {
										"type": "String",
										"value": "Y"
									}
								},
								"queryTimeout": "02:00:00",
								"partitionOption": "None"
							},
							"dataset": {
								"referenceName": "Azure_DW",
								"type": "DatasetReference",
								"parameters": {
									"schema": "[[DataWarehouse_Staging]",
									"table": "Job_Run"
								}
							},
							"firstRowOnly": false
						}
					},
					{
						"name": "ForEach Parition Tables",
						"type": "ForEach",
						"dependsOn": [
							{
								"activity": "Get Staging tables with Partition",
								"dependencyConditions": [
									"Succeeded"
								]
							}
						],
						"userProperties": [],
						"typeProperties": {
							"items": {
								"value": "@activity('Get Staging tables with Partition').output.value",
								"type": "Expression"
							},
							"isSequential": false,
							"batchCount": 3,
							"activities": [
								{
									"name": "Copy Staging_with_Partition",
									"type": "Copy",
									"dependsOn": [
										{
											"activity": "Run Partion Query for bound values",
											"dependencyConditions": [
												"Succeeded"
											]
										}
									],
									"policy": {
										"timeout": "7.00:00:00",
										"retry": 0,
										"retryIntervalInSeconds": 30,
										"secureOutput": false,
										"secureInput": false
									},
									"userProperties": [
										{
											"name": "Destination",
											"value": "@{item().target_table}"
										}
									],
									"typeProperties": {
										"source": {
											"type": "OracleSource",
											"oracleReaderQuery": {
												"value": "@replace(item().Source_Query, '[PartitionClause]',' AND ?AdfRangePartitionColumnName <= ?AdfRangePartitionUpbound AND ?AdfRangePartitionColumnName >= ?AdfRangePartitionLowbound')",
												"type": "Expression"
											},
											"partitionOption": "DynamicRange",
											"partitionSettings": {
												"partitionColumnName": {
													"value": "@{item().Partition_Column}",
													"type": "Expression"
												},
												"partitionUpperBound": {
													"value": "@{activity('Run Partion Query for bound values').output.firstRow.MAXNUMBER}",
													"type": "Expression"
												},
												"partitionLowerBound": {
													"value": "@{activity('Run Partion Query for bound values').output.firstRow.MINNUMBER}",
													"type": "Expression"
												}
											},
											"queryTimeout": "02:00:00"
										},
										"sink": {
											"type": "SqlDWSink",
											"allowPolyBase": true,
											"polyBaseSettings": {
												"rejectValue": 0,
												"rejectType": "value",
												"useTypeDefault": false
											},
											"disableMetricsCollection": false
										},
										"enableStaging": true,
										"stagingSettings": {
											"linkedServiceName": {
												"referenceName": "LS_Polybase_Staging",
												"type": "LinkedServiceReference"
											},
											"path": {
												"value": "@concat(pipeline().globalParameters.Env,'/staging/Risk/Polybase_Auto')",
												"type": "Expression"
											},
											"enableCompression": false
										},
										"parallelCopies": 5
									},
									"inputs": [
										{
											"referenceName": "Eagle_Staging",
											"type": "DatasetReference"
										}
									],
									"outputs": [
										{
											"referenceName": "Azure_DW",
											"type": "DatasetReference",
											"parameters": {
												"schema": {
													"value": "@item().Target_Schema",
													"type": "Expression"
												},
												"table": {
													"value": "@item().Target_Table",
													"type": "Expression"
												}
											}
										}
									]
								},
								{
									"name": "Get Partition Query",
									"type": "Lookup",
									"dependsOn": [],
									"policy": {
										"timeout": "7.00:00:00",
										"retry": 0,
										"retryIntervalInSeconds": 30,
										"secureOutput": false,
										"secureInput": false
									},
									"userProperties": [],
									"typeProperties": {
										"source": {
											"type": "SqlDWSource",
											"sqlReaderStoredProcedureName": "[[DataWarehouse_Staging].[Util_Set_Partition_Query]",
											"storedProcedureParameters": {
												"PartitionColumn": {
													"type": "String",
													"value": {
														"value": "@item().Partition_Column",
														"type": "Expression"
													}
												},
												"SourceQuery": {
													"type": "String",
													"value": {
														"value": "@replace(item().Source_Query,'[PartitionClause]','')",
														"type": "Expression"
													}
												}
											},
											"queryTimeout": "02:00:00",
											"partitionOption": "None"
										},
										"dataset": {
											"referenceName": "Azure_DW",
											"type": "DatasetReference",
											"parameters": {
												"schema": "DataWarehouse_Staging",
												"table": "Job_Run"
											}
										},
										"firstRowOnly": true
									}
								},
								{
									"name": "Run Partion Query for bound values",
									"type": "Lookup",
									"dependsOn": [
										{
											"activity": "Get Partition Query",
											"dependencyConditions": [
												"Succeeded"
											]
										}
									],
									"policy": {
										"timeout": "7.00:00:00",
										"retry": 0,
										"retryIntervalInSeconds": 30,
										"secureOutput": false,
										"secureInput": false
									},
									"userProperties": [],
									"typeProperties": {
										"source": {
											"type": "OracleSource",
											"oracleReaderQuery": {
												"value": "@activity('Get Partition Query').output.firstRow.Partition_Query",
												"type": "Expression"
											},
											"partitionOption": "None",
											"queryTimeout": "02:00:00"
										},
										"dataset": {
											"referenceName": "Eagle_Staging",
											"type": "DatasetReference"
										}
									}
								},
								{
									"name": "Get Current Partition Job Status",
									"type": "Lookup",
									"dependsOn": [
										{
											"activity": "Copy Staging_with_Partition",
											"dependencyConditions": [
												"Failed"
											]
										}
									],
									"policy": {
										"timeout": "7.00:00:00",
										"retry": 0,
										"retryIntervalInSeconds": 30,
										"secureOutput": false,
										"secureInput": false
									},
									"userProperties": [],
									"typeProperties": {
										"source": {
											"type": "SqlDWSource",
											"sqlReaderQuery": {
												"value": "@concat('Select Job_Status as Job_Status \nfrom [DataWarehouse_Staging].[Job_Run]\nWhere Job_Id = ',pipeline().parameters.Job_ID)",
												"type": "Expression"
											},
											"queryTimeout": "02:00:00",
											"partitionOption": "None"
										},
										"dataset": {
											"referenceName": "Azure_DW",
											"type": "DatasetReference",
											"parameters": {
												"schema": "DataWarehouse_Staging",
												"table": "Job_Run"
											}
										}
									}
								},
								{
									"name": "Job is not failed stop job run",
									"type": "IfCondition",
									"dependsOn": [
										{
											"activity": "Get Current Partition Job Status",
											"dependencyConditions": [
												"Succeeded"
											]
										}
									],
									"userProperties": [],
									"typeProperties": {
										"expression": {
											"value": "@not(equals(activity('Get Current Partition Job Status').output.firstRow.Job_Status, 'Failed'))",
											"type": "Expression"
										},
										"ifTrueActivities": [
											{
												"name": "Stop running job",
												"type": "ExecutePipeline",
												"dependsOn": [
													{
														"activity": "Update Job Status Failed",
														"dependencyConditions": [
															"Succeeded"
														]
													}
												],
												"userProperties": [],
												"typeProperties": {
													"pipeline": {
														"referenceName": "Risk - Stop Current Job",
														"type": "PipelineReference"
													},
													"waitOnCompletion": true,
													"parameters": {
														"Failed_Activity_Name": {
															"value": "@('Copy Staging step in job (id: ',pipeline().parameters.Job_ID,') run for Eagle')",
															"type": "Expression"
														},
														"Failure_Message": {
															"value": "@activity('Copy Staging_with_Partition').Error.Message",
															"type": "Expression"
														},
														"Pipeline_Job_Run_Id": {
															"value": "@pipeline().parameters.Parent_Run_ID",
															"type": "Expression"
														},
														"Pipeline_Name": {
															"value": "@pipeline().Pipeline",
															"type": "Expression"
														}
													}
												}
											},
											{
												"name": "Update Job Status Failed",
												"type": "SqlServerStoredProcedure",
												"dependsOn": [],
												"policy": {
													"timeout": "7.00:00:00",
													"retry": 0,
													"retryIntervalInSeconds": 30,
													"secureOutput": false,
													"secureInput": false
												},
												"userProperties": [],
												"typeProperties": {
													"storedProcedureName": "[[DataWarehouse_DVRAW].[Update_Job_Status]",
													"storedProcedureParameters": {
														"Job_ID": {
															"value": {
																"value": "@pipeline().parameters.Job_ID",
																"type": "Expression"
															},
															"type": "Int32"
														},
														"Job_Status": {
															"value": "Failed",
															"type": "String"
														}
													}
												},
												"linkedServiceName": {
													"referenceName": "AzureSynapseDW",
													"type": "LinkedServiceReference"
												}
											}
										]
									}
								}
							]
						}
					},
					{
						"name": "Set job start",
						"type": "SetVariable",
						"dependsOn": [],
						"userProperties": [],
						"typeProperties": {
							"variableName": "start_time",
							"value": {
								"value": "@utcnow()",
								"type": "Expression"
							}
						}
					}
				],
				"parameters": {
					"Batch_Date": {
						"type": "string"
					},
					"Parent_Run_ID": {
						"type": "string"
					},
					"Job_ID": {
						"type": "string"
					},
					"InitialStartDate": {
						"type": "string",
						"defaultValue": "2021-01-01"
					},
					"LoadType": {
						"type": "string"
					}
				},
				"variables": {
					"cancel_job_url": {
						"type": "String"
					},
					"email_subject": {
						"type": "String"
					},
					"email_body": {
						"type": "String"
					},
					"start_time": {
						"type": "String"
					}
				},
				"folder": {
					"name": "Datawarehouse"
				},
				"annotations": [],
				"lastPublishTime": "2020-12-09T15:19:14Z"
			},
			"dependsOn": [
				"[variables('factoryId')]",
				"[concat(variables('factoryId'), '/pipelines/Risk - Stop Current Job')]"
			]
		},
		{
			"name": "[concat(parameters('factoryName'), '/Risk - DW Copy Risk DB to Stage - ADLS staging')]",
			"type": "Microsoft.DataFactory/factories/pipelines",
			"apiVersion": "2018-06-01",
			"properties": {
				"activities": [
					{
						"name": "Get Staging meta data",
						"type": "Lookup",
						"dependsOn": [],
						"policy": {
							"timeout": "7.00:00:00",
							"retry": 0,
							"retryIntervalInSeconds": 30,
							"secureOutput": false,
							"secureInput": false
						},
						"userProperties": [],
						"typeProperties": {
							"source": {
								"type": "SqlDWSource",
								"sqlReaderStoredProcedureName": "[[DataWarehouse_DVRAW].[Create_Stage_Setup]",
								"storedProcedureParameters": {
									"SourceSystem": {
										"type": "String",
										"value": {
											"value": "@pipeline().parameters.Source_System",
											"type": "Expression"
										}
									}
								},
								"queryTimeout": "02:00:00",
								"partitionOption": "None"
							},
							"dataset": {
								"referenceName": "Azure_DW",
								"type": "DatasetReference",
								"parameters": {
									"schema": "[[DataWarehouse_Staging]",
									"table": "Job_Run"
								}
							},
							"firstRowOnly": false
						}
					},
					{
						"name": "ForEach1",
						"type": "ForEach",
						"dependsOn": [
							{
								"activity": "Get Staging meta data",
								"dependencyConditions": [
									"Succeeded"
								]
							}
						],
						"userProperties": [],
						"typeProperties": {
							"items": {
								"value": "@activity('Get Staging meta data').output.value",
								"type": "Expression"
							},
							"isSequential": false,
							"batchCount": 3,
							"activities": [
								{
									"name": "Copy Staging",
									"type": "Copy",
									"dependsOn": [],
									"policy": {
										"timeout": "7.00:00:00",
										"retry": 0,
										"retryIntervalInSeconds": 30,
										"secureOutput": false,
										"secureInput": false
									},
									"userProperties": [],
									"typeProperties": {
										"source": {
											"type": "SqlServerSource",
											"sqlReaderStoredProcedureName": {
												"value": "@concat('DW_Out.',item().Source_SP_Name)",
												"type": "Expression"
											},
											"storedProcedureParameters": {
												"BatchDate": {
													"type": "DateTime",
													"value": {
														"value": "@pipeline().parameters.Batch_Date",
														"type": "Expression"
													}
												}
											},
											"queryTimeout": "02:00:00",
											"partitionOption": "None"
										},
										"sink": {
											"type": "SqlDWSink",
											"allowPolyBase": true,
											"polyBaseSettings": {
												"rejectValue": 0,
												"rejectType": "value",
												"useTypeDefault": false
											},
											"disableMetricsCollection": false
										},
										"enableStaging": true,
										"stagingSettings": {
											"linkedServiceName": {
												"referenceName": "LS_Polybase_Staging",
												"type": "LinkedServiceReference"
											},
											"path": {
												"value": "@concat(pipeline().globalParameters.Env,'/staging/Risk/Polybase_Auto')",
												"type": "Expression"
											},
											"enableCompression": false
										},
										"parallelCopies": 5
									},
									"inputs": [
										{
											"referenceName": "SQL_Staging",
											"type": "DatasetReference",
											"parameters": {
												"DatabaseName": {
													"value": "@pipeline().parameters.SQLServer_DatabaseName",
													"type": "Expression"
												}
											}
										}
									],
									"outputs": [
										{
											"referenceName": "Azure_DW",
											"type": "DatasetReference",
											"parameters": {
												"schema": {
													"value": "@item().target_schema",
													"type": "Expression"
												},
												"table": {
													"value": "@item().target_table",
													"type": "Expression"
												}
											}
										}
									]
								},
								{
									"name": "Get Current Job Status",
									"type": "Lookup",
									"dependsOn": [
										{
											"activity": "Copy Staging",
											"dependencyConditions": [
												"Failed"
											]
										}
									],
									"policy": {
										"timeout": "7.00:00:00",
										"retry": 0,
										"retryIntervalInSeconds": 30,
										"secureOutput": false,
										"secureInput": false
									},
									"userProperties": [],
									"typeProperties": {
										"source": {
											"type": "SqlDWSource",
											"sqlReaderQuery": {
												"value": "@concat('Select Job_Status as Job_Status \nfrom [DataWarehouse_Staging].[Job_Run]\nWhere Job_Id = ',pipeline().parameters.Job_ID)",
												"type": "Expression"
											},
											"queryTimeout": "02:00:00",
											"partitionOption": "None"
										},
										"dataset": {
											"referenceName": "Azure_DW",
											"type": "DatasetReference",
											"parameters": {
												"schema": "DataWarehouse_Staging",
												"table": "Job_Run"
											}
										}
									}
								},
								{
									"name": "Job not set to failed run stop job",
									"type": "IfCondition",
									"dependsOn": [
										{
											"activity": "Get Current Job Status",
											"dependencyConditions": [
												"Succeeded"
											]
										}
									],
									"userProperties": [],
									"typeProperties": {
										"expression": {
											"value": "@not(equals(activity('Get Current Job Status').output.firstRow.Job_Status, 'Failed'))",
											"type": "Expression"
										},
										"ifTrueActivities": [
											{
												"name": "Stop running job",
												"type": "ExecutePipeline",
												"dependsOn": [
													{
														"activity": "Update Job Status Failed",
														"dependencyConditions": [
															"Succeeded"
														]
													}
												],
												"userProperties": [],
												"typeProperties": {
													"pipeline": {
														"referenceName": "Risk - Stop Current Job",
														"type": "PipelineReference"
													},
													"waitOnCompletion": true,
													"parameters": {
														"Failed_Activity_Name": {
															"value": "@('Copy Staging step in job (id: ',pipeline().parameters.Job_ID,') run for ',pipeline().parameters.Source_System)",
															"type": "Expression"
														},
														"Failure_Message": {
															"value": "@activity('Copy Staging').Error.Message",
															"type": "Expression"
														},
														"Pipeline_Job_Run_Id": {
															"value": "@pipeline().parameters.Parent_Run_ID",
															"type": "Expression"
														},
														"Pipeline_Name": {
															"value": "@pipeline().Pipeline",
															"type": "Expression"
														}
													}
												}
											},
											{
												"name": "Update Job Status Failed",
												"type": "SqlServerStoredProcedure",
												"dependsOn": [],
												"policy": {
													"timeout": "7.00:00:00",
													"retry": 0,
													"retryIntervalInSeconds": 30,
													"secureOutput": false,
													"secureInput": false
												},
												"userProperties": [],
												"typeProperties": {
													"storedProcedureName": "[[DataWarehouse_DVRAW].[Update_Job_Status]",
													"storedProcedureParameters": {
														"Job_ID": {
															"value": {
																"value": "@pipeline().parameters.Job_ID",
																"type": "Expression"
															},
															"type": "Int32"
														},
														"Job_Status": {
															"value": "Failed",
															"type": "String"
														}
													}
												},
												"linkedServiceName": {
													"referenceName": "AzureSynapseDW",
													"type": "LinkedServiceReference"
												}
											}
										]
									}
								}
							]
						}
					}
				],
				"parameters": {
					"SQLServer_DatabaseName": {
						"type": "string"
					},
					"Batch_Date": {
						"type": "string"
					},
					"Parent_Run_ID": {
						"type": "string"
					},
					"Job_ID": {
						"type": "string"
					},
					"Source_System": {
						"type": "string"
					}
				},
				"variables": {
					"cancel_job_url": {
						"type": "String"
					},
					"email_subject": {
						"type": "String"
					},
					"email_body": {
						"type": "String"
					},
					"JobStopRequest": {
						"type": "String",
						"defaultValue": "0"
					}
				},
				"folder": {
					"name": "Datawarehouse"
				},
				"annotations": [],
				"lastPublishTime": "2020-12-09T15:19:14Z"
			},
			"dependsOn": [
				"[variables('factoryId')]",
				"[concat(variables('factoryId'), '/pipelines/Risk - Stop Current Job')]"
			]
		},
		{
			"name": "[concat(parameters('factoryName'), '/Risk - DW Create Raw Temp Storage')]",
			"type": "Microsoft.DataFactory/factories/pipelines",
			"apiVersion": "2018-06-01",
			"properties": {
				"activities": [
					{
						"name": "Lookup  Stored Procs",
						"type": "Lookup",
						"dependsOn": [],
						"policy": {
							"timeout": "7.00:00:00",
							"retry": 0,
							"retryIntervalInSeconds": 30,
							"secureOutput": false,
							"secureInput": false
						},
						"userProperties": [],
						"typeProperties": {
							"source": {
								"type": "SqlDWSource",
								"sqlReaderQuery": {
									"value": "@concat(  'SELECT  [Proc_Database]\n      ,[Proc_Schema]\n      ,[Procedure_Name]\n      ,[Affected_Table]\n      ,[Source_System]\n      ,[Update_DTS]\n      ,[DWML_File]\n  FROM [DataWarehouse_Staging].[Ref_Staging_Prep_Procedures]\n  where Source_System = ''', pipeline().parameters.Source_System, '''')",
									"type": "Expression"
								},
								"queryTimeout": "02:00:00",
								"partitionOption": "None"
							},
							"dataset": {
								"referenceName": "Azure_DW",
								"type": "DatasetReference",
								"parameters": {
									"schema": "[[DataWarehouse_Staging]",
									"table": "[[Job_Run]"
								}
							},
							"firstRowOnly": false
						}
					},
					{
						"name": "ForEach1",
						"type": "ForEach",
						"dependsOn": [
							{
								"activity": "Lookup  Stored Procs",
								"dependencyConditions": [
									"Succeeded"
								]
							}
						],
						"userProperties": [],
						"typeProperties": {
							"items": {
								"value": "@activity('Lookup  Stored Procs').output.value",
								"type": "Expression"
							},
							"isSequential": false,
							"batchCount": 3,
							"activities": [
								{
									"name": "Create temp tables",
									"type": "SqlServerStoredProcedure",
									"dependsOn": [],
									"policy": {
										"timeout": "7.00:00:00",
										"retry": 0,
										"retryIntervalInSeconds": 30,
										"secureOutput": false,
										"secureInput": false
									},
									"userProperties": [],
									"typeProperties": {
										"storedProcedureName": {
											"value": "@concat(item().Proc_Database,'_',item().Proc_Schema,'.',item().Procedure_Name)",
											"type": "Expression"
										},
										"storedProcedureParameters": {
											"JobID": {
												"value": {
													"value": "@pipeline().parameters.Job_ID",
													"type": "Expression"
												},
												"type": "Int32"
											}
										}
									},
									"linkedServiceName": {
										"referenceName": "AzureSynapseDW",
										"type": "LinkedServiceReference"
									}
								},
								{
									"name": "Get Current Job Status",
									"type": "Lookup",
									"dependsOn": [
										{
											"activity": "Create temp tables",
											"dependencyConditions": [
												"Failed"
											]
										}
									],
									"policy": {
										"timeout": "7.00:00:00",
										"retry": 0,
										"retryIntervalInSeconds": 30,
										"secureOutput": false,
										"secureInput": false
									},
									"userProperties": [],
									"typeProperties": {
										"source": {
											"type": "SqlDWSource",
											"sqlReaderQuery": {
												"value": "@concat('Select Job_Status as Job_Status \nfrom [DataWarehouse_Staging].[Job_Run]\nWhere Job_Id = ',pipeline().parameters.Job_ID)",
												"type": "Expression"
											},
											"queryTimeout": "02:00:00",
											"partitionOption": "None"
										},
										"dataset": {
											"referenceName": "Azure_DW",
											"type": "DatasetReference",
											"parameters": {
												"schema": "DataWarehouse_Staging",
												"table": "Job_Run"
											}
										}
									}
								},
								{
									"name": "Job is not failed stop run",
									"type": "IfCondition",
									"dependsOn": [
										{
											"activity": "Get Current Job Status",
											"dependencyConditions": [
												"Succeeded"
											]
										}
									],
									"userProperties": [],
									"typeProperties": {
										"expression": {
											"value": "@not(equals(activity('Get Current Job Status').output.firstRow.Job_Status, 'Failed'))",
											"type": "Expression"
										},
										"ifTrueActivities": [
											{
												"name": "Stop running job",
												"type": "ExecutePipeline",
												"dependsOn": [
													{
														"activity": "Update Job Status Failed",
														"dependencyConditions": [
															"Succeeded"
														]
													}
												],
												"userProperties": [],
												"typeProperties": {
													"pipeline": {
														"referenceName": "Risk - Stop Current Job",
														"type": "PipelineReference"
													},
													"waitOnCompletion": true,
													"parameters": {
														"Failed_Activity_Name": {
															"value": "@('Create Raw Temp Storage step in job (id: ',pipeline().parameters.Job_ID,') run for ',pipeline().parameters.Source_System)",
															"type": "Expression"
														},
														"Failure_Message": {
															"value": "@activity('Create temp tables').Error.Message",
															"type": "Expression"
														},
														"Pipeline_Job_Run_Id": {
															"value": "@pipeline().parameters.Parent_Run_ID",
															"type": "Expression"
														},
														"Pipeline_Name": {
															"value": "@pipeline().Pipeline",
															"type": "Expression"
														}
													}
												}
											},
											{
												"name": "Update Job Status Failed",
												"type": "SqlServerStoredProcedure",
												"dependsOn": [],
												"policy": {
													"timeout": "7.00:00:00",
													"retry": 0,
													"retryIntervalInSeconds": 30,
													"secureOutput": false,
													"secureInput": false
												},
												"userProperties": [],
												"typeProperties": {
													"storedProcedureName": "[[DataWarehouse_DVRAW].[Update_Job_Status]",
													"storedProcedureParameters": {
														"Job_ID": {
															"value": {
																"value": "@pipeline().parameters.Job_ID",
																"type": "Expression"
															},
															"type": "Int32"
														},
														"Job_Status": {
															"value": "Failed",
															"type": "String"
														}
													}
												},
												"linkedServiceName": {
													"referenceName": "AzureSynapseDW",
													"type": "LinkedServiceReference"
												}
											}
										]
									}
								}
							]
						}
					}
				],
				"parameters": {
					"Job_ID": {
						"type": "string"
					},
					"Parent_Run_ID": {
						"type": "string"
					},
					"Source_System": {
						"type": "string"
					}
				},
				"folder": {
					"name": "Datawarehouse"
				},
				"annotations": [],
				"lastPublishTime": "2020-12-04T19:14:15Z"
			},
			"dependsOn": [
				"[variables('factoryId')]",
				"[concat(variables('factoryId'), '/pipelines/Risk - Stop Current Job')]"
			]
		},
		{
			"name": "[concat(parameters('factoryName'), '/Risk - DW_Call SP ADF')]",
			"type": "Microsoft.DataFactory/factories/pipelines",
			"apiVersion": "2018-06-01",
			"properties": {
				"activities": [
					{
						"name": "Lookup  Stored Procs",
						"type": "Lookup",
						"dependsOn": [],
						"policy": {
							"timeout": "7.00:00:00",
							"retry": 0,
							"retryIntervalInSeconds": 30,
							"secureOutput": false,
							"secureInput": false
						},
						"userProperties": [],
						"typeProperties": {
							"source": {
								"type": "SqlDWSource",
								"sqlReaderQuery": {
									"value": "@concat('SELECT [Process_ID]\n      ,[Process_Name]\n      ,[Process_Description]\n      ,[DWML_File]\n      ,[Last_Compile_DTS]\n  FROM [DataWarehouse_DVRAW].[Ref_Process]\n  where Source_System = ''', pipeline().parameters.Source_System, '''')",
									"type": "Expression"
								},
								"queryTimeout": "02:00:00",
								"partitionOption": "None"
							},
							"dataset": {
								"referenceName": "Azure_DW",
								"type": "DatasetReference",
								"parameters": {
									"schema": "[[DataWarehouse_Staging]",
									"table": "[[Job_Run]"
								}
							},
							"firstRowOnly": false
						}
					},
					{
						"name": "ForEach1",
						"type": "ForEach",
						"dependsOn": [
							{
								"activity": "Lookup  Stored Procs",
								"dependencyConditions": [
									"Succeeded"
								]
							}
						],
						"userProperties": [],
						"typeProperties": {
							"items": {
								"value": "@activity('Lookup  Stored Procs').output.value",
								"type": "Expression"
							},
							"isSequential": false,
							"batchCount": 3,
							"activities": [
								{
									"name": "StoredProc",
									"type": "SqlServerStoredProcedure",
									"dependsOn": [],
									"policy": {
										"timeout": "7.00:00:00",
										"retry": 0,
										"retryIntervalInSeconds": 30,
										"secureOutput": false,
										"secureInput": false
									},
									"userProperties": [],
									"typeProperties": {
										"storedProcedureName": {
											"value": "@concat('DataWarehouse_DVRAW.',item().Process_Name)",
											"type": "Expression"
										},
										"storedProcedureParameters": {
											"BatchDTS": {
												"value": {
													"value": "@pipeline().parameters.Batch_DTS",
													"type": "Expression"
												},
												"type": "DateTime"
											},
											"JobID": {
												"value": {
													"value": "@pipeline().parameters.Job_ID",
													"type": "Expression"
												},
												"type": "Int32"
											}
										}
									},
									"linkedServiceName": {
										"referenceName": "AzureSynapseDW",
										"type": "LinkedServiceReference"
									}
								},
								{
									"name": "Get Current Job Status",
									"type": "Lookup",
									"dependsOn": [
										{
											"activity": "StoredProc",
											"dependencyConditions": [
												"Failed"
											]
										}
									],
									"policy": {
										"timeout": "7.00:00:00",
										"retry": 0,
										"retryIntervalInSeconds": 30,
										"secureOutput": false,
										"secureInput": false
									},
									"userProperties": [],
									"typeProperties": {
										"source": {
											"type": "SqlDWSource",
											"sqlReaderQuery": {
												"value": "@concat('Select Job_Status as Job_Status \nfrom [DataWarehouse_Staging].[Job_Run]\nWhere Job_Id = ',pipeline().parameters.Job_ID)",
												"type": "Expression"
											},
											"queryTimeout": "02:00:00",
											"partitionOption": "None"
										},
										"dataset": {
											"referenceName": "Azure_DW",
											"type": "DatasetReference",
											"parameters": {
												"schema": "DataWarehouse_Staging",
												"table": "Job_Run"
											}
										}
									}
								},
								{
									"name": "Job is not failed stop run",
									"type": "IfCondition",
									"dependsOn": [
										{
											"activity": "Get Current Job Status",
											"dependencyConditions": [
												"Succeeded"
											]
										}
									],
									"userProperties": [],
									"typeProperties": {
										"expression": {
											"value": "@not(equals(activity('Get Current Job Status').output.firstRow.Job_Status, 'Failed'))",
											"type": "Expression"
										},
										"ifTrueActivities": [
											{
												"name": "Stop running job",
												"type": "ExecutePipeline",
												"dependsOn": [
													{
														"activity": "Update Job Status Failed",
														"dependencyConditions": [
															"Succeeded"
														]
													}
												],
												"userProperties": [],
												"typeProperties": {
													"pipeline": {
														"referenceName": "Risk - Stop Current Job",
														"type": "PipelineReference"
													},
													"waitOnCompletion": true,
													"parameters": {
														"Failed_Activity_Name": {
															"value": "@('Call SP ADF step in job (id: ',pipeline().parameters.Job_ID,') run for ',pipeline().parameters.Source_System)",
															"type": "Expression"
														},
														"Failure_Message": {
															"value": "@activity('StoredProc').Error.Message",
															"type": "Expression"
														},
														"Pipeline_Job_Run_Id": {
															"value": "@pipeline().parameters.Parent_Run_ID",
															"type": "Expression"
														},
														"Pipeline_Name": {
															"value": "@pipeline().Pipeline",
															"type": "Expression"
														}
													}
												}
											},
											{
												"name": "Update Job Status Failed",
												"type": "SqlServerStoredProcedure",
												"dependsOn": [],
												"policy": {
													"timeout": "7.00:00:00",
													"retry": 0,
													"retryIntervalInSeconds": 30,
													"secureOutput": false,
													"secureInput": false
												},
												"userProperties": [],
												"typeProperties": {
													"storedProcedureName": "[[DataWarehouse_DVRAW].[Update_Job_Status]",
													"storedProcedureParameters": {
														"Job_ID": {
															"value": {
																"value": "@pipeline().parameters.Job_ID",
																"type": "Expression"
															},
															"type": "Int32"
														},
														"Job_Status": {
															"value": "Failed",
															"type": "String"
														}
													}
												},
												"linkedServiceName": {
													"referenceName": "AzureSynapseDW",
													"type": "LinkedServiceReference"
												}
											}
										]
									}
								}
							]
						}
					}
				],
				"parameters": {
					"Batch_DTS": {
						"type": "string"
					},
					"Job_ID": {
						"type": "string"
					},
					"Parent_Run_ID": {
						"type": "string"
					},
					"Source_System": {
						"type": "string"
					}
				},
				"folder": {
					"name": "Datawarehouse"
				},
				"annotations": [],
				"lastPublishTime": "2020-12-04T19:14:15Z"
			},
			"dependsOn": [
				"[variables('factoryId')]",
				"[concat(variables('factoryId'), '/pipelines/Risk - Stop Current Job')]"
			]
		},
		{
			"name": "[concat(parameters('factoryName'), '/Risk - DW_Call SP Bus Vault')]",
			"type": "Microsoft.DataFactory/factories/pipelines",
			"apiVersion": "2018-06-01",
			"properties": {
				"activities": [
					{
						"name": "Lookup  Stored Procs",
						"type": "Lookup",
						"dependsOn": [],
						"policy": {
							"timeout": "7.00:00:00",
							"retry": 0,
							"retryIntervalInSeconds": 30,
							"secureOutput": false,
							"secureInput": false
						},
						"userProperties": [],
						"typeProperties": {
							"source": {
								"type": "SqlDWSource",
								"sqlReaderQuery": {
									"value": "@concat(\n   'SELECT  [Proc_Database]\n      ,[Proc_Schema]\n      ,[Procedure_Name]\n      ,[Affected_Table]\n      ,[Source_System]\n      ,[Update_DTS]\n  FROM [DataWarehouse_DVBUS].[Ref_Business_Vault_Procedures]\n  where Source_System = ''', pipeline().parameters.Source_System, '''')",
									"type": "Expression"
								},
								"queryTimeout": "02:00:00",
								"partitionOption": "None"
							},
							"dataset": {
								"referenceName": "Azure_DW",
								"type": "DatasetReference",
								"parameters": {
									"schema": "[[DataWarehouse_Staging]",
									"table": "[[Job_Run]"
								}
							},
							"firstRowOnly": false
						}
					},
					{
						"name": "ForEach1",
						"type": "ForEach",
						"dependsOn": [
							{
								"activity": "Lookup  Stored Procs",
								"dependencyConditions": [
									"Succeeded"
								]
							}
						],
						"userProperties": [],
						"typeProperties": {
							"items": {
								"value": "@activity('Lookup  Stored Procs').output.value",
								"type": "Expression"
							},
							"isSequential": false,
							"batchCount": 3,
							"activities": [
								{
									"name": "StoredProc",
									"type": "SqlServerStoredProcedure",
									"dependsOn": [],
									"policy": {
										"timeout": "7.00:00:00",
										"retry": 0,
										"retryIntervalInSeconds": 30,
										"secureOutput": false,
										"secureInput": false
									},
									"userProperties": [],
									"typeProperties": {
										"storedProcedureName": {
											"value": "@concat('DataWarehouse_DVBUS.',item().Procedure_Name)",
											"type": "Expression"
										}
									},
									"linkedServiceName": {
										"referenceName": "AzureSynapseDW",
										"type": "LinkedServiceReference"
									}
								},
								{
									"name": "Get Current Job Status",
									"type": "Lookup",
									"dependsOn": [
										{
											"activity": "StoredProc",
											"dependencyConditions": [
												"Failed"
											]
										}
									],
									"policy": {
										"timeout": "7.00:00:00",
										"retry": 0,
										"retryIntervalInSeconds": 30,
										"secureOutput": false,
										"secureInput": false
									},
									"userProperties": [],
									"typeProperties": {
										"source": {
											"type": "SqlDWSource",
											"sqlReaderQuery": {
												"value": "@concat('Select Job_Status as Job_Status \nfrom [DataWarehouse_Staging].[Job_Run]\nWhere Job_Id = ',pipeline().parameters.Job_ID)",
												"type": "Expression"
											},
											"queryTimeout": "02:00:00",
											"partitionOption": "None"
										},
										"dataset": {
											"referenceName": "Azure_DW",
											"type": "DatasetReference",
											"parameters": {
												"schema": "DataWarehouse_Staging",
												"table": "Job_Run"
											}
										}
									}
								},
								{
									"name": "Job is not failed stop run",
									"type": "IfCondition",
									"dependsOn": [
										{
											"activity": "Get Current Job Status",
											"dependencyConditions": [
												"Succeeded"
											]
										}
									],
									"userProperties": [],
									"typeProperties": {
										"expression": {
											"value": "@not(equals(activity('Get Current Job Status').output.firstRow.Job_Status, 'Failed'))",
											"type": "Expression"
										},
										"ifTrueActivities": [
											{
												"name": "Stop running job",
												"type": "ExecutePipeline",
												"dependsOn": [
													{
														"activity": "Update Job Status Failed",
														"dependencyConditions": [
															"Succeeded"
														]
													}
												],
												"userProperties": [],
												"typeProperties": {
													"pipeline": {
														"referenceName": "Risk - Stop Current Job",
														"type": "PipelineReference"
													},
													"waitOnCompletion": true,
													"parameters": {
														"Failed_Activity_Name": {
															"value": "@('Call SP Bus Vault step in job (id: ',pipeline().parameters.Job_ID,') run for ',pipeline().parameters.Source_System)",
															"type": "Expression"
														},
														"Failure_Message": {
															"value": "@activity('StoredProc').Error.Message",
															"type": "Expression"
														},
														"Pipeline_Job_Run_Id": {
															"value": "@pipeline().parameters.Parent_Run_ID",
															"type": "Expression"
														},
														"Pipeline_Name": {
															"value": "@pipeline().Pipeline",
															"type": "Expression"
														}
													}
												}
											},
											{
												"name": "Update Job Status Failed",
												"type": "SqlServerStoredProcedure",
												"dependsOn": [],
												"policy": {
													"timeout": "7.00:00:00",
													"retry": 0,
													"retryIntervalInSeconds": 30,
													"secureOutput": false,
													"secureInput": false
												},
												"userProperties": [],
												"typeProperties": {
													"storedProcedureName": "[[DataWarehouse_DVRAW].[Update_Job_Status]",
													"storedProcedureParameters": {
														"Job_ID": {
															"value": {
																"value": "@pipeline().parameters.Job_ID",
																"type": "Expression"
															},
															"type": "Int32"
														},
														"Job_Status": {
															"value": "Failed",
															"type": "String"
														}
													}
												},
												"linkedServiceName": {
													"referenceName": "AzureSynapseDW",
													"type": "LinkedServiceReference"
												}
											}
										]
									}
								}
							]
						}
					}
				],
				"parameters": {
					"Parent_Run_ID": {
						"type": "string"
					},
					"Job_ID": {
						"type": "string"
					},
					"Source_System": {
						"type": "string"
					}
				},
				"folder": {
					"name": "Datawarehouse"
				},
				"annotations": [],
				"lastPublishTime": "2020-12-04T19:14:15Z"
			},
			"dependsOn": [
				"[variables('factoryId')]",
				"[concat(variables('factoryId'), '/pipelines/Risk - Stop Current Job')]"
			]
		},
		{
			"name": "[concat(parameters('factoryName'), '/Risk - Send Email Notification')]",
			"type": "Microsoft.DataFactory/factories/pipelines",
			"apiVersion": "2018-06-01",
			"properties": {
				"activities": [
					{
						"name": "Set Email Subject",
						"type": "SetVariable",
						"dependsOn": [
							{
								"activity": "Set Email To",
								"dependencyConditions": [
									"Succeeded"
								]
							}
						],
						"userProperties": [],
						"typeProperties": {
							"variableName": "email_subject",
							"value": {
								"value": "@concat('[',pipeline().globalParameters.Env,'] - ',activity('Fetch email fields from DBOperation').output.firstRow.EmailSubject, if(equals(pipeline().parameters.Success_Failure_Flag,'F'),' - ',''),pipeline().parameters.Email_Subject_Addition)",
								"type": "Expression"
							}
						}
					},
					{
						"name": "Set Email Body",
						"type": "SetVariable",
						"dependsOn": [
							{
								"activity": "Set Email Subject",
								"dependencyConditions": [
									"Succeeded"
								]
							}
						],
						"userProperties": [],
						"typeProperties": {
							"variableName": "email_body",
							"value": {
								"value": "@concat('<p><strong>[',pipeline().globalParameters.Env,'] </strong></p>','<p>Timestamp: ',variables('email_time'),'</p>',activity('Fetch email fields from DBOperation').output.firstRow.EmailBody,'<p>',pipeline().parameters.Email_Body_Addition,'</p>')",
								"type": "Expression"
							}
						}
					},
					{
						"name": "Send Email Notification through LogicApp",
						"type": "WebActivity",
						"dependsOn": [
							{
								"activity": "Set Email Body",
								"dependencyConditions": [
									"Skipped"
								]
							}
						],
						"policy": {
							"timeout": "7.00:00:00",
							"retry": 0,
							"retryIntervalInSeconds": 30,
							"secureOutput": false,
							"secureInput": false
						},
						"userProperties": [],
						"typeProperties": {
							"url": "https://prod-25.canadacentral.logic.azure.com:443/workflows/de295f3b7b0c4d6c9d8778203f32b761/triggers/manual/paths/invoke?api-version=2016-10-01&sp=%2Ftriggers%2Fmanual%2Frun&sv=1.0&sig=wne6VPfyS5CFMqRSBahGTTnftuHmC9KSukiaZEJ5BOU",
							"method": "POST",
							"body": {
								"value": "@concat('{\"emailTo\": \"',pipeline().globalParameters.Mail_To,'\",\"emailSubject\": \"', variables('email_subject') ,'\",\"emailBody\": \"',variables('email_body'),'\"}')",
								"type": "Expression"
							}
						}
					},
					{
						"name": "Set Email timestamp",
						"type": "SetVariable",
						"dependsOn": [],
						"userProperties": [],
						"typeProperties": {
							"variableName": "email_time",
							"value": {
								"value": "@utcnow()",
								"type": "Expression"
							}
						}
					},
					{
						"name": "Send Email through SendGrid",
						"type": "WebActivity",
						"dependsOn": [
							{
								"activity": "Set Email Body",
								"dependencyConditions": [
									"Succeeded"
								]
							}
						],
						"policy": {
							"timeout": "7.00:00:00",
							"retry": 0,
							"retryIntervalInSeconds": 30,
							"secureOutput": false,
							"secureInput": false
						},
						"userProperties": [],
						"typeProperties": {
							"url": {
								"value": "@concat(pipeline().globalParameters.Azure_FunctionApp_URL,'/api/SendEmail?code=',pipeline().globalParameters.Azure_Function_SendEmail_Key)",
								"type": "Expression"
							},
							"method": "POST",
							"body": {
								"value": "@concat('{\"emailTo\": \"',variables('email_to'),'\",\"emailSubject\": \"', variables('email_subject') ,'\",\"emailBody\": \"',variables('email_body'),'\"}')",
								"type": "Expression"
							},
							"authentication": {
								"type": "MSI",
								"resource": "https://imcnoimdmsfun02.azurewebsites.net"
							}
						}
					},
					{
						"name": "Fetch email fields from DBOperation",
						"type": "Lookup",
						"dependsOn": [
							{
								"activity": "Set Email timestamp",
								"dependencyConditions": [
									"Succeeded"
								]
							}
						],
						"policy": {
							"timeout": "7.00:00:00",
							"retry": 0,
							"retryIntervalInSeconds": 30,
							"secureOutput": false,
							"secureInput": false
						},
						"userProperties": [],
						"typeProperties": {
							"source": {
								"type": "SqlServerSource",
								"sqlReaderQuery": {
									"value": "@concat('Select  string_agg(EmailAddress,'';'') as EmailAddress, \n\t\tmax(EmailSubject) EmailSubject, \n\t\tMax(EmailBody) EmailBody,\n\t\tmax(Priority) as Priority\nFrom [dbo].[vw_EmailSubscription]\nWhere PackageName = ''', pipeline().parameters.Process_Name,''' \nand SendEmail = ''',pipeline().parameters.Success_Failure_Flag,''' \nGroup By PackageName ')",
									"type": "Expression"
								},
								"queryTimeout": "02:00:00",
								"partitionOption": "None"
							},
							"dataset": {
								"referenceName": "SQL_Staging",
								"type": "DatasetReference",
								"parameters": {
									"DatabaseName": "DBOperations"
								}
							}
						}
					},
					{
						"name": "Set Email To",
						"type": "SetVariable",
						"dependsOn": [
							{
								"activity": "Fetch email fields from DBOperation",
								"dependencyConditions": [
									"Succeeded"
								]
							}
						],
						"userProperties": [],
						"typeProperties": {
							"variableName": "email_to",
							"value": {
								"value": "@activity('Fetch email fields from DBOperation').output.firstRow.EmailAddress",
								"type": "Expression"
							}
						}
					}
				],
				"parameters": {
					"Email_Subject_Addition": {
						"type": "string"
					},
					"Process_Name": {
						"type": "string",
						"defaultValue": "IDP_ADF_Risk"
					},
					"Email_Body_Addition": {
						"type": "string"
					},
					"Success_Failure_Flag": {
						"type": "string",
						"defaultValue": "S"
					}
				},
				"variables": {
					"email_subject": {
						"type": "String"
					},
					"email_body": {
						"type": "String"
					},
					"email_time": {
						"type": "String"
					},
					"email_to": {
						"type": "String"
					}
				},
				"folder": {
					"name": "Datawarehouse"
				},
				"annotations": [],
				"lastPublishTime": "2020-12-09T19:33:51Z"
			},
			"dependsOn": [
				"[variables('factoryId')]"
			]
		},
		{
			"name": "[concat(parameters('factoryName'), '/Risk - Stop Current Job')]",
			"type": "Microsoft.DataFactory/factories/pipelines",
			"apiVersion": "2018-06-01",
			"properties": {
				"activities": [
					{
						"name": "Set Cancel ADF JOB REST URL",
						"type": "SetVariable",
						"dependsOn": [
							{
								"activity": "Set Failure Flag",
								"dependencyConditions": [
									"Succeeded"
								]
							}
						],
						"userProperties": [],
						"typeProperties": {
							"variableName": "cancel_job_url",
							"value": {
								"value": "@concat('https://management.azure.com/subscriptions/',pipeline().globalParameters.Azure_Subscription_Id, '/resourceGroups/',pipeline().globalParameters.Azure_Resource_Group, '/providers/Microsoft.DataFactory/factories/', pipeline().DataFactory,\n'/pipelineruns/',\npipeline().parameters.Pipeline_Job_Run_Id,\n'/cancel?isRecursive={isRecursive}&api-version=2018-06-01')",
								"type": "Expression"
							}
						}
					},
					{
						"name": "Stop the Running Pipeline Job",
						"type": "WebActivity",
						"dependsOn": [
							{
								"activity": "Set Cancel ADF JOB REST URL",
								"dependencyConditions": [
									"Succeeded"
								]
							}
						],
						"policy": {
							"timeout": "7.00:00:00",
							"retry": 0,
							"retryIntervalInSeconds": 30,
							"secureOutput": false,
							"secureInput": false
						},
						"userProperties": [],
						"typeProperties": {
							"url": {
								"value": "@variables('cancel_job_url')",
								"type": "Expression"
							},
							"method": "POST",
							"body": {
								"message": "Cancel the Pipeline"
							},
							"authentication": {
								"type": "MSI",
								"resource": "https://management.azure.com"
							}
						}
					},
					{
						"name": "Set Email Subject Additon",
						"type": "SetVariable",
						"dependsOn": [
							{
								"activity": "Set Failure Flag",
								"dependencyConditions": [
									"Succeeded"
								]
							}
						],
						"userProperties": [],
						"typeProperties": {
							"variableName": "email_subject_addition",
							"value": {
								"value": "@concat(' task ',pipeline().parameters.Failed_Activity_Name,' in pipeline ',pipeline().parameters.Pipeline_Name)",
								"type": "Expression"
							}
						}
					},
					{
						"name": "Set Email Body Addition",
						"type": "SetVariable",
						"dependsOn": [
							{
								"activity": "Set Email Subject Additon",
								"dependencyConditions": [
									"Succeeded"
								]
							}
						],
						"userProperties": [],
						"typeProperties": {
							"variableName": "email_body_addition",
							"value": {
								"value": "@concat('<p><strong>Task Failure Details:</strong></p>', '<p>The task ',pipeline().parameters.Failed_Activity_Name, ' in pipeline ',pipeline().parameters.Pipeline_Name,' failed.</p>','<p><u>Error message</u></p><p>',replace(pipeline().parameters.Failure_Message,'\"',''''),'</p>')",
								"type": "Expression"
							}
						}
					},
					{
						"name": "Set Failure Flag",
						"type": "SetVariable",
						"dependsOn": [],
						"userProperties": [],
						"typeProperties": {
							"variableName": "failed_flag",
							"value": {
								"value": "F",
								"type": "Expression"
							}
						}
					},
					{
						"name": "Send notification",
						"type": "ExecutePipeline",
						"dependsOn": [
							{
								"activity": "Set Email Body Addition",
								"dependencyConditions": [
									"Succeeded"
								]
							}
						],
						"userProperties": [],
						"typeProperties": {
							"pipeline": {
								"referenceName": "Risk - Send Email Notification",
								"type": "PipelineReference"
							},
							"waitOnCompletion": true,
							"parameters": {
								"Email_Subject_Addition": {
									"value": "@variables('email_subject_addition')",
									"type": "Expression"
								},
								"Process_Name": "IDP_ADF_Risk",
								"Email_Body_Addition": {
									"value": "@variables('email_body_addition')",
									"type": "Expression"
								},
								"Success_Failure_Flag": {
									"value": "@variables('failed_flag')",
									"type": "Expression"
								}
							}
						}
					}
				],
				"parameters": {
					"Failed_Activity_Name": {
						"type": "string"
					},
					"Failure_Message": {
						"type": "string"
					},
					"Pipeline_Job_Run_Id": {
						"type": "string"
					},
					"Pipeline_Name": {
						"type": "string"
					}
				},
				"variables": {
					"cancel_job_url": {
						"type": "String"
					},
					"email_subject_addition": {
						"type": "String"
					},
					"email_body_addition": {
						"type": "String"
					},
					"failed_flag": {
						"type": "String",
						"defaultValue": "F"
					},
					"environment": {
						"type": "String"
					}
				},
				"folder": {
					"name": "Datawarehouse"
				},
				"annotations": [],
				"lastPublishTime": "2020-12-09T19:33:51Z"
			},
			"dependsOn": [
				"[variables('factoryId')]",
				"[concat(variables('factoryId'), '/pipelines/Risk - Send Email Notification')]"
			]
		}
	]
}