{
	"$schema": "http://schema.management.azure.com/schemas/2015-01-01/deploymentTemplate.json#",
	"contentVersion": "1.0.0.0",
	"parameters": {
		"factoryName": {
			"type": "string",
			"metadata": "Data Factory name",
			"defaultValue": "imcnoimdmsadf01"
		}
	},
	"variables": {
		"factoryId": "[concat('Microsoft.DataFactory/factories/', parameters('factoryName'))]"
	},
	"resources": [
		{
			"name": "[concat(parameters('factoryName'), '/Risk - DW_Adhoc Run DVBUS Process')]",
			"type": "Microsoft.DataFactory/factories/pipelines",
			"apiVersion": "2018-06-01",
			"properties": {
				"activities": [
					{
						"name": "Reset jobs staging tables",
						"type": "SqlServerStoredProcedure",
						"dependsOn": [],
						"policy": {
							"timeout": "7.00:00:00",
							"retry": 0,
							"retryIntervalInSeconds": 30,
							"secureOutput": false,
							"secureInput": false
						},
						"userProperties": [],
						"typeProperties": {
							"storedProcedureName": "[[DataWarehouse_DVRAW].[Delete_Job_Run_Source]",
							"storedProcedureParameters": {
								"Source_System": {
									"value": {
										"value": "@pipeline().parameters.Source_System",
										"type": "Expression"
									},
									"type": "String"
								}
							}
						},
						"linkedServiceName": {
							"referenceName": "AzureSynapseDW",
							"type": "LinkedServiceReference"
						}
					},
					{
						"name": "Lookup Dates",
						"type": "Lookup",
						"dependsOn": [
							{
								"activity": "If BatchDate Provided from Parameter",
								"dependencyConditions": [
									"Succeeded"
								]
							}
						],
						"policy": {
							"timeout": "7.00:00:00",
							"retry": 0,
							"retryIntervalInSeconds": 30,
							"secureOutput": false,
							"secureInput": false
						},
						"userProperties": [],
						"typeProperties": {
							"source": {
								"type": "SqlDWSource",
								"sqlReaderQuery": {
									"value": "@concat('SELECT [Job_ID]\n      ,[Load_DTS]\n      ,replace(convert(varchar, [Batch_Date],102),''.'',''-'') as [Batch_Date]\n      ,[Job_Status]\n  FROM [DataWarehouse_Staging].[Job_Run]\n  where [Job_Status] = ''Not Started''\n  and [Job_Run] = ''', pipeline().parameters.Source_System, ''' Order by Batch_Date asc')",
									"type": "Expression"
								},
								"queryTimeout": "02:00:00",
								"partitionOption": "None"
							},
							"dataset": {
								"referenceName": "Azure_DW",
								"type": "DatasetReference",
								"parameters": {
									"schema": "[[DataWarehouse_Staging]",
									"table": "[[Job_Run]"
								}
							},
							"firstRowOnly": false
						}
					},
					{
						"name": "ForEach - Date Execute ETL",
						"type": "ForEach",
						"dependsOn": [
							{
								"activity": "Lookup Dates",
								"dependencyConditions": [
									"Succeeded"
								]
							}
						],
						"userProperties": [],
						"typeProperties": {
							"items": {
								"value": "@activity('Lookup Dates').output.value",
								"type": "Expression"
							},
							"isSequential": true,
							"activities": [
								{
									"name": "Create Job Run Process",
									"type": "SqlServerStoredProcedure",
									"dependsOn": [],
									"policy": {
										"timeout": "7.00:00:00",
										"retry": 0,
										"retryIntervalInSeconds": 30,
										"secureOutput": false,
										"secureInput": false
									},
									"userProperties": [],
									"typeProperties": {
										"storedProcedureName": "[[DataWarehouse_DVRAW].[Create_Job_Run_Process]",
										"storedProcedureParameters": {
											"Job_ID": {
												"value": {
													"value": "@item().Job_ID",
													"type": "Expression"
												},
												"type": "Int32"
											},
											"Source_System": {
												"value": {
													"value": "@pipeline().parameters.Source_System",
													"type": "Expression"
												},
												"type": "String"
											}
										}
									},
									"linkedServiceName": {
										"referenceName": "AzureSynapseDW",
										"type": "LinkedServiceReference"
									}
								},
								{
									"name": "Update Job Status",
									"type": "SqlServerStoredProcedure",
									"dependsOn": [
										{
											"activity": "Create Job Run Process",
											"dependencyConditions": [
												"Succeeded"
											]
										}
									],
									"policy": {
										"timeout": "7.00:00:00",
										"retry": 0,
										"retryIntervalInSeconds": 30,
										"secureOutput": false,
										"secureInput": false
									},
									"userProperties": [],
									"typeProperties": {
										"storedProcedureName": "[[DataWarehouse_DVRAW].[Update_Job_Status]",
										"storedProcedureParameters": {
											"Job_ID": {
												"value": {
													"value": "@item().Job_ID",
													"type": "Expression"
												},
												"type": "Int32"
											},
											"Job_Status": {
												"value": "In Progress",
												"type": "String"
											}
										}
									},
									"linkedServiceName": {
										"referenceName": "AzureSynapseDW",
										"type": "LinkedServiceReference"
									}
								},
								{
									"name": "Update Job to Completed",
									"type": "SqlServerStoredProcedure",
									"dependsOn": [
										{
											"activity": "Risk - DW_Run DVBUS Process",
											"dependencyConditions": [
												"Succeeded"
											]
										}
									],
									"policy": {
										"timeout": "7.00:00:00",
										"retry": 0,
										"retryIntervalInSeconds": 30,
										"secureOutput": false,
										"secureInput": false
									},
									"userProperties": [],
									"typeProperties": {
										"storedProcedureName": "[[DataWarehouse_DVRAW].[Update_Job_Status]",
										"storedProcedureParameters": {
											"Job_ID": {
												"value": {
													"value": "@item().Job_ID",
													"type": "Expression"
												},
												"type": "Int32"
											},
											"Job_Status": {
												"value": "Success",
												"type": "String"
											}
										}
									},
									"linkedServiceName": {
										"referenceName": "AzureSynapseDW",
										"type": "LinkedServiceReference"
									}
								},
								{
									"name": "Risk - DW_Run DVBUS Process",
									"type": "ExecutePipeline",
									"dependsOn": [
										{
											"activity": "Update Job Status",
											"dependencyConditions": [
												"Succeeded"
											]
										}
									],
									"userProperties": [],
									"typeProperties": {
										"pipeline": {
											"referenceName": "Risk - DW_Run DVBUS Process",
											"type": "PipelineReference"
										},
										"waitOnCompletion": true,
										"parameters": {
											"Parent_Run_ID": {
												"value": "@pipeline().RunId",
												"type": "Expression"
											},
											"Job_ID": {
												"value": "@item().Job_ID",
												"type": "Expression"
											},
											"Source_System": {
												"value": "@pipeline().parameters.Source_System",
												"type": "Expression"
											},
											"Batch_DTS": {
												"value": "@item().Batch_Date",
												"type": "Expression"
											},
											"Load_Type": {
												"value": "@pipeline().parameters.Load_Type",
												"type": "Expression"
											}
										}
									}
								}
							]
						}
					},
					{
						"name": "If BatchDate Provided from Parameter",
						"type": "IfCondition",
						"dependsOn": [
							{
								"activity": "Reset jobs staging tables",
								"dependencyConditions": [
									"Succeeded"
								]
							}
						],
						"userProperties": [],
						"typeProperties": {
							"expression": {
								"value": "@and(not(equals(coalesce(pipeline().parameters.Batch_Date,'1900-01-01'),'1900-01-01')), not(equals(pipeline().parameters.Batch_Date,'')))",
								"type": "Expression"
							},
							"ifFalseActivities": [
								{
									"name": "Create Job Run Single Date Other Source",
									"type": "SqlServerStoredProcedure",
									"dependsOn": [
										{
											"activity": "Get Today date string Other Source",
											"dependencyConditions": [
												"Succeeded"
											]
										}
									],
									"policy": {
										"timeout": "7.00:00:00",
										"retry": 0,
										"retryIntervalInSeconds": 30,
										"secureOutput": false,
										"secureInput": false
									},
									"userProperties": [],
									"typeProperties": {
										"storedProcedureName": "[[DataWarehouse_DVRAW].[Create_Job_Run_SingleDate]",
										"storedProcedureParameters": {
											"BatchDate": {
												"value": {
													"value": "@activity('Get Today date string Other Source').output.firstRow.Batch_Date",
													"type": "Expression"
												},
												"type": "DateTime"
											},
											"SourceSystem": {
												"value": {
													"value": "@pipeline().parameters.Source_System",
													"type": "Expression"
												},
												"type": "String"
											}
										}
									},
									"linkedServiceName": {
										"referenceName": "AzureSynapseDW",
										"type": "LinkedServiceReference"
									}
								},
								{
									"name": "Get Today date string Other Source",
									"type": "Lookup",
									"dependsOn": [],
									"policy": {
										"timeout": "7.00:00:00",
										"retry": 0,
										"retryIntervalInSeconds": 30,
										"secureOutput": false,
										"secureInput": false
									},
									"userProperties": [],
									"typeProperties": {
										"source": {
											"type": "SqlDWSource",
											"sqlReaderQuery": "\t  Select replace(convert(varchar, getdate(),  102),'.','-') as Batch_Date",
											"queryTimeout": "02:00:00",
											"partitionOption": "None"
										},
										"dataset": {
											"referenceName": "Azure_DW",
											"type": "DatasetReference",
											"parameters": {
												"schema": "DataWarehouse_Staging",
												"table": "Job_Run"
											}
										}
									}
								}
							],
							"ifTrueActivities": [
								{
									"name": "Stop running job",
									"type": "ExecutePipeline",
									"dependsOn": [
										{
											"activity": "Set run dates for the source from Paras",
											"dependencyConditions": [
												"Failed"
											]
										}
									],
									"userProperties": [],
									"typeProperties": {
										"pipeline": {
											"referenceName": "Risk - Stop Current Job",
											"type": "PipelineReference"
										},
										"waitOnCompletion": true,
										"parameters": {
											"Failed_Activity_Name": {
												"value": "'Create Single Job Load'",
												"type": "Expression"
											},
											"Failure_Message": {
												"value": "@activity('Set run dates for the source from Paras').Error.Message",
												"type": "Expression"
											},
											"Pipeline_Job_Run_Id": {
												"value": "@pipeline().RunId",
												"type": "Expression"
											},
											"Pipeline_Name": {
												"value": "@pipeline().Pipeline",
												"type": "Expression"
											},
											"Source_System": {
												"value": "@pipeline().parameters.Source_System",
												"type": "Expression"
											}
										}
									}
								},
								{
									"name": "Set run dates for the source from Paras",
									"type": "Lookup",
									"dependsOn": [],
									"policy": {
										"timeout": "7.00:00:00",
										"retry": 0,
										"retryIntervalInSeconds": 30,
										"secureOutput": false,
										"secureInput": false
									},
									"userProperties": [],
									"typeProperties": {
										"source": {
											"type": "SqlDWSource",
											"sqlReaderQuery": {
												"value": "@concat('Begin\n\tdeclare @today datetime = getdate()\n\tDeclare @time varchar(255)\n\n\tselect @time = convert(varchar, @today, 114)\n\n\n\t\t\t\tINSERT INTO  [DataWarehouse_Staging].[Job_Run]\n\t\t\t\t([Load_DTS] ,[Batch_Date] ,[Job_Status],[Job_Run])\n\t\t\t\tSELECT \n\t\t\t\t\t\tdateadd(mi,rn, @today)\n\t\t\t\t\t\t, convert(date,Batch_Date,23) \n\t\t\t\t\t\t ,''Not Started''\n\t\t\t\t\t, ''',pipeline().parameters.Source_System,''' \n\t\t\t\t\tFrom (\n\t\t\t\t\tSelect value Batch_Date, row_number() over(order by value) rn\n\t\t\t\t\tfrom string_split(''',pipeline().parameters.Batch_Date,''','','')\n\t\t\t\t\t) a ;\n\n\n\n     Select 1 result\t \n End')",
												"type": "Expression"
											},
											"queryTimeout": "02:00:00",
											"partitionOption": "None"
										},
										"dataset": {
											"referenceName": "Azure_DW",
											"type": "DatasetReference",
											"parameters": {
												"schema": "[[DataWarehouse_Staging]",
												"table": "[[Job_Run]"
											}
										},
										"firstRowOnly": false
									}
								}
							]
						}
					},
					{
						"name": "Check if SSAS refresh to run",
						"type": "IfCondition",
						"dependsOn": [
							{
								"activity": "Get SSAS refresh source system list",
								"dependencyConditions": [
									"Succeeded"
								]
							}
						],
						"userProperties": [],
						"typeProperties": {
							"expression": {
								"value": "@contains(toUpper(activity('Get SSAS refresh source system list').output.firstRow.Source_System_List), concat(',',toUpper(pipeline().parameters.Source_System),','))",
								"type": "Expression"
							},
							"ifTrueActivities": [
								{
									"name": "Risk - DW_Refresh_SSAS",
									"type": "ExecutePipeline",
									"dependsOn": [],
									"userProperties": [],
									"typeProperties": {
										"pipeline": {
											"referenceName": "Risk - DW_Refresh_SSAS",
											"type": "PipelineReference"
										},
										"waitOnCompletion": true,
										"parameters": {
											"Parent_Run_ID": {
												"value": "@pipeline().RunId",
												"type": "Expression"
											},
											"Source_System": {
												"value": "@pipeline().parameters.Source_System",
												"type": "Expression"
											}
										}
									}
								}
							]
						}
					},
					{
						"name": "Get SSAS refresh source system list",
						"type": "Lookup",
						"dependsOn": [
							{
								"activity": "ForEach - Date Execute ETL",
								"dependencyConditions": [
									"Succeeded"
								]
							}
						],
						"policy": {
							"timeout": "7.00:00:00",
							"retry": 0,
							"retryIntervalInSeconds": 30,
							"secureOutput": false,
							"secureInput": false
						},
						"userProperties": [],
						"typeProperties": {
							"source": {
								"type": "SqlDWSource",
								"sqlReaderQuery": "  Select ',' + String_Agg(Source_System, ',') + ','  Source_System_List\n  From [DataWarehouse_DVMart].[Ref_SSAS_Table_Refresh]",
								"queryTimeout": "02:00:00",
								"partitionOption": "None"
							},
							"dataset": {
								"referenceName": "Azure_DW",
								"type": "DatasetReference",
								"parameters": {
									"schema": "DataWarehouse_DVMart",
									"table": "Ref_SSAS_Table_Refresh"
								}
							}
						}
					}
				],
				"parameters": {
					"Batch_Date": {
						"type": "string"
					},
					"Source_System": {
						"type": "string",
						"defaultValue": "BarraOne"
					},
					"Load_Type": {
						"type": "string",
						"defaultValue": "ADHOC"
					}
				},
				"variables": {
					"ProcessCompleted": {
						"type": "Boolean"
					}
				},
				"folder": {
					"name": "Datawarehouse/Utilities"
				},
				"annotations": [],
				"lastPublishTime": "2020-12-09T19:33:51Z"
			},
			"dependsOn": [
				"[variables('factoryId')]"
			]
		}
	]
}