{
	"$schema": "http://schema.management.azure.com/schemas/2015-01-01/deploymentTemplate.json#",
	"contentVersion": "1.0.0.0",
	"parameters": {
		"factoryName": {
			"type": "string",
			"metadata": "Data Factory name",
			"defaultValue": "imcnoimdmsadf01"
		}
	},
	"variables": {
		"factoryId": "[concat('Microsoft.DataFactory/factories/', parameters('factoryName'))]"
	},
	"resources": [
		{
			"name": "[concat(parameters('factoryName'), '/EDW Get SharePoint File')]",
			"type": "Microsoft.DataFactory/factories/pipelines",
			"apiVersion": "2018-06-01",
			"properties": {
				"activities": [
					{
						"name": "SharePoint Authentication",
						"type": "WebActivity",
						"dependsOn": [
							{
								"activity": "Set Client Secret",
								"dependencyConditions": [
									"Succeeded"
								]
							}
						],
						"policy": {
							"timeout": "7.00:00:00",
							"retry": 0,
							"retryIntervalInSeconds": 30,
							"secureOutput": true,
							"secureInput": false
						},
						"userProperties": [],
						"typeProperties": {
							"url": {
								"value": "@concat('https://accounts.accesscontrol.windows.net/',activity('Get SharePoint Config').output.firstRow.SharePoint_Tenant_ID,'/tokens/OAuth/2')",
								"type": "Expression"
							},
							"method": "POST",
							"headers": {
								"Content-Type": "application/x-www-form-urlencoded"
							},
							"body": {
								"value": "@concat('grant_type=client_credentials&client_id=',activity('Get SharePoint Config').output.firstRow.Client_ID,'@',activity('Get SharePoint Config').output.firstRow.SharePoint_Tenant_ID,'&client_secret=',variables('ClientSecret'),'&resource=00000003-0000-0ff1-ce00-000000000000/',activity('Get SharePoint Config').output.firstRow.SharePoint_Tenant_Name,'@',activity('Get SharePoint Config').output.firstRow.SharePoint_Tenant_ID)",
								"type": "Expression"
							}
						}
					},
					{
						"name": "Copy To ADLS",
						"type": "Copy",
						"dependsOn": [
							{
								"activity": "SharePoint Authentication",
								"dependencyConditions": [
									"Succeeded"
								]
							}
						],
						"policy": {
							"timeout": "7.00:00:00",
							"retry": 0,
							"retryIntervalInSeconds": 30,
							"secureOutput": false,
							"secureInput": false
						},
						"userProperties": [
							{
								"name": "DocumentName",
								"value": "@{pipeline().parameters.Document_Name}"
							},
							{
								"name": "Destination",
								"value": "@{pipeline().globalParameters.Env}/@{activity('Get SharePoint Config').output.firstRow.ADLS_Destination_Path}/@{pipeline().parameters.Document_Name}"
							}
						],
						"typeProperties": {
							"source": {
								"type": "BinarySource",
								"storeSettings": {
									"type": "HttpReadSettings",
									"requestMethod": "GET",
									"additionalHeaders": {
										"value": "@{concat('Authorization: Bearer ', activity('SharePoint Authentication').output.access_token)}",
										"type": "Expression"
									},
									"requestTimeout": ""
								},
								"formatSettings": {
									"type": "BinaryReadSettings"
								}
							},
							"sink": {
								"type": "BinarySink",
								"storeSettings": {
									"type": "AzureBlobFSWriteSettings"
								}
							},
							"enableStaging": false
						},
						"inputs": [
							{
								"referenceName": "HTTP_SharePoint_Binary",
								"type": "DatasetReference",
								"parameters": {
									"SharePoint_URL": {
										"value": "@activity('Get SharePoint Config').output.firstRow.SharePoint_URL",
										"type": "Expression"
									},
									"Document_Path": {
										"value": "@activity('Get SharePoint Config').output.firstRow.Document_Path",
										"type": "Expression"
									},
									"Document_Name": {
										"value": "@pipeline().parameters.Document_Name",
										"type": "Expression"
									}
								}
							}
						],
						"outputs": [
							{
								"referenceName": "ds_ADLS_Binary",
								"type": "DatasetReference",
								"parameters": {
									"env": {
										"value": "@pipeline().globalParameters.Env",
										"type": "Expression"
									},
									"folder_path": {
										"value": "@activity('Get SharePoint Config').output.firstRow.ADLS_Destination_Path",
										"type": "Expression"
									},
									"file_name": {
										"value": "@pipeline().parameters.Document_Name",
										"type": "Expression"
									}
								}
							}
						]
					},
					{
						"name": "Get SharePoint Secret",
						"type": "WebActivity",
						"dependsOn": [
							{
								"activity": "Get SharePoint Config",
								"dependencyConditions": [
									"Succeeded"
								]
							}
						],
						"policy": {
							"timeout": "7.00:00:00",
							"retry": 0,
							"retryIntervalInSeconds": 30,
							"secureOutput": true,
							"secureInput": false
						},
						"userProperties": [],
						"typeProperties": {
							"url": {
								"value": "@activity('Get SharePoint Config').output.firstRow.KeyVault_URL",
								"type": "Expression"
							},
							"method": "GET",
							"authentication": {
								"type": "MSI",
								"resource": "https://vault.azure.net"
							}
						}
					},
					{
						"name": "Set Client Secret",
						"type": "SetVariable",
						"dependsOn": [
							{
								"activity": "Get SharePoint Secret",
								"dependencyConditions": [
									"Succeeded"
								]
							}
						],
						"userProperties": [],
						"typeProperties": {
							"variableName": "ClientSecret",
							"value": {
								"value": "@activity('Get SharePoint Secret').output.value",
								"type": "Expression"
							}
						}
					},
					{
						"name": "Get SharePoint Config",
						"type": "Lookup",
						"dependsOn": [
							{
								"activity": "Info check document name parameter",
								"dependencyConditions": [
									"Succeeded"
								]
							}
						],
						"policy": {
							"timeout": "7.00:00:00",
							"retry": 0,
							"retryIntervalInSeconds": 30,
							"secureOutput": false,
							"secureInput": false
						},
						"userProperties": [],
						"typeProperties": {
							"source": {
								"type": "SqlDWSource",
								"sqlReaderQuery": {
									"value": "@concat('SELECT [KeyVault_URL]\n      ,[SharePoint_Tenant_ID]\n      ,[SharePoint_Tenant_Name]\n      ,[Client_ID]\n      ,[SharePoint_URL]\n      ,[Document_Path]\n      ,[ADLS_Destination_Path]\n      ,[Update_DTS]\n  FROM [EDW_Config].[SharePoint_Document]\n  where  [Load_Type] =''',pipeline().parameters.Load_Type, '''')",
									"type": "Expression"
								},
								"queryTimeout": "02:00:00",
								"partitionOption": "None"
							},
							"dataset": {
								"referenceName": "Azure_DW",
								"type": "DatasetReference",
								"parameters": {
									"schema": "EDW_Config",
									"table": "SharePoint_Document"
								}
							}
						}
					},
					{
						"name": "Info check document name parameter",
						"type": "SetVariable",
						"dependsOn": [],
						"userProperties": [],
						"typeProperties": {
							"variableName": "v_DocumentName",
							"value": {
								"value": "@pipeline().parameters.Document_Name",
								"type": "Expression"
							}
						}
					},
					{
						"name": "Stop running job",
						"type": "ExecutePipeline",
						"dependsOn": [
							{
								"activity": "Update Job Status Failed",
								"dependencyConditions": [
									"Succeeded"
								]
							}
						],
						"userProperties": [],
						"typeProperties": {
							"pipeline": {
								"referenceName": "Risk - Stop Current Job",
								"type": "PipelineReference"
							},
							"waitOnCompletion": true,
							"parameters": {
								"Failed_Activity_Name": {
									"value": "@concat('Download from SharePoint for ETL Load (id: ',pipeline().parameters.ETL_Load_Key,') run for ',pipeline().parameters.Load_Type)",
									"type": "Expression"
								},
								"Failure_Message": {
									"value": "@concat('<p>SharePoint URL: ',activity('Get SharePoint Config').output.firstRow.SharePoint_URL,'</p><p>Document Path: ',activity('Get SharePoint Config').output.firstRow.Document_Path,'</p><p>Document Name: ',variables('v_DocumentName'),'</p><p>',activity('Copy To ADLS').Error.Message,'</p>')",
									"type": "Expression"
								},
								"Pipeline_Job_Run_Id": {
									"value": "@pipeline().parameters.Parent_Run_ID",
									"type": "Expression"
								},
								"Pipeline_Name": {
									"value": "@pipeline().Pipeline",
									"type": "Expression"
								},
								"Source_System": {
									"value": "@pipeline().parameters.Load_Type",
									"type": "Expression"
								}
							}
						}
					},
					{
						"name": "Update Job Status Failed",
						"type": "SqlServerStoredProcedure",
						"dependsOn": [
							{
								"activity": "Copy To ADLS",
								"dependencyConditions": [
									"Failed"
								]
							}
						],
						"policy": {
							"timeout": "7.00:00:00",
							"retry": 0,
							"retryIntervalInSeconds": 30,
							"secureOutput": false,
							"secureInput": false
						},
						"userProperties": [],
						"typeProperties": {
							"storedProcedureName": "[[EDW_ETL].[Update_ETL_Load_Status]",
							"storedProcedureParameters": {
								"ETL_Load_Key": {
									"value": {
										"value": "@pipeline().parameters.ETL_Load_Key",
										"type": "Expression"
									},
									"type": "Int32"
								},
								"Status": {
									"value": "Failed",
									"type": "String"
								}
							}
						},
						"linkedServiceName": {
							"referenceName": "AzureSynapseDW",
							"type": "LinkedServiceReference"
						}
					},
					{
						"name": "Resset variable to fail pipeline if error",
						"type": "SetVariable",
						"dependsOn": [
							{
								"activity": "Copy To ADLS",
								"dependencyConditions": [
									"Succeeded"
								]
							}
						],
						"userProperties": [],
						"typeProperties": {
							"variableName": "v_DocumentName",
							"value": {
								"value": "@pipeline().parameters.Document_Name",
								"type": "Expression"
							}
						}
					}
				],
				"parameters": {
					"Load_Type": {
						"type": "string",
						"defaultValue": "SharePoint_TPM_SAA"
					},
					"Document_Name": {
						"type": "string",
						"defaultValue": "2021-08-10 plan_mv_saa_data.xlsx"
					},
					"ETL_Load_Key": {
						"type": "string"
					},
					"Parent_Run_ID": {
						"type": "string"
					}
				},
				"variables": {
					"ClientSecret": {
						"type": "String"
					},
					"v_DocumentName": {
						"type": "String"
					}
				},
				"folder": {
					"name": "Datawarehouse/SharePoint"
				},
				"annotations": []
			},
			"dependsOn": [
				"[variables('factoryId')]"
			]
		}
	]
}