{
	"$schema": "http://schema.management.azure.com/schemas/2015-01-01/deploymentTemplate.json#",
	"contentVersion": "1.0.0.0",
	"parameters": {
		"factoryName": {
			"type": "string",
			"metadata": "Data Factory name",
			"defaultValue": "imcnoimdmsadf01"
		}
	},
	"variables": {
		"factoryId": "[concat('Microsoft.DataFactory/factories/', parameters('factoryName'))]"
	},
	"resources": [
		{
			"name": "[concat(parameters('factoryName'), '/Azure Synapse Non-Prod DB Scaling down daily 9pm')]",
			"type": "Microsoft.DataFactory/factories/triggers",
			"apiVersion": "2018-06-01",
			"properties": {
				"annotations": [],
				"runtimeState": "Started",
				"pipelines": [
					{
						"pipelineReference": {
							"referenceName": "Azure_Synapse_DB_Scaling_Non_Prod",
							"type": "PipelineReference"
						},
						"parameters": {
							"License_Type": "DW100C"
						}
					}
				],
				"type": "ScheduleTrigger",
				"typeProperties": {
					"recurrence": {
						"frequency": "Week",
						"interval": 1,
						"startTime": "2021-07-12T14:45:00",
						"timeZone": "Eastern Standard Time",
						"schedule": {
							"minutes": [
								0
							],
							"hours": [
								21
							],
							"weekDays": [
								"Monday",
								"Tuesday",
								"Wednesday",
								"Thursday",
								"Friday"
							]
						}
					}
				}
			},
			"dependsOn": [
				"[variables('factoryId')]"
			]
		},
		{
			"name": "[concat(parameters('factoryName'), '/Azure Synapse Non-Prod DB scaling up daily 9am')]",
			"type": "Microsoft.DataFactory/factories/triggers",
			"apiVersion": "2018-06-01",
			"properties": {
				"annotations": [],
				"runtimeState": "Started",
				"pipelines": [
					{
						"pipelineReference": {
							"referenceName": "Azure_Synapse_DB_Scaling_Non_Prod",
							"type": "PipelineReference"
						},
						"parameters": {
							"License_Type": "DW500C"
						}
					}
				],
				"type": "ScheduleTrigger",
				"typeProperties": {
					"recurrence": {
						"frequency": "Week",
						"interval": 1,
						"startTime": "2021-07-12T14:43:00",
						"timeZone": "Eastern Standard Time",
						"schedule": {
							"minutes": [
								0
							],
							"hours": [
								9
							],
							"weekDays": [
								"Monday",
								"Tuesday",
								"Wednesday",
								"Thursday",
								"Friday"
							]
						}
					}
				}
			},
			"dependsOn": [
				"[variables('factoryId')]"
			]
		}
	]
}