{
	"$schema": "http://schema.management.azure.com/schemas/2015-01-01/deploymentTemplate.json#",
	"contentVersion": "1.0.0.0",
	"parameters": {
		"factoryName": {
			"type": "string",
			"metadata": "Data Factory name",
			"defaultValue": "imcnoimdmsadf01"
		}
	},
	"variables": {
		"factoryId": "[concat('Microsoft.DataFactory/factories/', parameters('factoryName'))]"
	},
	"resources": [
		{
			"name": "[concat(parameters('factoryName'), '/PMA_Daily')]",
			"type": "Microsoft.DataFactory/factories/triggers",
			"apiVersion": "2018-06-01",
			"properties": {
				"annotations": [],
				"runtimeState": "Started",
				"pipelines": [
					{
						"pipelineReference": {
							"referenceName": "GetDeepMacroDaily",
							"type": "PipelineReference"
						},
						"parameters": {
							"num_of_days": "5"
						}
					},
					{
						"pipelineReference": {
							"referenceName": "GetIBES",
							"type": "PipelineReference"
						}
					},
					{
						"pipelineReference": {
							"referenceName": "GetConsEco",
							"type": "PipelineReference"
						}
					},
					{
						"pipelineReference": {
							"referenceName": "Flomo_ETL",
							"type": "PipelineReference"
						}
					},
					{
						"pipelineReference": {
							"referenceName": "Positioning_Tracker_ETL",
							"type": "PipelineReference"
						}
					}
				],
				"type": "ScheduleTrigger",
				"typeProperties": {
					"recurrence": {
						"frequency": "Day",
						"interval": 1,
						"startTime": "2021-08-01T18:00:00",
						"timeZone": "Eastern Standard Time"
					}
				}
			},
			"dependsOn": [
				"[variables('factoryId')]"
			]
		}
	]
}