{
	"$schema": "http://schema.management.azure.com/schemas/2015-01-01/deploymentTemplate.json#",
	"contentVersion": "1.0.0.0",
	"parameters": {
		"factoryName": {
			"type": "string",
			"metadata": "Data Factory name",
			"defaultValue": "imcnoimdmsadf01"
		}
	},
	"variables": {
		"factoryId": "[concat('Microsoft.DataFactory/factories/', parameters('factoryName'))]"
	},
	"resources": [
		{
			"name": "[concat(parameters('factoryName'), '/Risk - DW Copy Eagle DB to Stage - ADLS staging')]",
			"type": "Microsoft.DataFactory/factories/pipelines",
			"apiVersion": "2018-06-01",
			"properties": {
				"activities": [
					{
						"name": "Get Staging tables no Partition",
						"type": "Lookup",
						"dependsOn": [
							{
								"activity": "Set job start",
								"dependencyConditions": [
									"Succeeded"
								]
							}
						],
						"policy": {
							"timeout": "7.00:00:00",
							"retry": 0,
							"retryIntervalInSeconds": 30,
							"secureOutput": false,
							"secureInput": false
						},
						"userProperties": [],
						"typeProperties": {
							"source": {
								"type": "SqlDWSource",
								"sqlReaderStoredProcedureName": "[[DataWarehouse_DVRAW].[Create_Eagle_Stage_Setup]",
								"storedProcedureParameters": {
									"InitialStartDate": {
										"type": "String",
										"value": {
											"value": "@pipeline().parameters.InitialStartDate",
											"type": "Expression"
										}
									},
									"LoadDate": {
										"type": "String",
										"value": {
											"value": "@pipeline().parameters.Batch_Date",
											"type": "Expression"
										}
									},
									"PartitionFlag": {
										"type": "String",
										"value": "N"
									}
								},
								"queryTimeout": "02:00:00",
								"partitionOption": "None"
							},
							"dataset": {
								"referenceName": "Azure_DW",
								"type": "DatasetReference",
								"parameters": {
									"schema": "[[DataWarehouse_Staging]",
									"table": "Job_Run"
								}
							},
							"firstRowOnly": false
						}
					},
					{
						"name": "ForEach Non Partition Tables",
						"type": "ForEach",
						"dependsOn": [
							{
								"activity": "Get Staging tables no Partition",
								"dependencyConditions": [
									"Succeeded"
								]
							}
						],
						"userProperties": [],
						"typeProperties": {
							"items": {
								"value": "@activity('Get Staging tables no Partition').output.value",
								"type": "Expression"
							},
							"isSequential": false,
							"batchCount": 3,
							"activities": [
								{
									"name": "Stop running job No Partition",
									"type": "ExecutePipeline",
									"dependsOn": [
										{
											"activity": "Update Job Status Failed No Partition",
											"dependencyConditions": [
												"Succeeded"
											]
										}
									],
									"userProperties": [],
									"typeProperties": {
										"pipeline": {
											"referenceName": "Risk - Stop Current Job",
											"type": "PipelineReference"
										},
										"waitOnCompletion": true,
										"parameters": {
											"Failed_Activity_Name": {
												"value": "Copy Staging",
												"type": "Expression"
											},
											"Failure_Message": {
												"value": "@activity('Copy Staging_No_Partition').Error.Message",
												"type": "Expression"
											},
											"Pipeline_Job_Run_Id": {
												"value": "@pipeline().parameters.Parent_Run_ID",
												"type": "Expression"
											},
											"Pipeline_Name": {
												"value": "@pipeline().Pipeline",
												"type": "Expression"
											}
										}
									}
								},
								{
									"name": "Update Job Status Failed No Partition",
									"type": "SqlServerStoredProcedure",
									"dependsOn": [
										{
											"activity": "Copy Staging_No_Partition",
											"dependencyConditions": [
												"Failed"
											]
										}
									],
									"policy": {
										"timeout": "7.00:00:00",
										"retry": 0,
										"retryIntervalInSeconds": 30,
										"secureOutput": false,
										"secureInput": false
									},
									"userProperties": [],
									"typeProperties": {
										"storedProcedureName": "[[DataWarehouse_DVRAW].[Update_Job_Status]",
										"storedProcedureParameters": {
											"Job_ID": {
												"value": {
													"value": "@pipeline().parameters.Job_ID",
													"type": "Expression"
												},
												"type": "Int32"
											},
											"Job_Status": {
												"value": "Failed",
												"type": "String"
											}
										}
									},
									"linkedServiceName": {
										"referenceName": "AzureSynapseDW",
										"type": "LinkedServiceReference"
									}
								},
								{
									"name": "Copy Staging_No_Partition",
									"type": "Copy",
									"dependsOn": [],
									"policy": {
										"timeout": "7.00:00:00",
										"retry": 0,
										"retryIntervalInSeconds": 30,
										"secureOutput": false,
										"secureInput": false
									},
									"userProperties": [
										{
											"name": "Destination",
											"value": "@{item().target_table}"
										}
									],
									"typeProperties": {
										"source": {
											"type": "OracleSource",
											"oracleReaderQuery": {
												"value": "@item().Source_Query",
												"type": "Expression"
											},
											"partitionOption": "None",
											"queryTimeout": "02:00:00"
										},
										"sink": {
											"type": "SqlDWSink",
											"allowPolyBase": true,
											"polyBaseSettings": {
												"rejectValue": 0,
												"rejectType": "value",
												"useTypeDefault": false
											},
											"disableMetricsCollection": false
										},
										"enableStaging": true,
										"stagingSettings": {
											"linkedServiceName": {
												"referenceName": "LS_Polybase_Staging",
												"type": "LinkedServiceReference"
											},
											"path": {
												"value": "@concat(pipeline().globalParameters.Env,'/staging/Risk/Polybase_Auto')",
												"type": "Expression"
											},
											"enableCompression": false
										},
										"parallelCopies": 5
									},
									"inputs": [
										{
											"referenceName": "Eagle_Staging",
											"type": "DatasetReference"
										}
									],
									"outputs": [
										{
											"referenceName": "Azure_DW",
											"type": "DatasetReference",
											"parameters": {
												"schema": {
													"value": "@item().Target_Schema",
													"type": "Expression"
												},
												"table": {
													"value": "@item().Target_Table",
													"type": "Expression"
												}
											}
										}
									]
								}
							]
						}
					},
					{
						"name": "Get Staging tables with Partition",
						"type": "Lookup",
						"dependsOn": [
							{
								"activity": "Set job start",
								"dependencyConditions": [
									"Succeeded"
								]
							}
						],
						"policy": {
							"timeout": "7.00:00:00",
							"retry": 0,
							"retryIntervalInSeconds": 30,
							"secureOutput": false,
							"secureInput": false
						},
						"userProperties": [],
						"typeProperties": {
							"source": {
								"type": "SqlDWSource",
								"sqlReaderStoredProcedureName": "[[DataWarehouse_DVRAW].[Create_Eagle_Stage_Setup]",
								"storedProcedureParameters": {
									"InitialStartDate": {
										"type": "String",
										"value": {
											"value": "@pipeline().parameters.InitialStartDate",
											"type": "Expression"
										}
									},
									"LoadDate": {
										"type": "String",
										"value": {
											"value": "@pipeline().parameters.Batch_Date",
											"type": "Expression"
										}
									},
									"PartitionFlag": {
										"type": "String",
										"value": "Y"
									}
								},
								"queryTimeout": "02:00:00",
								"partitionOption": "None"
							},
							"dataset": {
								"referenceName": "Azure_DW",
								"type": "DatasetReference",
								"parameters": {
									"schema": "[[DataWarehouse_Staging]",
									"table": "Job_Run"
								}
							},
							"firstRowOnly": false
						}
					},
					{
						"name": "ForEach Parition Tables",
						"type": "ForEach",
						"dependsOn": [
							{
								"activity": "Get Staging tables with Partition",
								"dependencyConditions": [
									"Succeeded"
								]
							}
						],
						"userProperties": [],
						"typeProperties": {
							"items": {
								"value": "@activity('Get Staging tables with Partition').output.value",
								"type": "Expression"
							},
							"isSequential": false,
							"batchCount": 3,
							"activities": [
								{
									"name": "Stop running job",
									"type": "ExecutePipeline",
									"dependsOn": [
										{
											"activity": "Update Job Status Failed",
											"dependencyConditions": [
												"Succeeded"
											]
										}
									],
									"userProperties": [],
									"typeProperties": {
										"pipeline": {
											"referenceName": "Risk - Stop Current Job",
											"type": "PipelineReference"
										},
										"waitOnCompletion": true,
										"parameters": {
											"Failed_Activity_Name": {
												"value": "Copy Staging",
												"type": "Expression"
											},
											"Failure_Message": {
												"value": "@activity('Copy Staging_with_Partition').Error.Message",
												"type": "Expression"
											},
											"Pipeline_Job_Run_Id": {
												"value": "@pipeline().parameters.Parent_Run_ID",
												"type": "Expression"
											},
											"Pipeline_Name": {
												"value": "@pipeline().Pipeline",
												"type": "Expression"
											}
										}
									}
								},
								{
									"name": "Update Job Status Failed",
									"type": "SqlServerStoredProcedure",
									"dependsOn": [
										{
											"activity": "Copy Staging_with_Partition",
											"dependencyConditions": [
												"Failed"
											]
										}
									],
									"policy": {
										"timeout": "7.00:00:00",
										"retry": 0,
										"retryIntervalInSeconds": 30,
										"secureOutput": false,
										"secureInput": false
									},
									"userProperties": [],
									"typeProperties": {
										"storedProcedureName": "[[DataWarehouse_DVRAW].[Update_Job_Status]",
										"storedProcedureParameters": {
											"Job_ID": {
												"value": {
													"value": "@pipeline().parameters.Job_ID",
													"type": "Expression"
												},
												"type": "Int32"
											},
											"Job_Status": {
												"value": "Failed",
												"type": "String"
											}
										}
									},
									"linkedServiceName": {
										"referenceName": "AzureSynapseDW",
										"type": "LinkedServiceReference"
									}
								},
								{
									"name": "Copy Staging_with_Partition",
									"type": "Copy",
									"dependsOn": [
										{
											"activity": "Run Partion Query for bound values",
											"dependencyConditions": [
												"Succeeded"
											]
										}
									],
									"policy": {
										"timeout": "7.00:00:00",
										"retry": 0,
										"retryIntervalInSeconds": 30,
										"secureOutput": false,
										"secureInput": false
									},
									"userProperties": [
										{
											"name": "Destination",
											"value": "@{item().target_table}"
										}
									],
									"typeProperties": {
										"source": {
											"type": "OracleSource",
											"oracleReaderQuery": {
												"value": "@replace(item().Source_Query, '[PartitionClause]',' AND ?AdfRangePartitionColumnName <= ?AdfRangePartitionUpbound AND ?AdfRangePartitionColumnName >= ?AdfRangePartitionLowbound')",
												"type": "Expression"
											},
											"partitionOption": "DynamicRange",
											"partitionSettings": {
												"partitionColumnName": {
													"value": "@{item().Partition_Column}",
													"type": "Expression"
												},
												"partitionUpperBound": {
													"value": "@{activity('Run Partion Query for bound values').output.firstRow.MAXNUMBER}",
													"type": "Expression"
												},
												"partitionLowerBound": {
													"value": "@{activity('Run Partion Query for bound values').output.firstRow.MINNUMBER}",
													"type": "Expression"
												}
											},
											"queryTimeout": "02:00:00"
										},
										"sink": {
											"type": "SqlDWSink",
											"allowPolyBase": true,
											"polyBaseSettings": {
												"rejectValue": 0,
												"rejectType": "value",
												"useTypeDefault": false
											},
											"disableMetricsCollection": false
										},
										"enableStaging": true,
										"stagingSettings": {
											"linkedServiceName": {
												"referenceName": "LS_Polybase_Staging",
												"type": "LinkedServiceReference"
											},
											"path": {
												"value": "@concat(pipeline().globalParameters.Env,'/staging/Risk/Polybase_Auto')",
												"type": "Expression"
											},
											"enableCompression": false
										},
										"parallelCopies": 5
									},
									"inputs": [
										{
											"referenceName": "Eagle_Staging",
											"type": "DatasetReference"
										}
									],
									"outputs": [
										{
											"referenceName": "Azure_DW",
											"type": "DatasetReference",
											"parameters": {
												"schema": {
													"value": "@item().Target_Schema",
													"type": "Expression"
												},
												"table": {
													"value": "@item().Target_Table",
													"type": "Expression"
												}
											}
										}
									]
								},
								{
									"name": "Get Partition Query",
									"type": "Lookup",
									"dependsOn": [],
									"policy": {
										"timeout": "7.00:00:00",
										"retry": 0,
										"retryIntervalInSeconds": 30,
										"secureOutput": false,
										"secureInput": false
									},
									"userProperties": [],
									"typeProperties": {
										"source": {
											"type": "SqlDWSource",
											"sqlReaderStoredProcedureName": "[[DataWarehouse_Staging].[Util_Set_Partition_Query]",
											"storedProcedureParameters": {
												"PartitionColumn": {
													"type": "String",
													"value": {
														"value": "@item().Partition_Column",
														"type": "Expression"
													}
												},
												"SourceQuery": {
													"type": "String",
													"value": {
														"value": "@replace(item().Source_Query,'[PartitionClause]','')",
														"type": "Expression"
													}
												}
											},
											"queryTimeout": "02:00:00",
											"partitionOption": "None"
										},
										"dataset": {
											"referenceName": "Azure_DW",
											"type": "DatasetReference",
											"parameters": {
												"schema": "DataWarehouse_Staging",
												"table": "Job_Run"
											}
										},
										"firstRowOnly": true
									}
								},
								{
									"name": "Run Partion Query for bound values",
									"type": "Lookup",
									"dependsOn": [
										{
											"activity": "Get Partition Query",
											"dependencyConditions": [
												"Succeeded"
											]
										}
									],
									"policy": {
										"timeout": "7.00:00:00",
										"retry": 0,
										"retryIntervalInSeconds": 30,
										"secureOutput": false,
										"secureInput": false
									},
									"userProperties": [],
									"typeProperties": {
										"source": {
											"type": "OracleSource",
											"oracleReaderQuery": {
												"value": "@activity('Get Partition Query').output.firstRow.Partition_Query",
												"type": "Expression"
											},
											"partitionOption": "None",
											"queryTimeout": "02:00:00"
										},
										"dataset": {
											"referenceName": "Eagle_Staging",
											"type": "DatasetReference"
										}
									}
								}
							]
						}
					},
					{
						"name": "Set job start",
						"type": "SetVariable",
						"dependsOn": [],
						"userProperties": [],
						"typeProperties": {
							"variableName": "start_time",
							"value": {
								"value": "@utcnow()",
								"type": "Expression"
							}
						}
					}
				],
				"parameters": {
					"Batch_Date": {
						"type": "string"
					},
					"Parent_Run_ID": {
						"type": "string"
					},
					"Job_ID": {
						"type": "string"
					},
					"InitialStartDate": {
						"type": "string",
						"defaultValue": "2021-01-01"
					}
				},
				"variables": {
					"cancel_job_url": {
						"type": "String"
					},
					"email_subject": {
						"type": "String"
					},
					"email_body": {
						"type": "String"
					},
					"start_time": {
						"type": "String"
					}
				},
				"folder": {
					"name": "Datawarehouse"
				},
				"annotations": [],
				"lastPublishTime": "2020-12-09T15:19:14Z"
			},
			"dependsOn": [
				"[variables('factoryId')]"
			]
		},
		{
			"name": "[concat(parameters('factoryName'), '/Risk - DW_Main')]",
			"type": "Microsoft.DataFactory/factories/pipelines",
			"apiVersion": "2018-06-01",
			"properties": {
				"activities": [
					{
						"name": "Delete from Job stage table",
						"type": "SqlServerStoredProcedure",
						"dependsOn": [],
						"policy": {
							"timeout": "7.00:00:00",
							"retry": 0,
							"retryIntervalInSeconds": 30,
							"secureOutput": false,
							"secureInput": false
						},
						"userProperties": [],
						"typeProperties": {
							"storedProcedureName": "[[DataWarehouse_DVRAW].[Delete_Job_Run_Source]",
							"storedProcedureParameters": {
								"Source_System": {
									"value": {
										"value": "@pipeline().parameters.Source_System",
										"type": "Expression"
									},
									"type": "String"
								}
							}
						},
						"linkedServiceName": {
							"referenceName": "AzureSynapseDW",
							"type": "LinkedServiceReference"
						}
					},
					{
						"name": "Lookup Dates",
						"type": "Lookup",
						"dependsOn": [
							{
								"activity": "BatchDate is not provided for Eagle",
								"dependencyConditions": [
									"Succeeded"
								]
							},
							{
								"activity": "BatchDate Provided from Parameter",
								"dependencyConditions": [
									"Succeeded"
								]
							}
						],
						"policy": {
							"timeout": "7.00:00:00",
							"retry": 0,
							"retryIntervalInSeconds": 30,
							"secureOutput": false,
							"secureInput": false
						},
						"userProperties": [],
						"typeProperties": {
							"source": {
								"type": "SqlDWSource",
								"sqlReaderQuery": {
									"value": "@concat('SELECT [Job_ID]\n      ,[Load_DTS]\n      ,replace(convert(varchar, [Batch_Date],102),''.'',''-'') as [Batch_Date]\n      ,[Job_Status]\n  FROM [DataWarehouse_Staging].[Job_Run]\n  where [Job_Status] = ''Not Started''\n  and [Job_Run] = ''', pipeline().parameters.Source_System, ''' Order by Batch_Date asc')",
									"type": "Expression"
								},
								"queryTimeout": "02:00:00",
								"partitionOption": "None"
							},
							"dataset": {
								"referenceName": "Azure_DW",
								"type": "DatasetReference",
								"parameters": {
									"schema": "[[DataWarehouse_Staging]",
									"table": "[[Job_Run]"
								}
							},
							"firstRowOnly": false
						}
					},
					{
						"name": "ForEach - Date Execute ETL",
						"type": "ForEach",
						"dependsOn": [
							{
								"activity": "Lookup Dates",
								"dependencyConditions": [
									"Succeeded"
								]
							}
						],
						"userProperties": [],
						"typeProperties": {
							"items": {
								"value": "@activity('Lookup Dates').output.value",
								"type": "Expression"
							},
							"isSequential": true,
							"activities": [
								{
									"name": "Create Job Run Process",
									"type": "SqlServerStoredProcedure",
									"dependsOn": [
										{
											"activity": "truncate staging",
											"dependencyConditions": [
												"Succeeded"
											]
										}
									],
									"policy": {
										"timeout": "7.00:00:00",
										"retry": 0,
										"retryIntervalInSeconds": 30,
										"secureOutput": false,
										"secureInput": false
									},
									"userProperties": [],
									"typeProperties": {
										"storedProcedureName": "[[DataWarehouse_DVRAW].[Create_Job_Run_Process]",
										"storedProcedureParameters": {
											"Job_ID": {
												"value": {
													"value": "@item().Job_ID",
													"type": "Expression"
												},
												"type": "Int32"
											}
										}
									},
									"linkedServiceName": {
										"referenceName": "AzureSynapseDW",
										"type": "LinkedServiceReference"
									}
								},
								{
									"name": "truncate staging",
									"type": "SqlServerStoredProcedure",
									"dependsOn": [],
									"policy": {
										"timeout": "7.00:00:00",
										"retry": 0,
										"retryIntervalInSeconds": 30,
										"secureOutput": false,
										"secureInput": false
									},
									"userProperties": [],
									"typeProperties": {
										"storedProcedureName": "[[DataWarehouse_DVRAW].[Truncate_Staging]",
										"storedProcedureParameters": {
											"SourceSystem": {
												"value": {
													"value": "@pipeline().parameters.Source_System",
													"type": "Expression"
												},
												"type": "String"
											}
										}
									},
									"linkedServiceName": {
										"referenceName": "AzureSynapseDW",
										"type": "LinkedServiceReference"
									}
								},
								{
									"name": "SP DF forloop",
									"type": "ExecutePipeline",
									"dependsOn": [
										{
											"activity": "Risk - DW Create Raw Temp Storage",
											"dependencyConditions": [
												"Succeeded"
											]
										}
									],
									"userProperties": [],
									"typeProperties": {
										"pipeline": {
											"referenceName": "Risk - DW_Call SP ADF",
											"type": "PipelineReference"
										},
										"waitOnCompletion": true,
										"parameters": {
											"Batch_DTS": {
												"value": "@item().Load_DTS",
												"type": "Expression"
											},
											"Job_ID": {
												"value": "@item().Job_ID",
												"type": "Expression"
											},
											"Parent_Run_ID": {
												"value": "@pipeline().RunId",
												"type": "Expression"
											},
											"Source_System": {
												"value": "@pipeline().parameters.Source_System",
												"type": "Expression"
											}
										}
									}
								},
								{
									"name": "Update Job Status",
									"type": "SqlServerStoredProcedure",
									"dependsOn": [
										{
											"activity": "Create Job Run Process",
											"dependencyConditions": [
												"Succeeded"
											]
										}
									],
									"policy": {
										"timeout": "7.00:00:00",
										"retry": 0,
										"retryIntervalInSeconds": 30,
										"secureOutput": false,
										"secureInput": false
									},
									"userProperties": [],
									"typeProperties": {
										"storedProcedureName": "[[DataWarehouse_DVRAW].[Update_Job_Status]",
										"storedProcedureParameters": {
											"Job_ID": {
												"value": {
													"value": "@item().Job_ID",
													"type": "Expression"
												},
												"type": "Int32"
											},
											"Job_Status": {
												"value": "In Progress",
												"type": "String"
											}
										}
									},
									"linkedServiceName": {
										"referenceName": "AzureSynapseDW",
										"type": "LinkedServiceReference"
									}
								},
								{
									"name": "Risk - DW_Call SP Bus Vault",
									"type": "ExecutePipeline",
									"dependsOn": [
										{
											"activity": "Risk - Check_Duplicate",
											"dependencyConditions": [
												"Succeeded"
											]
										}
									],
									"userProperties": [],
									"typeProperties": {
										"pipeline": {
											"referenceName": "Risk - DW_Call SP Bus Vault",
											"type": "PipelineReference"
										},
										"waitOnCompletion": true,
										"parameters": {
											"Parent_Run_ID": {
												"value": "@pipeline().RunId",
												"type": "Expression"
											},
											"Job_ID": {
												"value": "@item().Job_ID",
												"type": "Expression"
											},
											"Source_System": {
												"value": "@pipeline().parameters.Source_System",
												"type": "Expression"
											}
										}
									}
								},
								{
									"name": "Risk - Check_Duplicate",
									"type": "ExecutePipeline",
									"dependsOn": [
										{
											"activity": "Drop temp tables",
											"dependencyConditions": [
												"Succeeded"
											]
										}
									],
									"userProperties": [],
									"typeProperties": {
										"pipeline": {
											"referenceName": "Risk - Check_Duplicate",
											"type": "PipelineReference"
										},
										"waitOnCompletion": true,
										"parameters": {
											"LoadDTS": {
												"value": "@item().Load_DTS",
												"type": "Expression"
											},
											"Parent_Run_ID": {
												"value": "@pipeline().RunId",
												"type": "Expression"
											},
											"Job_ID": {
												"value": "@item().Job_ID",
												"type": "Expression"
											}
										}
									}
								},
								{
									"name": "Update Job to Completed",
									"type": "SqlServerStoredProcedure",
									"dependsOn": [
										{
											"activity": "Risk - DW_Call SP Bus Vault",
											"dependencyConditions": [
												"Succeeded"
											]
										}
									],
									"policy": {
										"timeout": "7.00:00:00",
										"retry": 0,
										"retryIntervalInSeconds": 30,
										"secureOutput": false,
										"secureInput": false
									},
									"userProperties": [],
									"typeProperties": {
										"storedProcedureName": "[[DataWarehouse_DVRAW].[Update_Job_Status]",
										"storedProcedureParameters": {
											"Job_ID": {
												"value": {
													"value": "@item().Job_ID",
													"type": "Expression"
												},
												"type": "Int32"
											},
											"Job_Status": {
												"value": "Success",
												"type": "String"
											}
										}
									},
									"linkedServiceName": {
										"referenceName": "AzureSynapseDW",
										"type": "LinkedServiceReference"
									}
								},
								{
									"name": "Risk - DW Create Raw Temp Storage",
									"type": "ExecutePipeline",
									"dependsOn": [
										{
											"activity": "Check if Source system is Eagle",
											"dependencyConditions": [
												"Succeeded"
											]
										}
									],
									"userProperties": [],
									"typeProperties": {
										"pipeline": {
											"referenceName": "Risk - DW Create Raw Temp Storage",
											"type": "PipelineReference"
										},
										"waitOnCompletion": true,
										"parameters": {
											"Job_ID": {
												"value": "@item().Job_ID",
												"type": "Expression"
											},
											"Parent_Run_ID": {
												"value": "@pipeline().RunId",
												"type": "Expression"
											},
											"Source_System": {
												"value": "@pipeline().parameters.Source_System",
												"type": "Expression"
											}
										}
									}
								},
								{
									"name": "Drop temp tables",
									"type": "SqlServerStoredProcedure",
									"dependsOn": [
										{
											"activity": "SP DF forloop",
											"dependencyConditions": [
												"Succeeded"
											]
										}
									],
									"policy": {
										"timeout": "7.00:00:00",
										"retry": 0,
										"retryIntervalInSeconds": 30,
										"secureOutput": false,
										"secureInput": false
									},
									"userProperties": [],
									"typeProperties": {
										"storedProcedureName": {
											"value": "DataWarehouse_Staging.Cleanup_Instantiated_Views",
											"type": "Expression"
										},
										"storedProcedureParameters": {
											"Source_System": {
												"value": {
													"value": "@pipeline().parameters.Source_System",
													"type": "Expression"
												},
												"type": "String"
											}
										}
									},
									"linkedServiceName": {
										"referenceName": "AzureSynapseDW",
										"type": "LinkedServiceReference"
									}
								},
								{
									"name": "Check if Source system is Eagle",
									"type": "IfCondition",
									"dependsOn": [
										{
											"activity": "Update Job Status",
											"dependencyConditions": [
												"Succeeded"
											]
										}
									],
									"userProperties": [],
									"typeProperties": {
										"expression": {
											"value": "@equals(toUpper(pipeline().parameters.Source_System),'EAGLE')",
											"type": "Expression"
										},
										"ifFalseActivities": [
											{
												"name": "Risk -  DW Copy Risk DB to Staging - ADLS",
												"type": "ExecutePipeline",
												"dependsOn": [],
												"userProperties": [],
												"typeProperties": {
													"pipeline": {
														"referenceName": "Risk - DW Copy Risk DB to Stage - ADLS staging",
														"type": "PipelineReference"
													},
													"waitOnCompletion": true,
													"parameters": {
														"SQLServer_DatabaseName": {
															"value": "@pipeline().parameters.SQLServer_Database",
															"type": "Expression"
														},
														"Batch_Date": {
															"value": "@item().Batch_Date",
															"type": "Expression"
														},
														"Parent_Run_ID": {
															"value": "@pipeline().RunId",
															"type": "Expression"
														},
														"Job_ID": {
															"value": "@item().Job_ID",
															"type": "Expression"
														},
														"Source_System": {
															"value": "@pipeline().parameters.Source_System",
															"type": "Expression"
														}
													}
												}
											}
										],
										"ifTrueActivities": [
											{
												"name": "Load Eagle Staging",
												"type": "ExecutePipeline",
												"dependsOn": [],
												"userProperties": [],
												"typeProperties": {
													"pipeline": {
														"referenceName": "Risk - DW Copy Eagle DB to Stage - ADLS staging",
														"type": "PipelineReference"
													},
													"waitOnCompletion": true,
													"parameters": {
														"Batch_Date": {
															"value": "@item().Batch_Date",
															"type": "Expression"
														},
														"Parent_Run_ID": {
															"value": "@pipeline().RunId",
															"type": "Expression"
														},
														"Job_ID": {
															"value": "@item().Job_ID",
															"type": "Expression"
														},
														"InitialStartDate": {
															"value": "@pipeline().globalParameters.Eagle_Initial_Load_Start_Date",
															"type": "Expression"
														}
													}
												}
											}
										]
									}
								}
							]
						}
					},
					{
						"name": "Risk - DW_Refresh_SSAS",
						"type": "ExecutePipeline",
						"dependsOn": [
							{
								"activity": "ForEach - Date Execute ETL",
								"dependencyConditions": [
									"Succeeded"
								]
							}
						],
						"userProperties": [],
						"typeProperties": {
							"pipeline": {
								"referenceName": "Risk - DW_Refresh_SSAS",
								"type": "PipelineReference"
							},
							"waitOnCompletion": true,
							"parameters": {
								"Parent_Run_ID": {
									"value": "@pipeline().RunId",
									"type": "Expression"
								}
							}
						}
					},
					{
						"name": "BatchDate is not provided for BarraOne",
						"type": "IfCondition",
						"dependsOn": [
							{
								"activity": "Delete from Job stage table",
								"dependencyConditions": [
									"Succeeded"
								]
							}
						],
						"userProperties": [],
						"typeProperties": {
							"expression": {
								"value": "@and(equals(coalesce(pipeline().parameters.Batch_Date,''),''), equals(toUpper(pipeline().parameters.Source_System),'BARRAONE'))",
								"type": "Expression"
							},
							"ifTrueActivities": [
								{
									"name": "Get Source Job Run",
									"type": "Copy",
									"dependsOn": [],
									"policy": {
										"timeout": "7.00:00:00",
										"retry": 0,
										"retryIntervalInSeconds": 30,
										"secureOutput": false,
										"secureInput": false
									},
									"userProperties": [],
									"typeProperties": {
										"source": {
											"type": "SqlServerSource",
											"sqlReaderQuery": "SELECT max([Date]) load_dts \n\t ,convert(date,date,23) batch_date \n     \n      FROM [DBOperations].[dbo].[Log]\n  where Logger='Risk ETL' and Level='INFO' and CharIndex('Completed',Message) > 0\n  group by convert(date,date,23)\n  order by convert(date,date,23) asc;\n",
											"queryTimeout": "02:00:00",
											"partitionOption": "None"
										},
										"sink": {
											"type": "SqlDWSink",
											"disableMetricsCollection": false
										},
										"enableStaging": false,
										"parallelCopies": 1,
										"translator": {
											"type": "TabularTranslator",
											"mappings": [
												{
													"source": {
														"name": "load_dts",
														"type": "DateTime"
													},
													"sink": {
														"name": "Load_DTS",
														"type": "DateTime"
													}
												},
												{
													"source": {
														"name": "batch_date",
														"type": "DateTime"
													},
													"sink": {
														"name": "Batch_Date",
														"type": "DateTime"
													}
												}
											]
										}
									},
									"inputs": [
										{
											"referenceName": "SQL_Staging",
											"type": "DatasetReference",
											"parameters": {
												"DatabaseName": {
													"value": "@pipeline().parameters.SQLServer_Database",
													"type": "Expression"
												}
											}
										}
									],
									"outputs": [
										{
											"referenceName": "Azure_DW",
											"type": "DatasetReference",
											"parameters": {
												"schema": "DataWarehouse_Staging",
												"table": "Job_Run_Source"
											}
										}
									]
								},
								{
									"name": "Create Job Run",
									"type": "SqlServerStoredProcedure",
									"dependsOn": [
										{
											"activity": "Get Source Job Run",
											"dependencyConditions": [
												"Succeeded"
											]
										}
									],
									"policy": {
										"timeout": "7.00:00:00",
										"retry": 0,
										"retryIntervalInSeconds": 30,
										"secureOutput": false,
										"secureInput": false
									},
									"userProperties": [],
									"typeProperties": {
										"storedProcedureName": "[[DataWarehouse_DVRAW].[Create_Job_Run_Dates]"
									},
									"linkedServiceName": {
										"referenceName": "AzureSynapseDW",
										"type": "LinkedServiceReference"
									}
								}
							]
						}
					},
					{
						"name": "BatchDate is not provided for Eagle",
						"type": "IfCondition",
						"dependsOn": [
							{
								"activity": "BatchDate is not provided for BarraOne",
								"dependencyConditions": [
									"Succeeded"
								]
							}
						],
						"userProperties": [],
						"typeProperties": {
							"expression": {
								"value": "@and(equals(coalesce(pipeline().parameters.Batch_Date,''),''), equals(toUpper(pipeline().parameters.Source_System),'EAGLE'))",
								"type": "Expression"
							},
							"ifTrueActivities": [
								{
									"name": "Get last succeeded date",
									"type": "Lookup",
									"dependsOn": [],
									"policy": {
										"timeout": "7.00:00:00",
										"retry": 0,
										"retryIntervalInSeconds": 30,
										"secureOutput": false,
										"secureInput": false
									},
									"userProperties": [],
									"typeProperties": {
										"source": {
											"type": "SqlDWSource",
											"sqlReaderQuery": "\t  Select replace(convert(varchar, getdate(),  102),'.','-') as Batch_Date",
											"queryTimeout": "02:00:00",
											"partitionOption": "None"
										},
										"dataset": {
											"referenceName": "Azure_DW",
											"type": "DatasetReference",
											"parameters": {
												"schema": "DataWarehouse_Staging",
												"table": "Job_Run"
											}
										}
									}
								},
								{
									"name": "Create Eagle Job Run for Current Date",
									"type": "SqlServerStoredProcedure",
									"dependsOn": [
										{
											"activity": "Get last succeeded date",
											"dependencyConditions": [
												"Succeeded"
											]
										}
									],
									"policy": {
										"timeout": "7.00:00:00",
										"retry": 0,
										"retryIntervalInSeconds": 30,
										"secureOutput": false,
										"secureInput": false
									},
									"userProperties": [],
									"typeProperties": {
										"storedProcedureName": "[[DataWarehouse_DVRAW].[Create_Job_Run_SingleDate]",
										"storedProcedureParameters": {
											"BatchDate": {
												"value": {
													"value": "@activity('Get last succeeded date').output.firstRow.Batch_Date",
													"type": "Expression"
												},
												"type": "DateTime"
											},
											"SourceSystem": {
												"value": {
													"value": "@pipeline().parameters.Source_System",
													"type": "Expression"
												},
												"type": "String"
											}
										}
									},
									"linkedServiceName": {
										"referenceName": "AzureSynapseDW",
										"type": "LinkedServiceReference"
									}
								}
							]
						}
					},
					{
						"name": "BatchDate Provided from Parameter",
						"type": "IfCondition",
						"dependsOn": [
							{
								"activity": "Delete from Job stage table",
								"dependencyConditions": [
									"Succeeded"
								]
							}
						],
						"userProperties": [],
						"typeProperties": {
							"expression": {
								"value": "@not(equals(coalesce(pipeline().parameters.Batch_Date,''),''))",
								"type": "Expression"
							},
							"ifTrueActivities": [
								{
									"name": "Create Job Run Single Date",
									"type": "SqlServerStoredProcedure",
									"dependsOn": [],
									"policy": {
										"timeout": "7.00:00:00",
										"retry": 0,
										"retryIntervalInSeconds": 30,
										"secureOutput": false,
										"secureInput": false
									},
									"userProperties": [],
									"typeProperties": {
										"storedProcedureName": "[[DataWarehouse_DVRAW].[Create_Job_Run_SingleDate]",
										"storedProcedureParameters": {
											"BatchDate": {
												"value": {
													"value": "@pipeline().parameters.Batch_Date",
													"type": "Expression"
												},
												"type": "DateTime"
											},
											"SourceSystem": {
												"value": {
													"value": "@pipeline().parameters.Source_System",
													"type": "Expression"
												},
												"type": "String"
											}
										}
									},
									"linkedServiceName": {
										"referenceName": "AzureSynapseDW",
										"type": "LinkedServiceReference"
									}
								}
							]
						}
					}
				],
				"parameters": {
					"SQLServer_Database": {
						"type": "string",
						"defaultValue": "Risk"
					},
					"Batch_Date": {
						"type": "string"
					},
					"Source_System": {
						"type": "string",
						"defaultValue": "BarraOne"
					}
				},
				"variables": {
					"ProcessCompleted": {
						"type": "Boolean"
					}
				},
				"folder": {
					"name": "Datawarehouse"
				},
				"annotations": [],
				"lastPublishTime": "2020-12-09T19:33:51Z"
			},
			"dependsOn": [
				"[variables('factoryId')]",
				"[concat(variables('factoryId'), '/pipelines/Risk - DW Copy Eagle DB to Stage - ADLS staging')]"
			]
		}
	]
}