{
	"$schema": "http://schema.management.azure.com/schemas/2015-01-01/deploymentTemplate.json#",
	"contentVersion": "1.0.0.0",
	"parameters": {
		"factoryName": {
			"type": "string",
			"metadata": "Data Factory name",
			"defaultValue": "imcnoimdmsadf01"
		}
	},
	"variables": {
		"factoryId": "[concat('Microsoft.DataFactory/factories/', parameters('factoryName'))]"
	},
	"resources": [
		{
			"name": "[concat(parameters('factoryName'), '/Risk - DW_Call SP ADF')]",
			"type": "Microsoft.DataFactory/factories/pipelines",
			"apiVersion": "2018-06-01",
			"properties": {
				"activities": [
					{
						"name": "Lookup  Stored Procs",
						"type": "Lookup",
						"dependsOn": [],
						"policy": {
							"timeout": "7.00:00:00",
							"retry": 0,
							"retryIntervalInSeconds": 30,
							"secureOutput": false,
							"secureInput": false
						},
						"userProperties": [],
						"typeProperties": {
							"source": {
								"type": "SqlDWSource",
								"sqlReaderQuery": {
									"value": "@concat('SELECT [Process_ID]\n      ,[Process_Name]\n      ,[Process_Description]\n      ,[DWML_File]\n      ,[Last_Compile_DTS]\n  FROM [DataWarehouse_DVRAW].[Ref_Process]\n  where Source_System = ''', pipeline().parameters.Source_System, '''')",
									"type": "Expression"
								},
								"queryTimeout": "02:00:00",
								"partitionOption": "None"
							},
							"dataset": {
								"referenceName": "Azure_DW",
								"type": "DatasetReference",
								"parameters": {
									"schema": "[[DataWarehouse_Staging]",
									"table": "[[Job_Run]"
								}
							},
							"firstRowOnly": false
						}
					},
					{
						"name": "ForEach Stored Procedure",
						"type": "ForEach",
						"dependsOn": [
							{
								"activity": "Lookup  Stored Procs",
								"dependencyConditions": [
									"Succeeded"
								]
							}
						],
						"userProperties": [],
						"typeProperties": {
							"items": {
								"value": "@activity('Lookup  Stored Procs').output.value",
								"type": "Expression"
							},
							"isSequential": false,
							"batchCount": 3,
							"activities": [
								{
									"name": "StoredProc",
									"type": "SqlServerStoredProcedure",
									"dependsOn": [],
									"policy": {
										"timeout": "7.00:00:00",
										"retry": 0,
										"retryIntervalInSeconds": 30,
										"secureOutput": false,
										"secureInput": false
									},
									"userProperties": [
										{
											"name": "ProcessName",
											"value": "item().Process_Name"
										}
									],
									"typeProperties": {
										"storedProcedureName": {
											"value": "@concat('DataWarehouse_DVRAW.',item().Process_Name)",
											"type": "Expression"
										},
										"storedProcedureParameters": {
											"BatchDTS": {
												"value": {
													"value": "@pipeline().parameters.Batch_DTS",
													"type": "Expression"
												},
												"type": "DateTime"
											},
											"JobID": {
												"value": {
													"value": "@pipeline().parameters.Job_ID",
													"type": "Expression"
												},
												"type": "Int32"
											}
										}
									},
									"linkedServiceName": {
										"referenceName": "AzureSynapseDW",
										"type": "LinkedServiceReference"
									}
								},
								{
									"name": "Get Current Job Status",
									"type": "Lookup",
									"dependsOn": [
										{
											"activity": "StoredProc",
											"dependencyConditions": [
												"Failed"
											]
										}
									],
									"policy": {
										"timeout": "7.00:00:00",
										"retry": 0,
										"retryIntervalInSeconds": 30,
										"secureOutput": false,
										"secureInput": false
									},
									"userProperties": [],
									"typeProperties": {
										"source": {
											"type": "SqlDWSource",
											"sqlReaderQuery": {
												"value": "@concat('Select Job_Status as Job_Status \nfrom [DataWarehouse_Staging].[Job_Run]\nWhere Job_Id = ',pipeline().parameters.Job_ID)",
												"type": "Expression"
											},
											"queryTimeout": "02:00:00",
											"partitionOption": "None"
										},
										"dataset": {
											"referenceName": "Azure_DW",
											"type": "DatasetReference",
											"parameters": {
												"schema": "DataWarehouse_Staging",
												"table": "Job_Run"
											}
										}
									}
								},
								{
									"name": "Job is not failed stop run",
									"type": "IfCondition",
									"dependsOn": [
										{
											"activity": "Get Current Job Status",
											"dependencyConditions": [
												"Succeeded"
											]
										}
									],
									"userProperties": [],
									"typeProperties": {
										"expression": {
											"value": "@not(equals(activity('Get Current Job Status').output.firstRow.Job_Status, 'Failed'))",
											"type": "Expression"
										},
										"ifTrueActivities": [
											{
												"name": "Stop running job",
												"type": "ExecutePipeline",
												"dependsOn": [
													{
														"activity": "Update Job Status Failed",
														"dependencyConditions": [
															"Succeeded"
														]
													}
												],
												"userProperties": [],
												"typeProperties": {
													"pipeline": {
														"referenceName": "Risk - Stop Current Job",
														"type": "PipelineReference"
													},
													"waitOnCompletion": true,
													"parameters": {
														"Failed_Activity_Name": {
															"value": "@concat('Call SP ADF step in job (id: ',pipeline().parameters.Job_ID,') run for ',pipeline().parameters.Source_System)",
															"type": "Expression"
														},
														"Failure_Message": {
															"value": "@activity('StoredProc').Error.Message",
															"type": "Expression"
														},
														"Pipeline_Job_Run_Id": {
															"value": "@pipeline().parameters.Parent_Run_ID",
															"type": "Expression"
														},
														"Pipeline_Name": {
															"value": "@pipeline().Pipeline",
															"type": "Expression"
														}
													}
												}
											},
											{
												"name": "Update Job Status Failed",
												"type": "SqlServerStoredProcedure",
												"dependsOn": [],
												"policy": {
													"timeout": "7.00:00:00",
													"retry": 0,
													"retryIntervalInSeconds": 30,
													"secureOutput": false,
													"secureInput": false
												},
												"userProperties": [],
												"typeProperties": {
													"storedProcedureName": "[[DataWarehouse_DVRAW].[Update_Job_Status]",
													"storedProcedureParameters": {
														"Job_ID": {
															"value": {
																"value": "@pipeline().parameters.Job_ID",
																"type": "Expression"
															},
															"type": "Int32"
														},
														"Job_Status": {
															"value": "Failed",
															"type": "String"
														}
													}
												},
												"linkedServiceName": {
													"referenceName": "AzureSynapseDW",
													"type": "LinkedServiceReference"
												}
											}
										]
									}
								}
							]
						}
					}
				],
				"parameters": {
					"Batch_DTS": {
						"type": "string"
					},
					"Job_ID": {
						"type": "string"
					},
					"Parent_Run_ID": {
						"type": "string"
					},
					"Source_System": {
						"type": "string"
					}
				},
				"folder": {
					"name": "Datawarehouse"
				},
				"annotations": [],
				"lastPublishTime": "2020-12-04T19:14:15Z"
			},
			"dependsOn": [
				"[variables('factoryId')]"
			]
		}
	]
}