{
	"$schema": "http://schema.management.azure.com/schemas/2015-01-01/deploymentTemplate.json#",
	"contentVersion": "1.0.0.0",
	"parameters": {
		"factoryName": {
			"type": "string",
			"metadata": "Data Factory name",
			"defaultValue": "imcnoimdmsadf01"
		}
	},
	"variables": {
		"factoryId": "[concat('Microsoft.DataFactory/factories/', parameters('factoryName'))]"
	},
	"resources": [
		{
			"name": "[concat(parameters('factoryName'), '/Risk - Stop Current Job')]",
			"type": "Microsoft.DataFactory/factories/pipelines",
			"apiVersion": "2018-06-01",
			"properties": {
				"activities": [
					{
						"name": "Set Cancel ADF JOB REST URL",
						"type": "SetVariable",
						"dependsOn": [
							{
								"activity": "Send notification",
								"dependencyConditions": [
									"Succeeded"
								]
							}
						],
						"userProperties": [],
						"typeProperties": {
							"variableName": "cancel_job_url",
							"value": {
								"value": "@concat('https://management.azure.com/subscriptions/',pipeline().globalParameters.Azure_Subscription_Id, '/resourceGroups/',pipeline().globalParameters.Azure_Resource_Group, '/providers/Microsoft.DataFactory/factories/', pipeline().DataFactory,\n'/pipelineruns/',\npipeline().parameters.Pipeline_Job_Run_Id,\n'/cancel?isRecursive=true&api-version=2018-06-01')",
								"type": "Expression"
							}
						}
					},
					{
						"name": "Stop the Running Pipeline Job",
						"type": "WebActivity",
						"dependsOn": [
							{
								"activity": "Set Cancel ADF JOB REST URL",
								"dependencyConditions": [
									"Succeeded"
								]
							}
						],
						"policy": {
							"timeout": "7.00:00:00",
							"retry": 0,
							"retryIntervalInSeconds": 30,
							"secureOutput": false,
							"secureInput": false
						},
						"userProperties": [],
						"typeProperties": {
							"url": {
								"value": "@variables('cancel_job_url')",
								"type": "Expression"
							},
							"method": "POST",
							"body": {
								"message": "Cancel the Pipeline"
							},
							"authentication": {
								"type": "MSI",
								"resource": "https://management.azure.com"
							}
						}
					},
					{
						"name": "Set Email Subject Additon",
						"type": "SetVariable",
						"dependsOn": [
							{
								"activity": "Set Failure Flag",
								"dependencyConditions": [
									"Succeeded"
								]
							}
						],
						"userProperties": [],
						"typeProperties": {
							"variableName": "email_subject_addition",
							"value": {
								"value": "@concat(' task ',pipeline().parameters.Failed_Activity_Name,' in pipeline ',pipeline().parameters.Pipeline_Name)",
								"type": "Expression"
							}
						}
					},
					{
						"name": "Set Email Body Addition",
						"type": "SetVariable",
						"dependsOn": [
							{
								"activity": "Set Email Subject Additon",
								"dependencyConditions": [
									"Succeeded"
								]
							}
						],
						"userProperties": [],
						"typeProperties": {
							"variableName": "email_body_addition",
							"value": {
								"value": "@concat('<p><strong>Task Failure Details:</strong></p>', '<p>The task ',pipeline().parameters.Failed_Activity_Name, ' in pipeline ',pipeline().parameters.Pipeline_Name,' failed.</p>','<p><u>Error message</u></p><p>',replace(pipeline().parameters.Failure_Message,'\"',''''),'</p>')",
								"type": "Expression"
							}
						}
					},
					{
						"name": "Set Failure Flag",
						"type": "SetVariable",
						"dependsOn": [],
						"userProperties": [],
						"typeProperties": {
							"variableName": "failed_flag",
							"value": {
								"value": "F",
								"type": "Expression"
							}
						}
					},
					{
						"name": "Send notification",
						"type": "ExecutePipeline",
						"dependsOn": [
							{
								"activity": "Set Email Body Addition",
								"dependencyConditions": [
									"Succeeded"
								]
							}
						],
						"userProperties": [],
						"typeProperties": {
							"pipeline": {
								"referenceName": "Risk - Send Email Notification",
								"type": "PipelineReference"
							},
							"waitOnCompletion": true,
							"parameters": {
								"Email_Subject_Addition": {
									"value": "@variables('email_subject_addition')",
									"type": "Expression"
								},
								"Process_Name": {
									"value": "@if(equals(pipeline().parameters.Source_System,'Eagle'),'IDP_ADF_Eagle',if(equals(pipeline().parameters.Source_System,'Manual'),'IDP_ADF_Manual', 'IDP_ADF_Risk'))",
									"type": "Expression"
								},
								"Email_Body_Addition": {
									"value": "@variables('email_body_addition')",
									"type": "Expression"
								},
								"Success_Failure_Flag": {
									"value": "@variables('failed_flag')",
									"type": "Expression"
								}
							}
						}
					}
				],
				"parameters": {
					"Failed_Activity_Name": {
						"type": "string"
					},
					"Failure_Message": {
						"type": "string"
					},
					"Pipeline_Job_Run_Id": {
						"type": "string"
					},
					"Pipeline_Name": {
						"type": "string"
					},
					"Source_System": {
						"type": "string"
					}
				},
				"variables": {
					"cancel_job_url": {
						"type": "String"
					},
					"email_subject_addition": {
						"type": "String"
					},
					"email_body_addition": {
						"type": "String"
					},
					"failed_flag": {
						"type": "String",
						"defaultValue": "F"
					},
					"environment": {
						"type": "String"
					}
				},
				"folder": {
					"name": "Datawarehouse"
				},
				"annotations": [],
				"lastPublishTime": "2020-12-09T19:33:51Z"
			},
			"dependsOn": [
				"[variables('factoryId')]"
			]
		}
	]
}