{
	"$schema": "http://schema.management.azure.com/schemas/2015-01-01/deploymentTemplate.json#",
	"contentVersion": "1.0.0.0",
	"parameters": {
		"factoryName": {
			"type": "string",
			"metadata": "Data Factory name",
			"defaultValue": "imcnoimdmsadf01"
		}
	},
	"variables": {
		"factoryId": "[concat('Microsoft.DataFactory/factories/', parameters('factoryName'))]"
	},
	"resources": [
		{
			"name": "[concat(parameters('factoryName'), '/Risk - DW_Refresh_SSAS')]",
			"type": "Microsoft.DataFactory/factories/pipelines",
			"apiVersion": "2018-06-01",
			"properties": {
				"activities": [
					{
						"name": "Get SSAS refreshes",
						"type": "WebActivity",
						"dependsOn": [
							{
								"activity": "Refresh SSAS",
								"dependencyConditions": [
									"Succeeded"
								]
							}
						],
						"policy": {
							"timeout": "7.00:00:00",
							"retry": 0,
							"retryIntervalInSeconds": 30,
							"secureOutput": false,
							"secureInput": false
						},
						"userProperties": [],
						"typeProperties": {
							"url": {
								"value": "@concat('https://',pipeline().globalParameters.SSAS_Region,'.asazure.windows.net/servers/',pipeline().globalParameters.SSAS_Server,'/models/',pipeline().globalParameters.SSAS_DatabaseName,'/refreshes')",
								"type": "Expression"
							},
							"method": "GET",
							"body": "",
							"authentication": {
								"type": "MSI",
								"resource": "https://*.asazure.windows.net"
							}
						}
					},
					{
						"name": "FilterToRefresh",
						"type": "Filter",
						"dependsOn": [
							{
								"activity": "Get SSAS refreshes",
								"dependencyConditions": [
									"Succeeded"
								]
							}
						],
						"userProperties": [],
						"typeProperties": {
							"items": {
								"value": "@json(activity('Get SSAS refreshes').output.Response)",
								"type": "Expression"
							},
							"condition": {
								"value": "@greaterOrEquals(item().startTime,addseconds(activity('Refresh SSAS').output.startTime,-30))",
								"type": "Expression"
							}
						}
					},
					{
						"name": "UntilRefreshComplete",
						"type": "Until",
						"dependsOn": [
							{
								"activity": "FilterToRefresh",
								"dependencyConditions": [
									"Succeeded"
								]
							}
						],
						"userProperties": [],
						"typeProperties": {
							"expression": {
								"value": "@not(equals(activity('Refresh SSAS status').output.status,'inProgress'))",
								"type": "Expression"
							},
							"activities": [
								{
									"name": "Wait1",
									"type": "Wait",
									"dependsOn": [],
									"userProperties": [],
									"typeProperties": {
										"waitTimeInSeconds": 30
									}
								},
								{
									"name": "Refresh SSAS status",
									"type": "WebActivity",
									"dependsOn": [
										{
											"activity": "Wait1",
											"dependencyConditions": [
												"Succeeded"
											]
										}
									],
									"policy": {
										"timeout": "7.00:00:00",
										"retry": 0,
										"retryIntervalInSeconds": 30,
										"secureOutput": false,
										"secureInput": false
									},
									"userProperties": [],
									"typeProperties": {
										"url": {
											"value": "@concat('https://',pipeline().globalParameters.SSAS_Region,'.asazure.windows.net/servers/',pipeline().globalParameters.SSAS_Server,'/models/',pipeline().globalParameters.SSAS_DatabaseName,'/refreshes/',activity('FilterToRefresh').output.Value[0].refreshId)",
											"type": "Expression"
										},
										"method": "GET",
										"body": "",
										"authentication": {
											"type": "MSI",
											"resource": "https://*.asazure.windows.net"
										}
									}
								}
							],
							"timeout": "0.02:00:00"
						}
					},
					{
						"name": "Send notification if failed or update partition status",
						"type": "IfCondition",
						"dependsOn": [
							{
								"activity": "UntilRefreshComplete",
								"dependencyConditions": [
									"Succeeded"
								]
							}
						],
						"userProperties": [],
						"typeProperties": {
							"expression": {
								"value": "@equals(activity('Refresh SSAS status').output.status,'failed')",
								"type": "Expression"
							},
							"ifFalseActivities": [
								{
									"name": "Update partitions to Processed",
									"type": "SqlServerStoredProcedure",
									"dependsOn": [],
									"policy": {
										"timeout": "7.00:00:00",
										"retry": 0,
										"retryIntervalInSeconds": 30,
										"secureOutput": false,
										"secureInput": false
									},
									"userProperties": [],
									"typeProperties": {
										"storedProcedureName": "[[EDW_ETL].[Update_SSAS_Partition_Status]",
										"storedProcedureParameters": {
											"Source_System": {
												"value": {
													"value": "@pipeline().parameters.Source_System",
													"type": "Expression"
												},
												"type": "String"
											},
											"Status": {
												"value": "PROCESSED",
												"type": "String"
											}
										}
									},
									"linkedServiceName": {
										"referenceName": "AzureSynapseDW",
										"type": "LinkedServiceReference"
									}
								}
							],
							"ifTrueActivities": [
								{
									"name": "ThrowError",
									"type": "WebActivity",
									"dependsOn": [],
									"policy": {
										"timeout": "7.00:00:00",
										"retry": 0,
										"retryIntervalInSeconds": 30,
										"secureOutput": false,
										"secureInput": false
									},
									"userProperties": [],
									"typeProperties": {
										"url": {
											"value": "@string(activity('Refresh SSAS status').output)",
											"type": "Expression"
										},
										"method": "GET",
										"body": "",
										"authentication": {
											"type": "MSI",
											"resource": "https://*.asazure.windows.net"
										}
									}
								},
								{
									"name": "Stop running job",
									"type": "ExecutePipeline",
									"dependsOn": [
										{
											"activity": "ThrowError",
											"dependencyConditions": [
												"Failed"
											]
										}
									],
									"userProperties": [],
									"typeProperties": {
										"pipeline": {
											"referenceName": "Risk - Stop Current Job",
											"type": "PipelineReference"
										},
										"waitOnCompletion": true,
										"parameters": {
											"Failed_Activity_Name": {
												"value": "@concat('Refresh SSAS step in job (id: ',pipeline().parameters.Job_ID,') run for ',pipeline().parameters.Source_System)",
												"type": "Expression"
											},
											"Failure_Message": {
												"value": "@activity('ThrowError').Error.Message",
												"type": "Expression"
											},
											"Pipeline_Job_Run_Id": {
												"value": "@pipeline().parameters.Parent_Run_ID",
												"type": "Expression"
											},
											"Pipeline_Name": {
												"value": "@pipeline().Pipeline",
												"type": "Expression"
											},
											"Source_System": {
												"value": "@pipeline().parameters.Source_System",
												"type": "Expression"
											}
										}
									}
								}
							]
						}
					},
					{
						"name": "Refresh SSAS",
						"type": "WebActivity",
						"dependsOn": [
							{
								"activity": "Get refresh table list",
								"dependencyConditions": [
									"Succeeded"
								]
							}
						],
						"policy": {
							"timeout": "7.00:00:00",
							"retry": 0,
							"retryIntervalInSeconds": 30,
							"secureOutput": false,
							"secureInput": false
						},
						"userProperties": [],
						"typeProperties": {
							"url": {
								"value": "@concat('https://',pipeline().globalParameters.SSAS_Region,'.asazure.windows.net/servers/',pipeline().globalParameters.SSAS_Server,'/models/',pipeline().globalParameters.SSAS_DatabaseName,'/refreshes')",
								"type": "Expression"
							},
							"method": "POST",
							"body": {
								"value": "@concat('{\"Type\":\"Full\",\"CommitMode\":\"transactional\",\"MaxParallelism\":2,\"RetryCount\":2,\"Objects\":[' , activity('Get refresh table list').output.firstRow.SSAS_Command,']}')",
								"type": "Expression"
							},
							"authentication": {
								"type": "MSI",
								"resource": "https://*.asazure.windows.net"
							}
						}
					},
					{
						"name": "Get refresh table list",
						"type": "Lookup",
						"dependsOn": [],
						"policy": {
							"timeout": "7.00:00:00",
							"retry": 0,
							"retryIntervalInSeconds": 30,
							"secureOutput": false,
							"secureInput": false
						},
						"userProperties": [],
						"typeProperties": {
							"source": {
								"type": "SqlDWSource",
								"sqlReaderStoredProcedureName": "EDW_ETL.Get_SSAS_Command",
								"storedProcedureParameters": {
									"CommandType": {
										"type": "String",
										"value": "LIST_REFRESH_OBJECTS"
									},
									"Load_DTS": {
										"type": "DateTime",
										"value": null
									},
									"Source_System": {
										"type": "String",
										"value": {
											"value": "@pipeline().parameters.Source_System",
											"type": "Expression"
										}
									}
								},
								"queryTimeout": "02:00:00",
								"partitionOption": "None"
							},
							"dataset": {
								"referenceName": "Azure_DW",
								"type": "DatasetReference",
								"parameters": {
									"schema": "DataWarehouse_DVMart",
									"table": "Ref_SSAS_Table_Refresh"
								}
							}
						}
					}
				],
				"parameters": {
					"Parent_Run_ID": {
						"type": "string"
					},
					"Source_System": {
						"type": "string"
					},
					"Job_ID": {
						"type": "string"
					}
				},
				"folder": {
					"name": "Datawarehouse"
				},
				"annotations": [],
				"lastPublishTime": "2020-12-04T19:14:15Z"
			},
			"dependsOn": [
				"[variables('factoryId')]"
			]
		}
	]
}