{
	"$schema": "http://schema.management.azure.com/schemas/2015-01-01/deploymentTemplate.json#",
	"contentVersion": "1.0.0.0",
	"parameters": {
		"factoryName": {
			"type": "string",
			"metadata": "Data Factory name",
			"defaultValue": "imcnoimdmsadf01"
		}
	},
	"variables": {
		"factoryId": "[concat('Microsoft.DataFactory/factories/', parameters('factoryName'))]"
	},
	"resources": [
		{
			"name": "[concat(parameters('factoryName'), '/POC_PurView_Dataflow')]",
			"type": "Microsoft.DataFactory/factories/pipelines",
			"apiVersion": "2018-06-01",
			"properties": {
				"activities": [
					{
						"name": "LoadHubPortfolioFromEagleQuery",
						"type": "ExecuteDataFlow",
						"dependsOn": [],
						"policy": {
							"timeout": "7.00:00:00",
							"retry": 0,
							"retryIntervalInSeconds": 30,
							"secureOutput": false,
							"secureInput": false
						},
						"userProperties": [],
						"typeProperties": {
							"dataflow": {
								"referenceName": "LoadEagleHubPortfolio",
								"type": "DataFlowReference",
								"parameters": {
									"Load_DTS": "'2021-01-21'",
									"Record_SRC": "'Eagle'",
									"Job_Id": "'1'",
									"tgtTableName": "'Hub_Portfolio_POC'",
									"Process_Id": "'28'"
								}
							},
							"compute": {
								"coreCount": 16,
								"computeType": "General"
							},
							"traceLevel": "Fine"
						}
					}
				],
				"folder": {
					"name": "Datawarehouse"
				},
				"annotations": []
			},
			"dependsOn": [
				"[variables('factoryId')]"
			]
		}
	]
}