{
	"$schema": "http://schema.management.azure.com/schemas/2015-01-01/deploymentTemplate.json#",
	"contentVersion": "1.0.0.0",
	"parameters": {
		"factoryName": {
			"type": "string",
			"metadata": "Data Factory name",
			"defaultValue": "imcnoimdmsadf01"
		}
	},
	"variables": {
		"factoryId": "[concat('Microsoft.DataFactory/factories/', parameters('factoryName'))]"
	},
	"resources": [
		{
			"name": "[concat(parameters('factoryName'), '/Risk - DW_Run DVBUS Process')]",
			"type": "Microsoft.DataFactory/factories/pipelines",
			"apiVersion": "2018-06-01",
			"properties": {
				"activities": [
					{
						"name": "Lookup  Stored Procs",
						"type": "Lookup",
						"dependsOn": [
							{
								"activity": "Create DVBUS Temp Tables",
								"dependencyConditions": [
									"Succeeded"
								]
							}
						],
						"policy": {
							"timeout": "7.00:00:00",
							"retry": 0,
							"retryIntervalInSeconds": 30,
							"secureOutput": false,
							"secureInput": false
						},
						"userProperties": [],
						"typeProperties": {
							"source": {
								"type": "SqlDWSource",
								"sqlReaderQuery": {
									"value": "@concat('SELECT Distinct\n      Process_Name Procedure_Name\n  FROM [DataWarehouse_DVBUS].[Ref_Process]\n  where Source_System = ''', pipeline().parameters.Source_System, '''', \n  ' \n  Union\n  SELECT  Distinct\n      Procedure_Name\n  FROM [DataWarehouse_DVBUS].[Ref_Business_Vault_Procedures]\n  where Source_System=''ALL'' or Source_System = ''', pipeline().parameters.Source_System, '''')",
									"type": "Expression"
								},
								"queryTimeout": "02:00:00",
								"partitionOption": "None"
							},
							"dataset": {
								"referenceName": "Azure_DW",
								"type": "DatasetReference",
								"parameters": {
									"schema": "[[DataWarehouse_Staging]",
									"table": "[[Job_Run]"
								}
							},
							"firstRowOnly": false
						}
					},
					{
						"name": "ForEach1",
						"type": "ForEach",
						"dependsOn": [
							{
								"activity": "Lookup  Stored Procs",
								"dependencyConditions": [
									"Succeeded"
								]
							}
						],
						"userProperties": [],
						"typeProperties": {
							"items": {
								"value": "@activity('Lookup  Stored Procs').output.value",
								"type": "Expression"
							},
							"isSequential": false,
							"batchCount": 3,
							"activities": [
								{
									"name": "StoredProc",
									"type": "SqlServerStoredProcedure",
									"dependsOn": [],
									"policy": {
										"timeout": "7.00:00:00",
										"retry": 0,
										"retryIntervalInSeconds": 30,
										"secureOutput": false,
										"secureInput": false
									},
									"userProperties": [
										{
											"name": "Procedure Name",
											"value": "@{item().Procedure_Name}"
										}
									],
									"typeProperties": {
										"storedProcedureName": {
											"value": "@concat('DataWarehouse_DVBUS.',item().Procedure_Name)",
											"type": "Expression"
										},
										"storedProcedureParameters": {
											"BatchDTS": {
												"value": {
													"value": "@pipeline().parameters.Batch_DTS",
													"type": "Expression"
												},
												"type": "Datetime"
											},
											"JobID": {
												"value": {
													"value": "@pipeline().parameters.Job_ID",
													"type": "Expression"
												},
												"type": "Int32"
											}
										}
									},
									"linkedServiceName": {
										"referenceName": "AzureSynapseDW",
										"type": "LinkedServiceReference"
									}
								},
								{
									"name": "Get Current Job Status",
									"type": "Lookup",
									"dependsOn": [
										{
											"activity": "StoredProc",
											"dependencyConditions": [
												"Failed"
											]
										}
									],
									"policy": {
										"timeout": "7.00:00:00",
										"retry": 0,
										"retryIntervalInSeconds": 30,
										"secureOutput": false,
										"secureInput": false
									},
									"userProperties": [],
									"typeProperties": {
										"source": {
											"type": "SqlDWSource",
											"sqlReaderQuery": {
												"value": "@concat('Select Job_Status as Job_Status \nfrom [DataWarehouse_Staging].[Job_Run]\nWhere Job_Id = ',pipeline().parameters.Job_ID)",
												"type": "Expression"
											},
											"queryTimeout": "02:00:00",
											"partitionOption": "None"
										},
										"dataset": {
											"referenceName": "Azure_DW",
											"type": "DatasetReference",
											"parameters": {
												"schema": "DataWarehouse_Staging",
												"table": "Job_Run"
											}
										}
									}
								},
								{
									"name": "Job is not failed stop run",
									"type": "IfCondition",
									"dependsOn": [
										{
											"activity": "Get Current Job Status",
											"dependencyConditions": [
												"Succeeded"
											]
										}
									],
									"userProperties": [],
									"typeProperties": {
										"expression": {
											"value": "@not(equals(activity('Get Current Job Status').output.firstRow.Job_Status, 'Failed'))",
											"type": "Expression"
										},
										"ifTrueActivities": [
											{
												"name": "Stop running job",
												"type": "ExecutePipeline",
												"dependsOn": [
													{
														"activity": "Update Job Status Failed",
														"dependencyConditions": [
															"Succeeded"
														]
													}
												],
												"userProperties": [],
												"typeProperties": {
													"pipeline": {
														"referenceName": "Risk - Stop Current Job",
														"type": "PipelineReference"
													},
													"waitOnCompletion": true,
													"parameters": {
														"Failed_Activity_Name": {
															"value": "@concat('Call SP Bus Vault step in job (id: ',pipeline().parameters.Job_ID,') run for ',pipeline().parameters.Source_System)",
															"type": "Expression"
														},
														"Failure_Message": {
															"value": "@activity('StoredProc').Error.Message",
															"type": "Expression"
														},
														"Pipeline_Job_Run_Id": {
															"value": "@pipeline().parameters.Parent_Run_ID",
															"type": "Expression"
														},
														"Pipeline_Name": {
															"value": "@pipeline().Pipeline",
															"type": "Expression"
														},
														"Source_System": {
															"value": "@pipeline().parameters.Source_System",
															"type": "Expression"
														}
													}
												}
											},
											{
												"name": "Update Job Status Failed",
												"type": "SqlServerStoredProcedure",
												"dependsOn": [],
												"policy": {
													"timeout": "7.00:00:00",
													"retry": 0,
													"retryIntervalInSeconds": 30,
													"secureOutput": false,
													"secureInput": false
												},
												"userProperties": [],
												"typeProperties": {
													"storedProcedureName": "[[DataWarehouse_DVRAW].[Update_Job_Status]",
													"storedProcedureParameters": {
														"Job_ID": {
															"value": {
																"value": "@pipeline().parameters.Job_ID",
																"type": "Expression"
															},
															"type": "Int32"
														},
														"Job_Status": {
															"value": "Failed",
															"type": "String"
														}
													}
												},
												"linkedServiceName": {
													"referenceName": "AzureSynapseDW",
													"type": "LinkedServiceReference"
												}
											}
										]
									}
								}
							]
						}
					},
					{
						"name": "Drop temp tables",
						"type": "SqlServerStoredProcedure",
						"dependsOn": [
							{
								"activity": "ForEach1",
								"dependencyConditions": [
									"Succeeded"
								]
							}
						],
						"policy": {
							"timeout": "7.00:00:00",
							"retry": 0,
							"retryIntervalInSeconds": 30,
							"secureOutput": false,
							"secureInput": false
						},
						"userProperties": [],
						"typeProperties": {
							"storedProcedureName": {
								"value": "DataWarehouse_Staging.Cleanup_DV_Temp_Tables",
								"type": "Expression"
							},
							"storedProcedureParameters": {
								"Source_System": {
									"value": {
										"value": "@pipeline().parameters.Source_System",
										"type": "Expression"
									},
									"type": "String"
								}
							}
						},
						"linkedServiceName": {
							"referenceName": "AzureSynapseDW",
							"type": "LinkedServiceReference"
						}
					},
					{
						"name": "Create DVBUS Temp Tables",
						"type": "ExecutePipeline",
						"dependsOn": [
							{
								"activity": "ForEach Dependency checking SP run",
								"dependencyConditions": [
									"Succeeded"
								]
							}
						],
						"userProperties": [],
						"typeProperties": {
							"pipeline": {
								"referenceName": "Risk - DW Create DVBUS Temp Storage",
								"type": "PipelineReference"
							},
							"waitOnCompletion": true,
							"parameters": {
								"Job_ID": {
									"value": "@pipeline().parameters.Job_ID",
									"type": "Expression"
								},
								"Parent_Run_ID": {
									"value": "@pipeline().parameters.Parent_Run_ID",
									"type": "Expression"
								},
								"Source_System": {
									"value": "@pipeline().parameters.Source_System",
									"type": "Expression"
								},
								"Batch_DTS": {
									"value": "@pipeline().parameters.Batch_DTS",
									"type": "Expression"
								}
							}
						}
					},
					{
						"name": "ForEach Dependency checking SP run",
						"type": "ForEach",
						"dependsOn": [
							{
								"activity": "Initialize Error Message Detail",
								"dependencyConditions": [
									"Succeeded"
								]
							}
						],
						"userProperties": [],
						"typeProperties": {
							"items": {
								"value": "@activity('Lookup job dependency checking SP').output.value",
								"type": "Expression"
							},
							"isSequential": true,
							"activities": [
								{
									"name": "Call dependency SP to check data",
									"type": "SqlServerStoredProcedure",
									"dependsOn": [],
									"policy": {
										"timeout": "7.00:00:00",
										"retry": 0,
										"retryIntervalInSeconds": 30,
										"secureOutput": false,
										"secureInput": false
									},
									"userProperties": [],
									"typeProperties": {
										"storedProcedureName": {
											"value": "item().sp_check_dependency_name",
											"type": "Expression"
										},
										"storedProcedureParameters": {
											"BatchDTS": {
												"value": {
													"value": "@pipeline().parameters.Batch_DTS",
													"type": "Expression"
												},
												"type": "String"
											},
											"JobID": {
												"value": {
													"value": "@pipeline().parameters.Job_ID",
													"type": "Expression"
												},
												"type": "Int32"
											}
										}
									},
									"linkedServiceName": {
										"referenceName": "AzureSynapseDW",
										"type": "LinkedServiceReference"
									}
								},
								{
									"name": "Append Error Message",
									"type": "AppendVariable",
									"dependsOn": [
										{
											"activity": "Call dependency SP to check data",
											"dependencyConditions": [
												"Failed"
											]
										}
									],
									"userProperties": [],
									"typeProperties": {
										"variableName": "Error_Message",
										"value": {
											"value": "@activity('Call dependency SP to check data').Error.Message",
											"type": "Expression"
										}
									}
								},
								{
									"name": "Throw Error again for ADF to catch",
									"type": "SqlServerStoredProcedure",
									"dependsOn": [
										{
											"activity": "Append Error Message",
											"dependencyConditions": [
												"Succeeded"
											]
										}
									],
									"policy": {
										"timeout": "7.00:00:00",
										"retry": 0,
										"retryIntervalInSeconds": 30,
										"secureOutput": false,
										"secureInput": false
									},
									"userProperties": [],
									"typeProperties": {
										"storedProcedureName": {
											"value": "EDW_ETL.ADF_Throw_Error",
											"type": "Expression"
										}
									},
									"linkedServiceName": {
										"referenceName": "AzureSynapseDW",
										"type": "LinkedServiceReference"
									}
								}
							]
						}
					},
					{
						"name": "Lookup job dependency checking SP",
						"type": "Lookup",
						"dependsOn": [
							{
								"activity": "All children job finished successfully",
								"dependencyConditions": [
									"Succeeded"
								]
							}
						],
						"policy": {
							"timeout": "7.00:00:00",
							"retry": 0,
							"retryIntervalInSeconds": 30,
							"secureOutput": false,
							"secureInput": false
						},
						"userProperties": [],
						"typeProperties": {
							"source": {
								"type": "SqlDWSource",
								"sqlReaderQuery": {
									"value": "@concat('SELECT sp_check_dependency_name\n FROM [EDW_ETL].[Ref_Job_Process_Dependency] Where Process_Name = ''',pipeline().parameters.Source_System,''' and sp_check_dependency_name is not null ' )",
									"type": "Expression"
								},
								"queryTimeout": "02:00:00",
								"partitionOption": "None"
							},
							"dataset": {
								"referenceName": "Azure_DW",
								"type": "DatasetReference",
								"parameters": {
									"schema": "[[DataWarehouse_Staging]",
									"table": "[[Job_Run]"
								}
							},
							"firstRowOnly": false
						}
					},
					{
						"name": "Send Success Email Notification for process",
						"type": "ExecutePipeline",
						"dependsOn": [
							{
								"activity": "Get Email details for current Process Name",
								"dependencyConditions": [
									"Succeeded"
								]
							}
						],
						"userProperties": [],
						"typeProperties": {
							"pipeline": {
								"referenceName": "Risk - Send Email Notification",
								"type": "PipelineReference"
							},
							"waitOnCompletion": true,
							"parameters": {
								"Email_Subject_Addition": {
									"value": "@activity('Get Email details for current Process Name').output.firstRow.Email_Subject_Addition",
									"type": "Expression"
								},
								"Process_Name": {
									"value": "@activity('Get Email details for current Process Name').output.firstRow.Process_Name",
									"type": "Expression"
								},
								"Email_Body_Addition": {
									"value": "@replace(activity('Get Email details for current Process Name').output.firstRow.Email_Body_Addition, '<<Batch_Date>>', if(equals(coalesce(pipeline().parameters.Batch_DTS,'1900-01-01'),'1900-01-01'),formatDateTime(utcnow(), 'yyyy-MM-dd'),coalesce(pipeline().parameters.Batch_DTS,'')))",
									"type": "Expression"
								},
								"Success_Failure_Flag": "S"
							}
						}
					},
					{
						"name": "Get Email details for current Process Name",
						"type": "Lookup",
						"dependsOn": [
							{
								"activity": "Drop temp tables",
								"dependencyConditions": [
									"Succeeded"
								]
							}
						],
						"policy": {
							"timeout": "7.00:00:00",
							"retry": 0,
							"retryIntervalInSeconds": 30,
							"secureOutput": false,
							"secureInput": false
						},
						"userProperties": [],
						"typeProperties": {
							"source": {
								"type": "SqlDWSource",
								"sqlReaderQuery": {
									"value": "@concat('SELECT [Process_Name]\n      ,[Email_Subject_Addition]\n      ,[Email_Body_Addition]\n  FROM [DataWarehouse_Staging].[Ref_Email_Notification]\n  where Source_System= ''', pipeline().parameters.Source_System, '''')",
									"type": "Expression"
								},
								"queryTimeout": "02:00:00",
								"partitionOption": "None"
							},
							"dataset": {
								"referenceName": "Azure_DW",
								"type": "DatasetReference",
								"parameters": {
									"schema": "DataWarehouse_Staging",
									"table": "Ref_Email_Notification"
								}
							},
							"firstRowOnly": true
						}
					},
					{
						"name": "Initialize Error Message Detail",
						"type": "SetVariable",
						"dependsOn": [
							{
								"activity": "Lookup job dependency checking SP",
								"dependencyConditions": [
									"Succeeded"
								]
							}
						],
						"userProperties": [],
						"typeProperties": {
							"variableName": "Error_Message",
							"value": {
								"value": "@array('Error Message Details: ')",
								"type": "Expression"
							}
						}
					},
					{
						"name": "Send Email Notification for missing data",
						"type": "ExecutePipeline",
						"dependsOn": [
							{
								"activity": "Get Email details for current Process Name_F",
								"dependencyConditions": [
									"Succeeded"
								]
							}
						],
						"userProperties": [],
						"typeProperties": {
							"pipeline": {
								"referenceName": "Risk - Send Email Notification",
								"type": "PipelineReference"
							},
							"waitOnCompletion": true,
							"parameters": {
								"Email_Subject_Addition": {
									"value": "@activity('Get Email details for current Process Name_F').output.firstRow.Email_Subject_Addition",
									"type": "Expression"
								},
								"Process_Name": {
									"value": "@activity('Get Email details for current Process Name_F').output.firstRow.Process_Name",
									"type": "Expression"
								},
								"Email_Body_Addition": {
									"value": "@concat(replace(activity('Get Email details for current Process Name_F').output.firstRow.Email_Body_Addition, '<<Batch_Date>>', if(equals(coalesce(pipeline().parameters.Batch_DTS,'1900-01-01'),'1900-01-01'),formatDateTime(utcnow(), 'yyyy-MM-dd'),coalesce(pipeline().parameters.Batch_DTS,''))), '<p>Error Message</p><p>', Join(variables('Error_Message'), '</p><p>'), '</p>')",
									"type": "Expression"
								},
								"Success_Failure_Flag": "F"
							}
						}
					},
					{
						"name": "Get Email details for current Process Name_F",
						"type": "Lookup",
						"dependsOn": [
							{
								"activity": "ForEach Dependency checking SP run",
								"dependencyConditions": [
									"Failed"
								]
							}
						],
						"policy": {
							"timeout": "7.00:00:00",
							"retry": 0,
							"retryIntervalInSeconds": 30,
							"secureOutput": false,
							"secureInput": false
						},
						"userProperties": [],
						"typeProperties": {
							"source": {
								"type": "SqlDWSource",
								"sqlReaderQuery": {
									"value": "@concat('SELECT [Process_Name]\n      ,[Email_Subject_Addition]\n      ,[Email_Body_Addition]\n  FROM [DataWarehouse_Staging].[Ref_Email_Notification]\n  where Source_System= ''', pipeline().parameters.Source_System, '''')",
									"type": "Expression"
								},
								"queryTimeout": "02:00:00",
								"partitionOption": "None"
							},
							"dataset": {
								"referenceName": "Azure_DW",
								"type": "DatasetReference",
								"parameters": {
									"schema": "DataWarehouse_Staging",
									"table": "Ref_Email_Notification"
								}
							},
							"firstRowOnly": true
						}
					},
					{
						"name": "All children job finished successfully",
						"type": "Until",
						"dependsOn": [
							{
								"activity": "Set Initial Start Flag Variable",
								"dependencyConditions": [
									"Succeeded"
								]
							}
						],
						"userProperties": [],
						"typeProperties": {
							"expression": {
								"value": "@equals(activity('Lookup all children job Status_Loop').output.firstRow.Job_Status,'Success')",
								"type": "Expression"
							},
							"activities": [
								{
									"name": "Lookup all children job Status_Loop",
									"type": "Lookup",
									"dependsOn": [
										{
											"activity": "Wait only when it is not initial run",
											"dependencyConditions": [
												"Succeeded"
											]
										}
									],
									"policy": {
										"timeout": "7.00:00:00",
										"retry": 0,
										"retryIntervalInSeconds": 30,
										"secureOutput": false,
										"secureInput": false
									},
									"userProperties": [],
									"typeProperties": {
										"source": {
											"type": "SqlDWSource",
											"sqlReaderStoredProcedureName": "EDW_ETL.Get_All_Dependent_Job_Status",
											"storedProcedureParameters": {
												"Batch_Date": {
													"type": "DateTime",
													"value": {
														"value": "@pipeline().parameters.Batch_DTS",
														"type": "Expression"
													}
												},
												"Job_Id": {
													"type": "Int32",
													"value": {
														"value": "@pipeline().parameters.Job_ID",
														"type": "Expression"
													}
												},
												"Process_Name": {
													"type": "String",
													"value": {
														"value": "@pipeline().parameters.Source_System",
														"type": "Expression"
													}
												},
												"Load_Type": {
													"value": {
														"value": "@pipeline().parameters.Load_Type",
														"type": "Expression"
													}
												}
											},
											"queryTimeout": "02:00:00",
											"partitionOption": "None"
										},
										"dataset": {
											"referenceName": "Azure_DW",
											"type": "DatasetReference",
											"parameters": {
												"schema": "[[DataWarehouse_Staging]",
												"table": "[[Job_Run]"
											}
										},
										"firstRowOnly": true
									}
								},
								{
									"name": "Wait only when it is not initial run",
									"type": "IfCondition",
									"dependsOn": [],
									"userProperties": [],
									"typeProperties": {
										"expression": {
											"value": "@not(equals(variables('Initial_Job_Start_Flag'),'T'))",
											"type": "Expression"
										},
										"ifTrueActivities": [
											{
												"name": "Wait 5 mins",
												"type": "Wait",
												"dependsOn": [],
												"userProperties": [],
												"typeProperties": {
													"waitTimeInSeconds": 300
												}
											}
										]
									}
								},
								{
									"name": "Set Initial Start Flag Variable to False",
									"type": "SetVariable",
									"dependsOn": [
										{
											"activity": "Lookup all children job Status_Loop",
											"dependencyConditions": [
												"Succeeded"
											]
										}
									],
									"userProperties": [],
									"typeProperties": {
										"variableName": "Initial_Job_Start_Flag",
										"value": {
											"value": "F",
											"type": "Expression"
										}
									}
								}
							],
							"timeout": "0.08:00:00"
						}
					},
					{
						"name": "Set Initial Start Flag Variable",
						"type": "SetVariable",
						"dependsOn": [],
						"userProperties": [],
						"typeProperties": {
							"variableName": "Initial_Job_Start_Flag",
							"value": {
								"value": "T",
								"type": "Expression"
							}
						}
					},
					{
						"name": "Get Timeout Email for current Process Name_F",
						"type": "Lookup",
						"dependsOn": [
							{
								"activity": "All children job finished successfully",
								"dependencyConditions": [
									"Failed"
								]
							}
						],
						"policy": {
							"timeout": "7.00:00:00",
							"retry": 0,
							"retryIntervalInSeconds": 30,
							"secureOutput": false,
							"secureInput": false
						},
						"userProperties": [],
						"typeProperties": {
							"source": {
								"type": "SqlDWSource",
								"sqlReaderQuery": {
									"value": "@concat('SELECT [Process_Name]\n      ,[Email_Subject_Addition]\n      ,[Email_Body_Addition]\n  FROM [DataWarehouse_Staging].[Ref_Email_Notification]\n  where Source_System= ''', pipeline().parameters.Source_System, '''')",
									"type": "Expression"
								},
								"queryTimeout": "02:00:00",
								"partitionOption": "None"
							},
							"dataset": {
								"referenceName": "Azure_DW",
								"type": "DatasetReference",
								"parameters": {
									"schema": "DataWarehouse_Staging",
									"table": "Ref_Email_Notification"
								}
							},
							"firstRowOnly": true
						}
					},
					{
						"name": "Send Timeout Email Notification",
						"type": "ExecutePipeline",
						"dependsOn": [
							{
								"activity": "Get Timeout Email for current Process Name_F",
								"dependencyConditions": [
									"Succeeded"
								]
							}
						],
						"userProperties": [],
						"typeProperties": {
							"pipeline": {
								"referenceName": "Risk - Send Email Notification",
								"type": "PipelineReference"
							},
							"waitOnCompletion": true,
							"parameters": {
								"Email_Subject_Addition": {
									"value": "@activity('Get Timeout Email for current Process Name_F').output.firstRow.Email_Subject_Addition",
									"type": "Expression"
								},
								"Process_Name": {
									"value": "@activity('Get Timeout Email for current Process Name_F').output.firstRow.Process_Name",
									"type": "Expression"
								},
								"Email_Body_Addition": {
									"value": "@concat(replace(activity('Get Timeout Email for current Process Name_F').output.firstRow.Email_Body_Addition, '<<Batch_Date>>', if(equals(coalesce(pipeline().parameters.Batch_DTS,'1900-01-01'),'1900-01-01'),formatDateTime(utcnow(), 'yyyy-MM-dd'),coalesce(pipeline().parameters.Batch_DTS,''))), '<p>Error Message</p><p>The dependent jobs are not finished successfully for today''s load.</p>')",
									"type": "Expression"
								},
								"Success_Failure_Flag": "F"
							}
						}
					}
				],
				"parameters": {
					"Parent_Run_ID": {
						"type": "string",
						"defaultValue": "1"
					},
					"Job_ID": {
						"type": "string",
						"defaultValue": "1"
					},
					"Source_System": {
						"type": "string",
						"defaultValue": "WSIB_Benchmark"
					},
					"Batch_DTS": {
						"type": "string"
					},
					"Load_Type": {
						"type": "string"
					}
				},
				"variables": {
					"Error_Message": {
						"type": "Array",
						"defaultValue": []
					},
					"Initial_Job_Start_Flag": {
						"type": "String",
						"defaultValue": "F"
					}
				},
				"folder": {
					"name": "Datawarehouse"
				},
				"annotations": [],
				"lastPublishTime": "2020-12-04T19:14:15Z"
			},
			"dependsOn": [
				"[variables('factoryId')]"
			]
		}
	]
}