{
	"$schema": "http://schema.management.azure.com/schemas/2015-01-01/deploymentTemplate.json#",
	"contentVersion": "1.0.0.0",
	"parameters": {
		"factoryName": {
			"type": "string",
			"metadata": "Data Factory name",
			"defaultValue": "imcnoimdmsadf01"
		}
	},
	"variables": {
		"factoryId": "[concat('Microsoft.DataFactory/factories/', parameters('factoryName'))]"
	},
	"resources": [
		{
			"name": "[concat(parameters('factoryName'), '/EDW Copy PSA CDC')]",
			"type": "Microsoft.DataFactory/factories/pipelines",
			"apiVersion": "2018-06-01",
			"properties": {
				"activities": [
					{
						"name": "Get Staging tables no Partition",
						"type": "Lookup",
						"dependsOn": [
							{
								"activity": "Set load dts",
								"dependencyConditions": [
									"Succeeded"
								]
							}
						],
						"policy": {
							"timeout": "7.00:00:00",
							"retry": 0,
							"retryIntervalInSeconds": 30,
							"secureOutput": false,
							"secureInput": false
						},
						"userProperties": [],
						"typeProperties": {
							"source": {
								"type": "SqlDWSource",
								"sqlReaderStoredProcedureName": "[[PSA].[Create_Stage_Setup]",
								"storedProcedureParameters": {
									"Batch_Date_Input": {
										"type": "String",
										"value": {
											"value": "@variables('Load_Dts')",
											"type": "Expression"
										}
									},
									"Load_Type": {
										"type": "String",
										"value": {
											"value": "@pipeline().parameters.LoadType",
											"type": "Expression"
										}
									},
									"Source_System": {
										"type": "String",
										"value": {
											"value": "@pipeline().parameters.Source_System",
											"type": "Expression"
										}
									}
								},
								"queryTimeout": "02:00:00",
								"partitionOption": "None"
							},
							"dataset": {
								"referenceName": "Azure_DW",
								"type": "DatasetReference",
								"parameters": {
									"schema": "[[DataWarehouse_Staging]",
									"table": "Job_Run"
								}
							},
							"firstRowOnly": false
						}
					},
					{
						"name": "ForEach Non Partition Tables",
						"type": "ForEach",
						"dependsOn": [
							{
								"activity": "Get Staging tables no Partition",
								"dependencyConditions": [
									"Succeeded"
								]
							}
						],
						"userProperties": [],
						"typeProperties": {
							"items": {
								"value": "@activity('Get Staging tables no Partition').output.value",
								"type": "Expression"
							},
							"isSequential": false,
							"batchCount": 3,
							"activities": [
								{
									"name": "Update ETL Load Control",
									"type": "SqlServerStoredProcedure",
									"dependsOn": [
										{
											"activity": "IsDeleted",
											"dependencyConditions": [
												"Succeeded"
											]
										}
									],
									"policy": {
										"timeout": "7.00:00:00",
										"retry": 0,
										"retryIntervalInSeconds": 30,
										"secureOutput": false,
										"secureInput": false
									},
									"userProperties": [],
									"typeProperties": {
										"storedProcedureName": "[[EDW_ETL].[Update_ETL_Load_Control]",
										"storedProcedureParameters": {
											"Error_Massage": {
												"value": "",
												"type": "String"
											},
											"ETL_Load_Key": {
												"value": {
													"value": "@pipeline().parameters.ETL_LoadKey",
													"type": "Expression"
												},
												"type": "Int64"
											},
											"Load_Status": {
												"value": "Completed",
												"type": "String"
											},
											"Load_Table": {
												"value": {
													"value": "@concat(item().Target_Schema,'.', item().Target_Table)",
													"type": "Expression"
												},
												"type": "String"
											},
											"Rows_Expired": {
												"value": "0",
												"type": "Int32"
											},
											"Rows_Inserted": {
												"value": {
													"value": "@if(equals(item().Source_Query, 'Dynamic_Query'), -1, activity('Copy Staging_No_Partition').output.rowsCopied)",
													"type": "Expression"
												},
												"type": "Int32"
											},
											"Rows_Updated": {
												"value": "0",
												"type": "Int32"
											}
										}
									},
									"linkedServiceName": {
										"referenceName": "AzureSynapseDW",
										"type": "LinkedServiceReference"
									}
								},
								{
									"name": "Get Current Job Status",
									"type": "Lookup",
									"dependsOn": [
										{
											"activity": "check if source query is dynamic",
											"dependencyConditions": [
												"Failed"
											]
										}
									],
									"policy": {
										"timeout": "7.00:00:00",
										"retry": 0,
										"retryIntervalInSeconds": 30,
										"secureOutput": false,
										"secureInput": false
									},
									"userProperties": [],
									"typeProperties": {
										"source": {
											"type": "SqlDWSource",
											"sqlReaderQuery": {
												"value": "@concat('Select Load_Status as Job_Status \nfrom [EDW_ETL].[ETL_Load]\nWhere ETL_Load_Key = ',pipeline().parameters.ETL_LoadKey)",
												"type": "Expression"
											},
											"queryTimeout": "02:00:00",
											"partitionOption": "None"
										},
										"dataset": {
											"referenceName": "Azure_DW",
											"type": "DatasetReference",
											"parameters": {
												"schema": "DataWarehouse_Staging",
												"table": "Job_Run"
											}
										}
									}
								},
								{
									"name": "Job not set to failed run stop job",
									"type": "IfCondition",
									"dependsOn": [
										{
											"activity": "Get Current Job Status",
											"dependencyConditions": [
												"Succeeded"
											]
										}
									],
									"userProperties": [],
									"typeProperties": {
										"expression": {
											"value": "@not(equals(activity('Get Current Job Status').output.firstRow.Job_Status, 'Failed'))",
											"type": "Expression"
										},
										"ifTrueActivities": [
											{
												"name": "Stop running job",
												"type": "ExecutePipeline",
												"dependsOn": [
													{
														"activity": "Update Job Status Failed",
														"dependencyConditions": [
															"Succeeded"
														]
													}
												],
												"userProperties": [],
												"typeProperties": {
													"pipeline": {
														"referenceName": "Risk - Stop Current Job",
														"type": "PipelineReference"
													},
													"waitOnCompletion": true,
													"parameters": {
														"Failed_Activity_Name": {
															"value": "@concat('Copy PSA step in ETL Load (id: ',pipeline().parameters.ETL_LoadKey,') run for ',pipeline().parameters.Source_System)",
															"type": "Expression"
														},
														"Failure_Message": {
															"value": "@if(equals(item().Source_Query, 'Dynamic_Query'), activity('Load Target CDC').Error.Message, activity('Copy Staging_No_Partition').Error.Message)",
															"type": "Expression"
														},
														"Pipeline_Job_Run_Id": {
															"value": "@pipeline().parameters.Parent_Run_ID",
															"type": "Expression"
														},
														"Pipeline_Name": {
															"value": "@pipeline().Pipeline",
															"type": "Expression"
														},
														"Source_System": {
															"value": "@pipeline().parameters.Source_System",
															"type": "Expression"
														}
													}
												}
											},
											{
												"name": "Update Job Status Failed",
												"type": "SqlServerStoredProcedure",
												"dependsOn": [],
												"policy": {
													"timeout": "7.00:00:00",
													"retry": 0,
													"retryIntervalInSeconds": 30,
													"secureOutput": false,
													"secureInput": false
												},
												"userProperties": [],
												"typeProperties": {
													"storedProcedureName": "[[EDW_ETL].[Update_ETL_Load_Status]",
													"storedProcedureParameters": {
														"ETL_Load_Key": {
															"value": {
																"value": "@pipeline().parameters.ETL_LoadKey",
																"type": "Expression"
															},
															"type": "Int32"
														},
														"Status": {
															"value": "Failed",
															"type": "String"
														}
													}
												},
												"linkedServiceName": {
													"referenceName": "AzureSynapseDW",
													"type": "LinkedServiceReference"
												}
											}
										]
									}
								},
								{
									"name": "IsDeleted",
									"type": "SqlServerStoredProcedure",
									"dependsOn": [
										{
											"activity": "check if source query is dynamic",
											"dependencyConditions": [
												"Succeeded"
											]
										}
									],
									"policy": {
										"timeout": "7.00:00:00",
										"retry": 0,
										"retryIntervalInSeconds": 30,
										"secureOutput": false,
										"secureInput": false
									},
									"userProperties": [],
									"typeProperties": {
										"storedProcedureName": "[[PSA].[Update_IsDeleted_Records]",
										"storedProcedureParameters": {
											"Batch_Date": {
												"value": {
													"value": "@variables('Load_Dts')",
													"type": "Expression"
												},
												"type": "String"
											},
											"schema_name": {
												"value": {
													"value": "@item().Target_Schema",
													"type": "Expression"
												},
												"type": "String"
											},
											"source_schema_name": {
												"value": {
													"value": "@item().Source_Schema",
													"type": "Expression"
												},
												"type": "String"
											},
											"Source_table_name": {
												"value": {
													"value": "@item().Source_Table_Name",
													"type": "Expression"
												},
												"type": "String"
											},
											"table_name": {
												"value": {
													"value": "@item().Target_Table",
													"type": "Expression"
												},
												"type": "String"
											}
										}
									},
									"linkedServiceName": {
										"referenceName": "AzureSynapseDW",
										"type": "LinkedServiceReference"
									}
								},
								{
									"name": "check if source query is dynamic",
									"type": "IfCondition",
									"dependsOn": [],
									"userProperties": [],
									"typeProperties": {
										"expression": {
											"value": "@equals(item().Source_Query,'Dynamic_Query')",
											"type": "Expression"
										},
										"ifFalseActivities": [
											{
												"name": "Copy Staging_No_Partition",
												"type": "Copy",
												"dependsOn": [],
												"policy": {
													"timeout": "7.00:00:00",
													"retry": 0,
													"retryIntervalInSeconds": 30,
													"secureOutput": false,
													"secureInput": false
												},
												"userProperties": [
													{
														"name": "Destination",
														"value": "@{item().target_table}"
													}
												],
												"typeProperties": {
													"source": {
														"type": "SqlDWSource",
														"sqlReaderQuery": {
															"value": "@item().Source_Query",
															"type": "Expression"
														},
														"queryTimeout": "02:00:00",
														"partitionOption": "None"
													},
													"sink": {
														"type": "SqlDWSink",
														"allowPolyBase": true,
														"polyBaseSettings": {
															"rejectValue": 0,
															"rejectType": "value",
															"useTypeDefault": false
														},
														"disableMetricsCollection": false
													},
													"enableStaging": true,
													"stagingSettings": {
														"linkedServiceName": {
															"referenceName": "LS_Polybase_Staging",
															"type": "LinkedServiceReference"
														},
														"path": {
															"value": "@concat(pipeline().globalParameters.Env,'/staging/Risk/Polybase_Auto')",
															"type": "Expression"
														},
														"enableCompression": false
													},
													"parallelCopies": 5
												},
												"inputs": [
													{
														"referenceName": "Azure_DW",
														"type": "DatasetReference",
														"parameters": {
															"schema": {
																"value": "PSA",
																"type": "Expression"
															},
															"table": {
																"value": "@item().Target_Table",
																"type": "Expression"
															}
														}
													}
												],
												"outputs": [
													{
														"referenceName": "Azure_DW",
														"type": "DatasetReference",
														"parameters": {
															"schema": {
																"value": "@item().Target_Schema",
																"type": "Expression"
															},
															"table": {
																"value": "@item().Target_Table",
																"type": "Expression"
															}
														}
													}
												]
											}
										],
										"ifTrueActivities": [
											{
												"name": "Load Target CDC",
												"type": "SqlServerStoredProcedure",
												"dependsOn": [],
												"policy": {
													"timeout": "7.00:00:00",
													"retry": 0,
													"retryIntervalInSeconds": 30,
													"secureOutput": false,
													"secureInput": false
												},
												"userProperties": [],
												"typeProperties": {
													"storedProcedureName": "[[PSA].[Update_CDC_Records]",
													"storedProcedureParameters": {
														"Batch_Date": {
															"value": {
																"value": "@variables('Load_Dts')",
																"type": "Expression"
															},
															"type": "String"
														},
														"schema_name": {
															"value": {
																"value": "@item().Target_Schema",
																"type": "Expression"
															},
															"type": "String"
														},
														"source_schema_name": {
															"value": {
																"value": "@item().Source_Schema",
																"type": "Expression"
															},
															"type": "String"
														},
														"Source_table_name": {
															"value": {
																"value": "@item().Source_Table_Name",
																"type": "Expression"
															},
															"type": "String"
														},
														"table_name": {
															"value": {
																"value": "@item().Target_Table",
																"type": "Expression"
															},
															"type": "String"
														}
													}
												},
												"linkedServiceName": {
													"referenceName": "AzureSynapseDW",
													"type": "LinkedServiceReference"
												}
											}
										]
									}
								}
							]
						}
					},
					{
						"name": "Set load dts",
						"type": "SetVariable",
						"dependsOn": [],
						"userProperties": [],
						"typeProperties": {
							"variableName": "Load_Dts",
							"value": {
								"value": "@formatDateTime(convertTimeZone(utcnow(),'UTC','Eastern Standard Time'),'yyyy-MM-dd HH:mm:ss.fffffff')",
								"type": "Expression"
							}
						}
					}
				],
				"parameters": {
					"Source_System": {
						"type": "string",
						"defaultValue": "PSA_Eagle"
					},
					"LoadType": {
						"type": "string",
						"defaultValue": "Delta"
					},
					"ETL_LoadKey": {
						"type": "string"
					},
					"Parent_Run_ID": {
						"type": "string"
					}
				},
				"variables": {
					"cancel_job_url": {
						"type": "String"
					},
					"email_subject": {
						"type": "String"
					},
					"email_body": {
						"type": "String"
					},
					"Load_Dts": {
						"type": "String"
					}
				},
				"folder": {
					"name": "Datawarehouse"
				},
				"annotations": [],
				"lastPublishTime": "2020-12-09T15:19:14Z"
			},
			"dependsOn": [
				"[variables('factoryId')]"
			]
		},
		{
			"name": "[concat(parameters('factoryName'), '/EDW Load - Main')]",
			"type": "Microsoft.DataFactory/factories/pipelines",
			"apiVersion": "2018-06-01",
			"properties": {
				"activities": [
					{
						"name": "Start New Load",
						"type": "SqlServerStoredProcedure",
						"dependsOn": [
							{
								"activity": "Fail previous load for source system",
								"dependencyConditions": [
									"Succeeded"
								]
							}
						],
						"policy": {
							"timeout": "7.00:00:00",
							"retry": 0,
							"retryIntervalInSeconds": 30,
							"secureOutput": false,
							"secureInput": false
						},
						"userProperties": [],
						"typeProperties": {
							"storedProcedureName": "[[EDW_ETL].[Start_New_Load]",
							"storedProcedureParameters": {
								"Batch_Date": {
									"value": {
										"value": "@pipeline().parameters.Batch_Date",
										"type": "Expression"
									},
									"type": "DateTime"
								},
								"Source_System": {
									"value": {
										"value": "@pipeline().parameters.Source_System",
										"type": "Expression"
									},
									"type": "String"
								},
								"Load_Type": {
									"value": {
										"value": "@pipeline().parameters.Load_Type",
										"type": "Expression"
									},
									"type": "String"
								}
							}
						},
						"linkedServiceName": {
							"referenceName": "AzureSynapseDW",
							"type": "LinkedServiceReference"
						}
					},
					{
						"name": "Get Current Load Dates",
						"type": "Lookup",
						"dependsOn": [
							{
								"activity": "Start New Load",
								"dependencyConditions": [
									"Succeeded"
								]
							}
						],
						"policy": {
							"timeout": "7.00:00:00",
							"retry": 0,
							"retryIntervalInSeconds": 30,
							"secureOutput": false,
							"secureInput": false
						},
						"userProperties": [],
						"typeProperties": {
							"source": {
								"type": "SqlDWSource",
								"sqlReaderQuery": {
									"value": "@concat('SELECT ETL_Load_Key,\n      replace(convert(varchar, [Batch_Date],102),''.'',''-'') as [Batch_Date]\n  FROM [EDW_ETL].ETL_Load\n  where [Load_Status] = ''Started''\n  and [Source_System] = ''', pipeline().parameters.Source_System, ''' Order by Batch_Date asc')",
									"type": "Expression"
								},
								"queryTimeout": "02:00:00",
								"partitionOption": "None"
							},
							"dataset": {
								"referenceName": "Azure_DW",
								"type": "DatasetReference",
								"parameters": {
									"schema": "EDW_ETL",
									"table": "ETL_Load"
								}
							},
							"firstRowOnly": false
						}
					},
					{
						"name": "For Each Load",
						"type": "ForEach",
						"dependsOn": [
							{
								"activity": "Get Current Load Dates",
								"dependencyConditions": [
									"Succeeded"
								]
							}
						],
						"userProperties": [],
						"typeProperties": {
							"items": {
								"value": "@activity('Get Current Load Dates').output.value",
								"type": "Expression"
							},
							"batchCount": 3,
							"activities": [
								{
									"name": "Set Load Success",
									"type": "SqlServerStoredProcedure",
									"dependsOn": [
										{
											"activity": "Check if SSAS refresh to run",
											"dependencyConditions": [
												"Succeeded"
											]
										}
									],
									"policy": {
										"timeout": "7.00:00:00",
										"retry": 0,
										"retryIntervalInSeconds": 30,
										"secureOutput": false,
										"secureInput": false
									},
									"userProperties": [],
									"typeProperties": {
										"storedProcedureName": "[[EDW_ETL].[Update_ETL_Load_Status]",
										"storedProcedureParameters": {
											"ETL_Load_Key": {
												"value": {
													"value": "@item().ETL_Load_Key",
													"type": "Expression"
												},
												"type": "Int32"
											},
											"Status": {
												"value": {
													"value": "Completed",
													"type": "Expression"
												},
												"type": "String"
											}
										}
									},
									"linkedServiceName": {
										"referenceName": "AzureSynapseDW",
										"type": "LinkedServiceReference"
									}
								},
								{
									"name": "Load Switch",
									"type": "Switch",
									"dependsOn": [],
									"userProperties": [],
									"typeProperties": {
										"on": {
											"value": "@toUpper(pipeline().parameters.Source_System)",
											"type": "Expression"
										},
										"cases": [
											{
												"value": "MANUALOVERRIDE",
												"activities": [
													{
														"name": "EDW Load - Load Business Files",
														"type": "ExecutePipeline",
														"dependsOn": [],
														"userProperties": [],
														"typeProperties": {
															"pipeline": {
																"referenceName": "EDW Load - Load Business Files",
																"type": "PipelineReference"
															},
															"waitOnCompletion": true,
															"parameters": {
																"Source_System": {
																	"value": "@pipeline().parameters.Source_System",
																	"type": "Expression"
																},
																"ETL_Load_Key": {
																	"value": "@item().ETL_Load_Key",
																	"type": "Expression"
																},
																"Parent_Run_ID": {
																	"value": "@pipeline().RunId",
																	"type": "Expression"
																}
															}
														}
													}
												]
											},
											{
												"value": "PSA_BARRAONE",
												"activities": [
													{
														"name": "EDW Copy PSA",
														"type": "ExecutePipeline",
														"dependsOn": [],
														"userProperties": [],
														"typeProperties": {
															"pipeline": {
																"referenceName": "EDW Copy PSA",
																"type": "PipelineReference"
															},
															"waitOnCompletion": true,
															"parameters": {
																"Batch_Date": {
																	"value": "@pipeline().parameters.Batch_Date",
																	"type": "Expression"
																},
																"Source_System": {
																	"value": "@pipeline().parameters.Source_System",
																	"type": "Expression"
																},
																"Source_Database": "Risk",
																"LoadType": {
																	"value": "@pipeline().parameters.Load_Type",
																	"type": "Expression"
																},
																"ETL_LoadKey": {
																	"value": "@item().ETL_Load_Key",
																	"type": "Expression"
																},
																"Parent_Run_ID": {
																	"value": "@pipeline().RunId",
																	"type": "Expression"
																}
															}
														}
													}
												]
											},
											{
												"value": "PUBLISH",
												"activities": [
													{
														"name": "EDW Load - Create Published Version",
														"type": "ExecutePipeline",
														"dependsOn": [],
														"userProperties": [],
														"typeProperties": {
															"pipeline": {
																"referenceName": "EDW Load - Create Published Version",
																"type": "PipelineReference"
															},
															"waitOnCompletion": true,
															"parameters": {
																"Publish_Type": {
																	"value": "@pipeline().parameters.Load_Type",
																	"type": "Expression"
																},
																"Report_Publish_Date": {
																	"value": "@pipeline().parameters.Batch_Date",
																	"type": "Expression"
																},
																"ETL_Load_Key": {
																	"value": "@item().ETL_Load_Key",
																	"type": "Expression"
																},
																"Parent_Run_ID": {
																	"value": "@pipeline().RunId",
																	"type": "Expression"
																}
															}
														}
													}
												]
											},
											{
												"value": "OUT_BARRAONE",
												"activities": [
													{
														"name": "EDW PSA Out",
														"type": "ExecutePipeline",
														"dependsOn": [],
														"userProperties": [],
														"typeProperties": {
															"pipeline": {
																"referenceName": "EDW PSA Out",
																"type": "PipelineReference"
															},
															"waitOnCompletion": true,
															"parameters": {
																"Analysis_Date": {
																	"value": "@pipeline().parameters.Batch_Date",
																	"type": "Expression"
																},
																"Source_System": {
																	"value": "@pipeline().parameters.Source_System",
																	"type": "Expression"
																},
																"Source_Database": "Risk",
																"LoadType": {
																	"value": "@pipeline().parameters.Load_Type",
																	"type": "Expression"
																},
																"ETL_LoadKey": {
																	"value": "@item().ETL_Load_Key",
																	"type": "Expression"
																},
																"Parent_Run_ID": {
																	"value": "@pipeline().RunId",
																	"type": "Expression"
																}
															}
														}
													}
												]
											},
											{
												"value": "PSA_IMCOMANUAL",
												"activities": [
													{
														"name": "EDW Copy PSA_IMCOManual_CDC",
														"type": "ExecutePipeline",
														"dependsOn": [],
														"userProperties": [],
														"typeProperties": {
															"pipeline": {
																"referenceName": "EDW Copy PSA CDC",
																"type": "PipelineReference"
															},
															"waitOnCompletion": true,
															"parameters": {
																"Source_System": {
																	"value": "@pipeline().parameters.Source_System",
																	"type": "Expression"
																},
																"LoadType": {
																	"value": "@pipeline().parameters.Load_Type",
																	"type": "Expression"
																},
																"ETL_LoadKey": {
																	"value": "@item().ETL_Load_Key",
																	"type": "Expression"
																},
																"Parent_Run_ID": {
																	"value": "@pipeline().RunId",
																	"type": "Expression"
																}
															}
														}
													}
												]
											},
											{
												"value": "PSA_RISKMANUAL",
												"activities": [
													{
														"name": "EDW Copy PSA_RiskManual_CDC",
														"type": "ExecutePipeline",
														"dependsOn": [],
														"userProperties": [],
														"typeProperties": {
															"pipeline": {
																"referenceName": "EDW Copy PSA CDC",
																"type": "PipelineReference"
															},
															"waitOnCompletion": true,
															"parameters": {
																"Source_System": {
																	"value": "@pipeline().parameters.Source_System",
																	"type": "Expression"
																},
																"LoadType": {
																	"value": "@pipeline().parameters.Load_Type",
																	"type": "Expression"
																},
																"ETL_LoadKey": {
																	"value": "@item().ETL_Load_Key",
																	"type": "Expression"
																},
																"Parent_Run_ID": {
																	"value": "@pipeline().RunId",
																	"type": "Expression"
																}
															}
														}
													}
												]
											},
											{
												"value": "PSA_EAGLE",
												"activities": [
													{
														"name": "EDW Copy PSA CDC",
														"type": "ExecutePipeline",
														"dependsOn": [],
														"userProperties": [],
														"typeProperties": {
															"pipeline": {
																"referenceName": "EDW Copy PSA CDC",
																"type": "PipelineReference"
															},
															"waitOnCompletion": true,
															"parameters": {
																"Source_System": {
																	"value": "@pipeline().parameters.Source_System",
																	"type": "Expression"
																},
																"LoadType": {
																	"value": "@pipeline().parameters.Load_Type",
																	"type": "Expression"
																},
																"ETL_LoadKey": {
																	"value": "@item().ETL_Load_Key",
																	"type": "Expression"
																},
																"Parent_Run_ID": {
																	"value": "@pipeline().RunId",
																	"type": "Expression"
																}
															}
														}
													}
												]
											}
										]
									}
								},
								{
									"name": "Check if SSAS refresh to run",
									"type": "IfCondition",
									"dependsOn": [
										{
											"activity": "Get SSAS refresh source system list",
											"dependencyConditions": [
												"Succeeded"
											]
										}
									],
									"userProperties": [],
									"typeProperties": {
										"expression": {
											"value": "@contains(toUpper(activity('Get SSAS refresh source system list').output.firstRow.Source_System_List), concat(',',toUpper(pipeline().parameters.Source_System),','))",
											"type": "Expression"
										},
										"ifTrueActivities": [
											{
												"name": "Risk - DW_Refresh_SSAS",
												"type": "ExecutePipeline",
												"dependsOn": [],
												"userProperties": [],
												"typeProperties": {
													"pipeline": {
														"referenceName": "Risk - DW_Refresh_SSAS",
														"type": "PipelineReference"
													},
													"waitOnCompletion": true,
													"parameters": {
														"Parent_Run_ID": {
															"value": "@pipeline().RunId",
															"type": "Expression"
														},
														"Source_System": {
															"value": "@pipeline().parameters.Source_System",
															"type": "Expression"
														}
													}
												}
											}
										]
									}
								},
								{
									"name": "Get SSAS refresh source system list",
									"type": "Lookup",
									"dependsOn": [
										{
											"activity": "Load Switch",
											"dependencyConditions": [
												"Succeeded"
											]
										}
									],
									"policy": {
										"timeout": "7.00:00:00",
										"retry": 0,
										"retryIntervalInSeconds": 30,
										"secureOutput": false,
										"secureInput": false
									},
									"userProperties": [],
									"typeProperties": {
										"source": {
											"type": "SqlDWSource",
											"sqlReaderQuery": "  Select ',' + String_Agg(Source_System, ',') + ','  Source_System_List\n  From [DataWarehouse_DVMART].[Ref_SSAS_Table_Refresh]",
											"queryTimeout": "02:00:00",
											"partitionOption": "None"
										},
										"dataset": {
											"referenceName": "Azure_DW",
											"type": "DatasetReference",
											"parameters": {
												"schema": "DataWarehouse_DVMART",
												"table": "Ref_SSAS_Table_Refresh"
											}
										}
									}
								}
							]
						}
					},
					{
						"name": "Fail previous load for source system",
						"type": "SqlServerStoredProcedure",
						"dependsOn": [],
						"policy": {
							"timeout": "7.00:00:00",
							"retry": 0,
							"retryIntervalInSeconds": 30,
							"secureOutput": false,
							"secureInput": false
						},
						"userProperties": [],
						"typeProperties": {
							"storedProcedureName": "[[EDW_ETL].[Set_ETL_Load_Fail]",
							"storedProcedureParameters": {
								"Source_System": {
									"value": {
										"value": "@pipeline().parameters.Source_System",
										"type": "Expression"
									},
									"type": "String"
								}
							}
						},
						"linkedServiceName": {
							"referenceName": "AzureSynapseDW",
							"type": "LinkedServiceReference"
						}
					}
				],
				"parameters": {
					"Source_System": {
						"type": "string",
						"defaultValue": "ManualOverride"
					},
					"Load_Type": {
						"type": "string",
						"defaultValue": "DELTA"
					},
					"Batch_Date": {
						"type": "string"
					}
				},
				"variables": {
					"table_Name": {
						"type": "String"
					}
				},
				"folder": {
					"name": "Datawarehouse"
				},
				"annotations": []
			},
			"dependsOn": [
				"[variables('factoryId')]",
				"[concat(variables('factoryId'), '/pipelines/EDW Copy PSA CDC')]"
			]
		}
	]
}