{
	"$schema": "http://schema.management.azure.com/schemas/2015-01-01/deploymentTemplate.json#",
	"contentVersion": "1.0.0.0",
	"parameters": {
		"factoryName": {
			"type": "string",
			"metadata": "Data Factory name",
			"defaultValue": "imcnoimdmsadf01"
		}
	},
	"variables": {
		"factoryId": "[concat('Microsoft.DataFactory/factories/', parameters('factoryName'))]"
	},
	"resources": [
		{
			"name": "[concat(parameters('factoryName'), '/EDW Copy PSA')]",
			"type": "Microsoft.DataFactory/factories/pipelines",
			"apiVersion": "2018-06-01",
			"properties": {
				"activities": [
					{
						"name": "Get Staging tables no Partition",
						"type": "Lookup",
						"dependsOn": [],
						"policy": {
							"timeout": "7.00:00:00",
							"retry": 0,
							"retryIntervalInSeconds": 30,
							"secureOutput": false,
							"secureInput": false
						},
						"userProperties": [],
						"typeProperties": {
							"source": {
								"type": "SqlDWSource",
								"sqlReaderStoredProcedureName": "[[PSA].[Create_Stage_Setup]",
								"storedProcedureParameters": {
									"Batch_Date_Input": {
										"type": "String",
										"value": {
											"value": "@pipeline().parameters.Batch_Date",
											"type": "Expression"
										}
									},
									"Load_Type": {
										"type": "String",
										"value": {
											"value": "@pipeline().parameters.LoadType",
											"type": "Expression"
										}
									},
									"Source_System": {
										"type": "String",
										"value": {
											"value": "@pipeline().parameters.Source_System",
											"type": "Expression"
										}
									}
								},
								"queryTimeout": "02:00:00",
								"partitionOption": "None"
							},
							"dataset": {
								"referenceName": "Azure_DW",
								"type": "DatasetReference",
								"parameters": {
									"schema": "[[DataWarehouse_Staging]",
									"table": "Job_Run"
								}
							},
							"firstRowOnly": false
						}
					},
					{
						"name": "ForEach Non Partition Tables",
						"type": "ForEach",
						"dependsOn": [
							{
								"activity": "Delete_Batch",
								"dependencyConditions": [
									"Succeeded"
								]
							}
						],
						"userProperties": [],
						"typeProperties": {
							"items": {
								"value": "@activity('Get Staging tables no Partition').output.value",
								"type": "Expression"
							},
							"isSequential": false,
							"batchCount": 3,
							"activities": [
								{
									"name": "Copy Staging_No_Partition",
									"type": "Copy",
									"dependsOn": [],
									"policy": {
										"timeout": "7.00:00:00",
										"retry": 0,
										"retryIntervalInSeconds": 30,
										"secureOutput": false,
										"secureInput": false
									},
									"userProperties": [
										{
											"name": "Destination",
											"value": "@{item().target_table}"
										}
									],
									"typeProperties": {
										"source": {
											"type": "SqlServerSource",
											"sqlReaderQuery": {
												"value": "@item().Source_Query",
												"type": "Expression"
											},
											"queryTimeout": "02:00:00",
											"partitionOption": "None"
										},
										"sink": {
											"type": "SqlDWSink",
											"allowPolyBase": true,
											"polyBaseSettings": {
												"rejectValue": 0,
												"rejectType": "value",
												"useTypeDefault": false
											},
											"disableMetricsCollection": false
										},
										"enableStaging": true,
										"stagingSettings": {
											"linkedServiceName": {
												"referenceName": "LS_Polybase_Staging",
												"type": "LinkedServiceReference"
											},
											"path": {
												"value": "@concat(pipeline().globalParameters.Env,'/staging/Risk/Polybase_Auto')",
												"type": "Expression"
											},
											"enableCompression": false
										},
										"parallelCopies": 5
									},
									"inputs": [
										{
											"referenceName": "SQL_Staging",
											"type": "DatasetReference",
											"parameters": {
												"DatabaseName": {
													"value": "@pipeline().parameters.Source_Database",
													"type": "Expression"
												}
											}
										}
									],
									"outputs": [
										{
											"referenceName": "Azure_DW",
											"type": "DatasetReference",
											"parameters": {
												"schema": {
													"value": "@item().Target_Schema",
													"type": "Expression"
												},
												"table": {
													"value": "@item().Target_Table",
													"type": "Expression"
												}
											}
										}
									]
								},
								{
									"name": "Update ETL Load Control",
									"type": "SqlServerStoredProcedure",
									"dependsOn": [
										{
											"activity": "Copy Staging_No_Partition",
											"dependencyConditions": [
												"Succeeded"
											]
										}
									],
									"policy": {
										"timeout": "7.00:00:00",
										"retry": 0,
										"retryIntervalInSeconds": 30,
										"secureOutput": false,
										"secureInput": false
									},
									"userProperties": [],
									"typeProperties": {
										"storedProcedureName": "[[EDW_ETL].[Update_ETL_Load_Control]",
										"storedProcedureParameters": {
											"Error_Massage": {
												"value": "",
												"type": "String"
											},
											"ETL_Load_Key": {
												"value": {
													"value": "@pipeline().parameters.ETL_LoadKey",
													"type": "Expression"
												},
												"type": "Int64"
											},
											"Load_Status": {
												"value": "Completed",
												"type": "String"
											},
											"Load_Table": {
												"value": {
													"value": "@concat(item().Target_Schema,'.', item().Target_Table)",
													"type": "Expression"
												},
												"type": "String"
											},
											"Rows_Expired": {
												"value": "0",
												"type": "Int32"
											},
											"Rows_Inserted": {
												"value": {
													"value": "@activity('Copy Staging_No_Partition').output.rowsCopied",
													"type": "Expression"
												},
												"type": "Int32"
											},
											"Rows_Updated": {
												"value": "0",
												"type": "Int32"
											}
										}
									},
									"linkedServiceName": {
										"referenceName": "AzureSynapseDW",
										"type": "LinkedServiceReference"
									}
								},
								{
									"name": "Get Current Job Status",
									"type": "Lookup",
									"dependsOn": [
										{
											"activity": "Copy Staging_No_Partition",
											"dependencyConditions": [
												"Failed"
											]
										}
									],
									"policy": {
										"timeout": "7.00:00:00",
										"retry": 0,
										"retryIntervalInSeconds": 30,
										"secureOutput": false,
										"secureInput": false
									},
									"userProperties": [],
									"typeProperties": {
										"source": {
											"type": "SqlDWSource",
											"sqlReaderQuery": {
												"value": "@concat('Select Load_Status as Job_Status \nfrom [EDW_ETL].[ETL_Load]\nWhere ETL_Load_Key = ',pipeline().parameters.ETL_LoadKey)",
												"type": "Expression"
											},
											"queryTimeout": "02:00:00",
											"partitionOption": "None"
										},
										"dataset": {
											"referenceName": "Azure_DW",
											"type": "DatasetReference",
											"parameters": {
												"schema": "DataWarehouse_Staging",
												"table": "Job_Run"
											}
										}
									}
								},
								{
									"name": "Job not set to failed run stop job",
									"type": "IfCondition",
									"dependsOn": [
										{
											"activity": "Get Current Job Status",
											"dependencyConditions": [
												"Succeeded"
											]
										}
									],
									"userProperties": [],
									"typeProperties": {
										"expression": {
											"value": "@not(equals(activity('Get Current Job Status').output.firstRow.Job_Status, 'Failed'))",
											"type": "Expression"
										},
										"ifTrueActivities": [
											{
												"name": "Stop running job",
												"type": "ExecutePipeline",
												"dependsOn": [
													{
														"activity": "Update Job Status Failed",
														"dependencyConditions": [
															"Succeeded"
														]
													}
												],
												"userProperties": [],
												"typeProperties": {
													"pipeline": {
														"referenceName": "Risk - Stop Current Job",
														"type": "PipelineReference"
													},
													"waitOnCompletion": true,
													"parameters": {
														"Failed_Activity_Name": {
															"value": "@concat('Copy PSA step in ETL Load (id: ',pipeline().parameters.ETL_LoadKey,') run for ',pipeline().parameters.Source_System)",
															"type": "Expression"
														},
														"Failure_Message": {
															"value": "@activity('Copy Staging_No_Partition').Error.Message",
															"type": "Expression"
														},
														"Pipeline_Job_Run_Id": {
															"value": "@pipeline().parameters.Parent_Run_ID",
															"type": "Expression"
														},
														"Pipeline_Name": {
															"value": "@pipeline().Pipeline",
															"type": "Expression"
														},
														"Source_System": {
															"value": "@pipeline().parameters.Source_System",
															"type": "Expression"
														}
													}
												}
											},
											{
												"name": "Update Job Status Failed",
												"type": "SqlServerStoredProcedure",
												"dependsOn": [],
												"policy": {
													"timeout": "7.00:00:00",
													"retry": 0,
													"retryIntervalInSeconds": 30,
													"secureOutput": false,
													"secureInput": false
												},
												"userProperties": [],
												"typeProperties": {
													"storedProcedureName": "[[EDW_ETL].[Update_ETL_Load_Status]",
													"storedProcedureParameters": {
														"ETL_Load_Key": {
															"value": {
																"value": "@pipeline().parameters.ETL_LoadKey",
																"type": "Expression"
															},
															"type": "Int32"
														},
														"Status": {
															"value": "Failed",
															"type": "String"
														}
													}
												},
												"linkedServiceName": {
													"referenceName": "AzureSynapseDW",
													"type": "LinkedServiceReference"
												}
											}
										]
									}
								}
							]
						}
					},
					{
						"name": "Delete_Batch",
						"type": "SqlServerStoredProcedure",
						"dependsOn": [
							{
								"activity": "Get Staging tables no Partition",
								"dependencyConditions": [
									"Succeeded"
								]
							}
						],
						"policy": {
							"timeout": "7.00:00:00",
							"retry": 0,
							"retryIntervalInSeconds": 30,
							"secureOutput": false,
							"secureInput": false
						},
						"userProperties": [],
						"typeProperties": {
							"storedProcedureName": "[[PSA].[Delete_Stage_Data]",
							"storedProcedureParameters": {
								"Batch_Date": {
									"value": {
										"value": "@pipeline().parameters.Batch_Date",
										"type": "Expression"
									},
									"type": "DateTime"
								},
								"Source_System": {
									"value": {
										"value": "@pipeline().parameters.Source_System",
										"type": "Expression"
									},
									"type": "String"
								}
							}
						},
						"linkedServiceName": {
							"referenceName": "AzureSynapseDW",
							"type": "LinkedServiceReference"
						}
					}
				],
				"parameters": {
					"Batch_Date": {
						"type": "string"
					},
					"Source_System": {
						"type": "string",
						"defaultValue": "PSA_BarraOne"
					},
					"Source_Database": {
						"type": "string",
						"defaultValue": "Risk"
					},
					"LoadType": {
						"type": "string",
						"defaultValue": "Delta"
					},
					"ETL_LoadKey": {
						"type": "string"
					},
					"Parent_Run_ID": {
						"type": "string"
					}
				},
				"variables": {
					"cancel_job_url": {
						"type": "String"
					},
					"email_subject": {
						"type": "String"
					},
					"email_body": {
						"type": "String"
					},
					"start_time": {
						"type": "String"
					}
				},
				"folder": {
					"name": "Datawarehouse"
				},
				"annotations": [],
				"lastPublishTime": "2020-12-09T15:19:14Z"
			},
			"dependsOn": [
				"[variables('factoryId')]"
			]
		},
		{
			"name": "[concat(parameters('factoryName'), '/EDW Load - Create Published Version')]",
			"type": "Microsoft.DataFactory/factories/pipelines",
			"apiVersion": "2018-06-01",
			"properties": {
				"activities": [
					{
						"name": "Lookup  Stored Procs",
						"type": "Lookup",
						"dependsOn": [],
						"policy": {
							"timeout": "7.00:00:00",
							"retry": 0,
							"retryIntervalInSeconds": 30,
							"secureOutput": false,
							"secureInput": false
						},
						"userProperties": [],
						"typeProperties": {
							"source": {
								"type": "SqlDWSource",
								"sqlReaderQuery": {
									"value": "@concat('Select\t\tSource_Type\n           ,Source_Schema\n           ,Source_Table\n           ,Source_File\n           ,Target_Schema\n           ,Target_Table\n           ,Target_Table_Type\n           ,Load_Procedure_Schema\n           ,Load_Procedure_Name\nFrom EDW_ETL.Ref_Load_Process_Mapping\nWhere Source_System = ''', pipeline().parameters.Publish_Type, ''' and ETL_Load_Layer = ''Published'' ')",
									"type": "Expression"
								},
								"queryTimeout": "02:00:00",
								"partitionOption": "None"
							},
							"dataset": {
								"referenceName": "Azure_DW",
								"type": "DatasetReference",
								"parameters": {
									"schema": "EDW_ETL",
									"table": "Ref_Load_Process_Mapping"
								}
							},
							"firstRowOnly": false
						}
					},
					{
						"name": "ForEach Stored Procedure",
						"type": "ForEach",
						"dependsOn": [
							{
								"activity": "Lookup  Stored Procs",
								"dependencyConditions": [
									"Succeeded"
								]
							}
						],
						"userProperties": [],
						"typeProperties": {
							"items": {
								"value": "@activity('Lookup  Stored Procs').output.value",
								"type": "Expression"
							},
							"isSequential": false,
							"batchCount": 3,
							"activities": [
								{
									"name": "StoredProc",
									"type": "SqlServerStoredProcedure",
									"dependsOn": [],
									"policy": {
										"timeout": "7.00:00:00",
										"retry": 0,
										"retryIntervalInSeconds": 30,
										"secureOutput": false,
										"secureInput": false
									},
									"userProperties": [
										{
											"name": "ProcessName",
											"value": "item().Process_Name"
										}
									],
									"typeProperties": {
										"storedProcedureName": {
											"value": "@concat(item().Load_Procedure_Schema, '.', item().Load_Procedure_Name)\n",
											"type": "Expression"
										},
										"storedProcedureParameters": {
											"ETL_Load_Key": {
												"value": {
													"value": "@pipeline().parameters.ETL_Load_Key",
													"type": "Expression"
												},
												"type": "Int32"
											},
											"Report_Publish_Date": {
												"value": {
													"value": "@pipeline().parameters.Report_Publish_Date",
													"type": "Expression"
												},
												"type": "String"
											},
											"Version_Date": {
												"value": null,
												"type": "String"
											}
										}
									},
									"linkedServiceName": {
										"referenceName": "AzureSynapseDW",
										"type": "LinkedServiceReference"
									}
								},
								{
									"name": "Get Current Job Status",
									"type": "Lookup",
									"dependsOn": [
										{
											"activity": "StoredProc",
											"dependencyConditions": [
												"Failed"
											]
										}
									],
									"policy": {
										"timeout": "7.00:00:00",
										"retry": 0,
										"retryIntervalInSeconds": 30,
										"secureOutput": false,
										"secureInput": false
									},
									"userProperties": [],
									"typeProperties": {
										"source": {
											"type": "SqlDWSource",
											"sqlReaderQuery": {
												"value": "@concat('Select Load_Status as Job_Status \nfrom [EDW_ETL].[ETL_Load]\nWhere ETL_Load_Key = ',pipeline().parameters.ETL_Load_Key)",
												"type": "Expression"
											},
											"queryTimeout": "02:00:00",
											"partitionOption": "None"
										},
										"dataset": {
											"referenceName": "Azure_DW",
											"type": "DatasetReference",
											"parameters": {
												"schema": "DataWarehouse_Staging",
												"table": "Job_Run"
											}
										}
									}
								},
								{
									"name": "Job not set to failed run stop job",
									"type": "IfCondition",
									"dependsOn": [
										{
											"activity": "Get Current Job Status",
											"dependencyConditions": [
												"Succeeded"
											]
										}
									],
									"userProperties": [],
									"typeProperties": {
										"expression": {
											"value": "@not(equals(activity('Get Current Job Status').output.firstRow.Job_Status, 'Failed'))",
											"type": "Expression"
										},
										"ifTrueActivities": [
											{
												"name": "Stop running job",
												"type": "ExecutePipeline",
												"dependsOn": [
													{
														"activity": "Update Job Status Failed",
														"dependencyConditions": [
															"Succeeded"
														]
													}
												],
												"userProperties": [],
												"typeProperties": {
													"pipeline": {
														"referenceName": "Risk - Stop Current Job",
														"type": "PipelineReference"
													},
													"waitOnCompletion": true,
													"parameters": {
														"Failed_Activity_Name": {
															"value": "@concat('Copy published data ETL Load (id: ',pipeline().parameters.ETL_Load_Key,') run for ',pipeline().parameters.Publish_Type)",
															"type": "Expression"
														},
														"Failure_Message": {
															"value": "@activity('StoredProc').Error.Message",
															"type": "Expression"
														},
														"Pipeline_Job_Run_Id": {
															"value": "@pipeline().parameters.Parent_Run_ID",
															"type": "Expression"
														},
														"Pipeline_Name": {
															"value": "@pipeline().Pipeline",
															"type": "Expression"
														},
														"Source_System": {
															"value": "@concat('Publish ', pipeline().parameters.Publish_Type)",
															"type": "Expression"
														}
													}
												}
											},
											{
												"name": "Update Job Status Failed",
												"type": "SqlServerStoredProcedure",
												"dependsOn": [],
												"policy": {
													"timeout": "7.00:00:00",
													"retry": 0,
													"retryIntervalInSeconds": 30,
													"secureOutput": false,
													"secureInput": false
												},
												"userProperties": [],
												"typeProperties": {
													"storedProcedureName": "[[EDW_ETL].[Update_ETL_Load_Status]",
													"storedProcedureParameters": {
														"ETL_Load_Key": {
															"value": {
																"value": "@pipeline().parameters.ETL_Load_Key",
																"type": "Expression"
															},
															"type": "Int32"
														},
														"Status": {
															"value": "Failed",
															"type": "String"
														}
													}
												},
												"linkedServiceName": {
													"referenceName": "AzureSynapseDW",
													"type": "LinkedServiceReference"
												}
											}
										]
									}
								}
							]
						}
					}
				],
				"parameters": {
					"Publish_Type": {
						"type": "string",
						"defaultValue": "Risk_Insight_Report"
					},
					"Report_Publish_Date": {
						"type": "string"
					},
					"ETL_Load_Key": {
						"type": "string",
						"defaultValue": "-1"
					},
					"Parent_Run_ID": {
						"type": "string"
					}
				},
				"variables": {
					"table_Name": {
						"type": "String"
					}
				},
				"folder": {
					"name": "Datawarehouse"
				},
				"annotations": []
			},
			"dependsOn": [
				"[variables('factoryId')]"
			]
		},
		{
			"name": "[concat(parameters('factoryName'), '/EDW Load - Load Business Files')]",
			"type": "Microsoft.DataFactory/factories/pipelines",
			"apiVersion": "2018-06-01",
			"properties": {
				"activities": [
					{
						"name": "Get File Names in folder",
						"type": "GetMetadata",
						"dependsOn": [
							{
								"activity": "Check Source System Staging File Folder",
								"dependencyConditions": [
									"Succeeded"
								]
							}
						],
						"policy": {
							"timeout": "7.00:00:00",
							"retry": 0,
							"retryIntervalInSeconds": 30,
							"secureOutput": false,
							"secureInput": false
						},
						"userProperties": [],
						"typeProperties": {
							"dataset": {
								"referenceName": "ds_Business_Files",
								"type": "DatasetReference",
								"parameters": {
									"Folder_Path": {
										"value": "@activity('Check Source System Staging File Folder').output.firstRow.Source_Folder",
										"type": "Expression"
									},
									"env": {
										"value": "@pipeline().globalParameters.Env",
										"type": "Expression"
									},
									"File_Name": "*"
								}
							},
							"fieldList": [
								"childItems"
							],
							"storeSettings": {
								"type": "AzureBlobFSReadSettings",
								"recursive": true,
								"enablePartitionDiscovery": false
							}
						}
					},
					{
						"name": "ForEach File to Load",
						"type": "ForEach",
						"dependsOn": [
							{
								"activity": "Get File Names in folder",
								"dependencyConditions": [
									"Succeeded"
								]
							}
						],
						"userProperties": [],
						"typeProperties": {
							"items": {
								"value": "@activity('Get File Names in folder').output.childItems",
								"type": "Expression"
							},
							"batchCount": 3,
							"activities": [
								{
									"name": "Load File to staging table",
									"type": "Copy",
									"dependsOn": [
										{
											"activity": "Fetch Staging Target Table Names",
											"dependencyConditions": [
												"Succeeded"
											]
										}
									],
									"policy": {
										"timeout": "7.00:00:00",
										"retry": 0,
										"retryIntervalInSeconds": 30,
										"secureOutput": false,
										"secureInput": false
									},
									"userProperties": [],
									"typeProperties": {
										"source": {
											"type": "ExcelSource",
											"storeSettings": {
												"type": "AzureBlobFSReadSettings",
												"recursive": true,
												"enablePartitionDiscovery": false
											}
										},
										"sink": {
											"type": "SqlDWSink",
											"preCopyScript": {
												"value": "@{concat('Truncate Table ', activity('Fetch Staging Target Table Names').output.firstRow.Target_Schema, '.', activity('Fetch Staging Target Table Names').output.firstRow.Target_Table)}",
												"type": "Expression"
											},
											"disableMetricsCollection": false
										},
										"enableStaging": false,
										"translator": {
											"type": "TabularTranslator",
											"typeConversion": true,
											"typeConversionSettings": {
												"allowDataTruncation": true,
												"treatBooleanAsNumber": false
											}
										}
									},
									"inputs": [
										{
											"referenceName": "ds_Business_Files",
											"type": "DatasetReference",
											"parameters": {
												"Folder_Path": {
													"value": "@activity('Check Source System Staging File Folder').output.firstRow.Source_Folder",
													"type": "Expression"
												},
												"env": {
													"value": "@pipeline().globalParameters.Env",
													"type": "Expression"
												},
												"File_Name": {
													"value": "@item().Name",
													"type": "Expression"
												}
											}
										}
									],
									"outputs": [
										{
											"referenceName": "Azure_DW",
											"type": "DatasetReference",
											"parameters": {
												"schema": {
													"value": "@activity('Fetch Staging Target Table Names').output.firstRow.Target_Schema",
													"type": "Expression"
												},
												"table": {
													"value": "@activity('Fetch Staging Target Table Names').output.firstRow.Target_Table",
													"type": "Expression"
												}
											}
										}
									]
								},
								{
									"name": "Fetch Staging Target Table Names",
									"type": "Lookup",
									"dependsOn": [],
									"policy": {
										"timeout": "7.00:00:00",
										"retry": 0,
										"retryIntervalInSeconds": 30,
										"secureOutput": false,
										"secureInput": false
									},
									"userProperties": [],
									"typeProperties": {
										"source": {
											"type": "SqlDWSource",
											"sqlReaderQuery": {
												"value": "@concat('Select\t\tSource_Type\n           ,Source_Schema\n           ,Source_Table\n           ,Source_File\n           ,Target_Schema\n           ,Target_Table\n           ,Target_Table_Type\n           ,Load_Procedure_Schema\n           ,Load_Procedure_Name\nFrom EDW_ETL.Ref_Load_Process_Mapping\nWhere Source_System = ''', pipeline().parameters.Source_System, ''' and ETL_Load_Layer = ''Staging'' and Source_File = ''', item().Name, '''')",
												"type": "Expression"
											},
											"queryTimeout": "02:00:00",
											"partitionOption": "None"
										},
										"dataset": {
											"referenceName": "Azure_DW",
											"type": "DatasetReference",
											"parameters": {
												"schema": "EDW_ETL",
												"table": "Ref_Load_Process_Mapping"
											}
										}
									}
								},
								{
									"name": "Load Staging to Raw",
									"type": "SqlServerStoredProcedure",
									"dependsOn": [
										{
											"activity": "Fetch Raw Target Procedures",
											"dependencyConditions": [
												"Succeeded"
											]
										}
									],
									"policy": {
										"timeout": "7.00:00:00",
										"retry": 0,
										"retryIntervalInSeconds": 30,
										"secureOutput": false,
										"secureInput": false
									},
									"userProperties": [],
									"typeProperties": {
										"storedProcedureName": {
											"value": "@concat(activity('Fetch Raw Target Procedures').output.firstRow.Load_Procedure_Schema, '.',activity('Fetch Raw Target Procedures').output.firstRow.Load_Procedure_Name)",
											"type": "Expression"
										},
										"storedProcedureParameters": {
											"ETL_Load_Key": {
												"value": {
													"value": "@pipeline().parameters.ETL_Load_Key",
													"type": "Expression"
												}
											}
										}
									},
									"linkedServiceName": {
										"referenceName": "AzureSynapseDW",
										"type": "LinkedServiceReference"
									}
								},
								{
									"name": "Fetch Raw Target Procedures",
									"type": "Lookup",
									"dependsOn": [
										{
											"activity": "Load File to staging table",
											"dependencyConditions": [
												"Succeeded"
											]
										}
									],
									"policy": {
										"timeout": "7.00:00:00",
										"retry": 0,
										"retryIntervalInSeconds": 30,
										"secureOutput": false,
										"secureInput": false
									},
									"userProperties": [],
									"typeProperties": {
										"source": {
											"type": "SqlDWSource",
											"sqlReaderQuery": {
												"value": "@concat('Select\t\tSource_Type\n           ,Source_Schema\n           ,Source_Table\n           ,Source_File\n           ,Target_Schema\n           ,Target_Table\n           ,Target_Table_Type\n           ,Load_Procedure_Schema\n           ,Load_Procedure_Name\nFrom EDW_ETL.Ref_Load_Process_Mapping\nWhere Source_System = ''', pipeline().parameters.Source_System, ''' and ETL_Load_Layer = ''Raw'' and Source_Table= ''', activity('Fetch Staging Target Table Names').output.firstRow.Target_Table, '''')",
												"type": "Expression"
											},
											"queryTimeout": "02:00:00",
											"partitionOption": "None"
										},
										"dataset": {
											"referenceName": "Azure_DW",
											"type": "DatasetReference",
											"parameters": {
												"schema": "EDW_ETL",
												"table": "Ref_Load_Process_Mapping"
											}
										}
									}
								},
								{
									"name": "Get Current Job Status",
									"type": "Lookup",
									"dependsOn": [
										{
											"activity": "Load File to staging table",
											"dependencyConditions": [
												"Failed"
											]
										},
										{
											"activity": "Load Staging to Raw",
											"dependencyConditions": [
												"Failed"
											]
										}
									],
									"policy": {
										"timeout": "7.00:00:00",
										"retry": 0,
										"retryIntervalInSeconds": 30,
										"secureOutput": false,
										"secureInput": false
									},
									"userProperties": [],
									"typeProperties": {
										"source": {
											"type": "SqlDWSource",
											"sqlReaderQuery": {
												"value": "@concat('Select Load_Status as Job_Status \nfrom [EDW_ETL].[ETL_Load]\nWhere ETL_Load_Key = ',pipeline().parameters.ETL_Load_Key)",
												"type": "Expression"
											},
											"queryTimeout": "02:00:00",
											"partitionOption": "None"
										},
										"dataset": {
											"referenceName": "Azure_DW",
											"type": "DatasetReference",
											"parameters": {
												"schema": "DataWarehouse_Staging",
												"table": "Job_Run"
											}
										}
									}
								},
								{
									"name": "Job not set to failed run stop job",
									"type": "IfCondition",
									"dependsOn": [
										{
											"activity": "Get Current Job Status",
											"dependencyConditions": [
												"Succeeded"
											]
										}
									],
									"userProperties": [],
									"typeProperties": {
										"expression": {
											"value": "@not(equals(activity('Get Current Job Status').output.firstRow.Job_Status, 'Failed'))",
											"type": "Expression"
										},
										"ifTrueActivities": [
											{
												"name": "Stop running job",
												"type": "ExecutePipeline",
												"dependsOn": [
													{
														"activity": "Update Job Status Failed",
														"dependencyConditions": [
															"Succeeded"
														]
													}
												],
												"userProperties": [],
												"typeProperties": {
													"pipeline": {
														"referenceName": "Risk - Stop Current Job",
														"type": "PipelineReference"
													},
													"waitOnCompletion": true,
													"parameters": {
														"Failed_Activity_Name": {
															"value": "@concat('Copy override file data ETL Load (id: ',pipeline().parameters.ETL_Load_Key,') run for ',pipeline().parameters.Source_System)",
															"type": "Expression"
														},
														"Failure_Message": {
															"value": "@concat(activity('Load File to staging table').Error.Message,activity('Load Staging to Raw').Error.Message)",
															"type": "Expression"
														},
														"Pipeline_Job_Run_Id": {
															"value": "@pipeline().parameters.Parent_Run_ID",
															"type": "Expression"
														},
														"Pipeline_Name": {
															"value": "@pipeline().Pipeline",
															"type": "Expression"
														},
														"Source_System": {
															"value": "@pipeline().parameters.Source_System",
															"type": "Expression"
														}
													}
												}
											},
											{
												"name": "Update Job Status Failed",
												"type": "SqlServerStoredProcedure",
												"dependsOn": [],
												"policy": {
													"timeout": "7.00:00:00",
													"retry": 0,
													"retryIntervalInSeconds": 30,
													"secureOutput": false,
													"secureInput": false
												},
												"userProperties": [],
												"typeProperties": {
													"storedProcedureName": "[[EDW_ETL].[Update_ETL_Load_Status]",
													"storedProcedureParameters": {
														"ETL_Load_Key": {
															"value": {
																"value": "@pipeline().parameters.ETL_Load_Key",
																"type": "Expression"
															},
															"type": "Int32"
														},
														"Status": {
															"value": "Failed",
															"type": "String"
														}
													}
												},
												"linkedServiceName": {
													"referenceName": "AzureSynapseDW",
													"type": "LinkedServiceReference"
												}
											}
										]
									}
								}
							]
						}
					},
					{
						"name": "Check Source System Staging File Folder",
						"type": "Lookup",
						"dependsOn": [],
						"policy": {
							"timeout": "7.00:00:00",
							"retry": 0,
							"retryIntervalInSeconds": 30,
							"secureOutput": false,
							"secureInput": false
						},
						"userProperties": [],
						"typeProperties": {
							"source": {
								"type": "SqlDWSource",
								"sqlReaderQuery": {
									"value": "@concat('Select\t\tDistinct Source_Folder\nFrom EDW_ETL.Ref_Load_Process_Mapping\nWhere Source_System = ''', pipeline().parameters.Source_System, ''' and ETL_Load_Layer = ''Staging''')",
									"type": "Expression"
								},
								"queryTimeout": "02:00:00",
								"partitionOption": "None"
							},
							"dataset": {
								"referenceName": "Azure_DW",
								"type": "DatasetReference",
								"parameters": {
									"schema": "EDW_ETL",
									"table": "Ref_Load_Process_Mapping"
								}
							}
						}
					}
				],
				"parameters": {
					"Source_System": {
						"type": "string",
						"defaultValue": "ManualOverride"
					},
					"ETL_Load_Key": {
						"type": "string",
						"defaultValue": "-1"
					},
					"Parent_Run_ID": {
						"type": "string"
					}
				},
				"variables": {
					"table_Name": {
						"type": "String"
					}
				},
				"folder": {
					"name": "Datawarehouse"
				},
				"annotations": []
			},
			"dependsOn": [
				"[variables('factoryId')]"
			]
		},
		{
			"name": "[concat(parameters('factoryName'), '/EDW Load - Main')]",
			"type": "Microsoft.DataFactory/factories/pipelines",
			"apiVersion": "2018-06-01",
			"properties": {
				"activities": [
					{
						"name": "Start New Load",
						"type": "SqlServerStoredProcedure",
						"dependsOn": [
							{
								"activity": "Fail previous load for source system",
								"dependencyConditions": [
									"Succeeded"
								]
							}
						],
						"policy": {
							"timeout": "7.00:00:00",
							"retry": 0,
							"retryIntervalInSeconds": 30,
							"secureOutput": false,
							"secureInput": false
						},
						"userProperties": [],
						"typeProperties": {
							"storedProcedureName": "[[EDW_ETL].[Start_New_Load]",
							"storedProcedureParameters": {
								"Batch_Date": {
									"value": {
										"value": "@pipeline().parameters.Batch_Date",
										"type": "Expression"
									},
									"type": "DateTime"
								},
								"Source_System": {
									"value": {
										"value": "@pipeline().parameters.Source_System",
										"type": "Expression"
									},
									"type": "String"
								},
								"Load_Type": {
									"value": {
										"value": "@pipeline().parameters.Load_Type",
										"type": "Expression"
									},
									"type": "String"
								}
							}
						},
						"linkedServiceName": {
							"referenceName": "AzureSynapseDW",
							"type": "LinkedServiceReference"
						}
					},
					{
						"name": "Get Current Load Dates",
						"type": "Lookup",
						"dependsOn": [
							{
								"activity": "Start New Load",
								"dependencyConditions": [
									"Succeeded"
								]
							}
						],
						"policy": {
							"timeout": "7.00:00:00",
							"retry": 0,
							"retryIntervalInSeconds": 30,
							"secureOutput": false,
							"secureInput": false
						},
						"userProperties": [],
						"typeProperties": {
							"source": {
								"type": "SqlDWSource",
								"sqlReaderQuery": {
									"value": "@concat('SELECT ETL_Load_Key,\n      replace(convert(varchar, [Batch_Date],102),''.'',''-'') as [Batch_Date]\n  FROM [EDW_ETL].ETL_Load\n  where [Load_Status] = ''Started''\n  and [Source_System] = ''', pipeline().parameters.Source_System, ''' Order by Batch_Date asc')",
									"type": "Expression"
								},
								"queryTimeout": "02:00:00",
								"partitionOption": "None"
							},
							"dataset": {
								"referenceName": "Azure_DW",
								"type": "DatasetReference",
								"parameters": {
									"schema": "EDW_ETL",
									"table": "ETL_Load"
								}
							},
							"firstRowOnly": false
						}
					},
					{
						"name": "For Each Load",
						"type": "ForEach",
						"dependsOn": [
							{
								"activity": "Get Current Load Dates",
								"dependencyConditions": [
									"Succeeded"
								]
							}
						],
						"userProperties": [],
						"typeProperties": {
							"items": {
								"value": "@activity('Get Current Load Dates').output.value",
								"type": "Expression"
							},
							"batchCount": 3,
							"activities": [
								{
									"name": "Set Load Success",
									"type": "SqlServerStoredProcedure",
									"dependsOn": [
										{
											"activity": "Check if SSAS refresh to run",
											"dependencyConditions": [
												"Succeeded"
											]
										}
									],
									"policy": {
										"timeout": "7.00:00:00",
										"retry": 0,
										"retryIntervalInSeconds": 30,
										"secureOutput": false,
										"secureInput": false
									},
									"userProperties": [],
									"typeProperties": {
										"storedProcedureName": "[[EDW_ETL].[Update_ETL_Load_Status]",
										"storedProcedureParameters": {
											"ETL_Load_Key": {
												"value": {
													"value": "@item().ETL_Load_Key",
													"type": "Expression"
												},
												"type": "Int32"
											},
											"Status": {
												"value": {
													"value": "Completed",
													"type": "Expression"
												},
												"type": "String"
											}
										}
									},
									"linkedServiceName": {
										"referenceName": "AzureSynapseDW",
										"type": "LinkedServiceReference"
									}
								},
								{
									"name": "Load Switch",
									"type": "Switch",
									"dependsOn": [],
									"userProperties": [],
									"typeProperties": {
										"on": {
											"value": "@toUpper(pipeline().parameters.Source_System)",
											"type": "Expression"
										},
										"cases": [
											{
												"value": "MANUALOVERRIDE",
												"activities": [
													{
														"name": "EDW Load - Load Business Files",
														"type": "ExecutePipeline",
														"dependsOn": [],
														"userProperties": [],
														"typeProperties": {
															"pipeline": {
																"referenceName": "EDW Load - Load Business Files",
																"type": "PipelineReference"
															},
															"waitOnCompletion": true,
															"parameters": {
																"Source_System": {
																	"value": "@pipeline().parameters.Source_System",
																	"type": "Expression"
																},
																"ETL_Load_Key": {
																	"value": "@item().ETL_Load_Key",
																	"type": "Expression"
																},
																"Parent_Run_ID": {
																	"value": "@pipeline().RunId",
																	"type": "Expression"
																}
															}
														}
													}
												]
											},
											{
												"value": "PSA_BARRAONE",
												"activities": [
													{
														"name": "EDW Copy PSA",
														"type": "ExecutePipeline",
														"dependsOn": [],
														"userProperties": [],
														"typeProperties": {
															"pipeline": {
																"referenceName": "EDW Copy PSA",
																"type": "PipelineReference"
															},
															"waitOnCompletion": true,
															"parameters": {
																"Batch_Date": {
																	"value": "@pipeline().parameters.Batch_Date",
																	"type": "Expression"
																},
																"Source_System": {
																	"value": "@pipeline().parameters.Source_System",
																	"type": "Expression"
																},
																"Source_Database": "Risk",
																"LoadType": {
																	"value": "@pipeline().parameters.Load_Type",
																	"type": "Expression"
																},
																"ETL_LoadKey": {
																	"value": "@item().ETL_Load_Key",
																	"type": "Expression"
																},
																"Parent_Run_ID": {
																	"value": "@pipeline().RunId",
																	"type": "Expression"
																}
															}
														}
													}
												]
											},
											{
												"value": "PUBLISH",
												"activities": [
													{
														"name": "EDW Load - Create Published Version",
														"type": "ExecutePipeline",
														"dependsOn": [],
														"userProperties": [],
														"typeProperties": {
															"pipeline": {
																"referenceName": "EDW Load - Create Published Version",
																"type": "PipelineReference"
															},
															"waitOnCompletion": true,
															"parameters": {
																"Publish_Type": {
																	"value": "@pipeline().parameters.Load_Type",
																	"type": "Expression"
																},
																"Report_Publish_Date": {
																	"value": "@pipeline().parameters.Batch_Date",
																	"type": "Expression"
																},
																"ETL_Load_Key": {
																	"value": "@item().ETL_Load_Key",
																	"type": "Expression"
																},
																"Parent_Run_ID": {
																	"value": "@pipeline().RunId",
																	"type": "Expression"
																}
															}
														}
													}
												]
											}
										]
									}
								},
								{
									"name": "Check if SSAS refresh to run",
									"type": "IfCondition",
									"dependsOn": [
										{
											"activity": "Get SSAS refresh source system list",
											"dependencyConditions": [
												"Succeeded"
											]
										}
									],
									"userProperties": [],
									"typeProperties": {
										"expression": {
											"value": "@contains(toUpper(activity('Get SSAS refresh source system list').output.firstRow.Source_System_List), concat(',',toUpper(pipeline().parameters.Source_System),','))",
											"type": "Expression"
										},
										"ifTrueActivities": [
											{
												"name": "Risk - DW_Refresh_SSAS",
												"type": "ExecutePipeline",
												"dependsOn": [],
												"userProperties": [],
												"typeProperties": {
													"pipeline": {
														"referenceName": "Risk - DW_Refresh_SSAS",
														"type": "PipelineReference"
													},
													"waitOnCompletion": true,
													"parameters": {
														"Parent_Run_ID": {
															"value": "@pipeline().RunId",
															"type": "Expression"
														},
														"Source_System": {
															"value": "@pipeline().parameters.Source_System",
															"type": "Expression"
														}
													}
												}
											}
										]
									}
								},
								{
									"name": "Get SSAS refresh source system list",
									"type": "Lookup",
									"dependsOn": [
										{
											"activity": "Load Switch",
											"dependencyConditions": [
												"Succeeded"
											]
										}
									],
									"policy": {
										"timeout": "7.00:00:00",
										"retry": 0,
										"retryIntervalInSeconds": 30,
										"secureOutput": false,
										"secureInput": false
									},
									"userProperties": [],
									"typeProperties": {
										"source": {
											"type": "SqlDWSource",
											"sqlReaderQuery": "  Select ',' + String_Agg(Source_System, ',') + ','  Source_System_List\n  From [DataWarehouse_DVMART].[Ref_SSAS_Table_Refresh]",
											"queryTimeout": "02:00:00",
											"partitionOption": "None"
										},
										"dataset": {
											"referenceName": "Azure_DW",
											"type": "DatasetReference",
											"parameters": {
												"schema": "DataWarehouse_DVMART",
												"table": "Ref_SSAS_Table_Refresh"
											}
										}
									}
								}
							]
						}
					},
					{
						"name": "Fail previous load for source system",
						"type": "SqlServerStoredProcedure",
						"dependsOn": [],
						"policy": {
							"timeout": "7.00:00:00",
							"retry": 0,
							"retryIntervalInSeconds": 30,
							"secureOutput": false,
							"secureInput": false
						},
						"userProperties": [],
						"typeProperties": {
							"storedProcedureName": "[[EDW_ETL].[Set_ETL_Load_Fail]",
							"storedProcedureParameters": {
								"Source_System": {
									"value": {
										"value": "@pipeline().parameters.Source_System",
										"type": "Expression"
									},
									"type": "String"
								}
							}
						},
						"linkedServiceName": {
							"referenceName": "AzureSynapseDW",
							"type": "LinkedServiceReference"
						}
					}
				],
				"parameters": {
					"Source_System": {
						"type": "string",
						"defaultValue": "ManualOverride"
					},
					"Load_Type": {
						"type": "string",
						"defaultValue": "DELTA"
					},
					"Batch_Date": {
						"type": "string"
					}
				},
				"variables": {
					"table_Name": {
						"type": "String"
					}
				},
				"folder": {
					"name": "Datawarehouse"
				},
				"annotations": []
			},
			"dependsOn": [
				"[variables('factoryId')]",
				"[concat(variables('factoryId'), '/pipelines/Risk - DW_Refresh_SSAS')]",
				"[concat(variables('factoryId'), '/pipelines/EDW Load - Load Business Files')]",
				"[concat(variables('factoryId'), '/pipelines/EDW Copy PSA')]",
				"[concat(variables('factoryId'), '/pipelines/EDW Load - Create Published Version')]"
			]
		},
		{
			"name": "[concat(parameters('factoryName'), '/Risk - DW_Refresh_SSAS')]",
			"type": "Microsoft.DataFactory/factories/pipelines",
			"apiVersion": "2018-06-01",
			"properties": {
				"activities": [
					{
						"name": "Get SSAS refreshes",
						"type": "WebActivity",
						"dependsOn": [
							{
								"activity": "Refresh SSAS",
								"dependencyConditions": [
									"Succeeded"
								]
							}
						],
						"policy": {
							"timeout": "7.00:00:00",
							"retry": 0,
							"retryIntervalInSeconds": 30,
							"secureOutput": false,
							"secureInput": false
						},
						"userProperties": [],
						"typeProperties": {
							"url": {
								"value": "@concat('https://',pipeline().globalParameters.SSAS_Region,'.asazure.windows.net/servers/',pipeline().globalParameters.SSAS_Server,'/models/',pipeline().globalParameters.SSAS_DatabaseName,'/refreshes')",
								"type": "Expression"
							},
							"method": "GET",
							"body": "",
							"authentication": {
								"type": "MSI",
								"resource": "https://*.asazure.windows.net"
							}
						}
					},
					{
						"name": "FilterToRefresh",
						"type": "Filter",
						"dependsOn": [
							{
								"activity": "Get SSAS refreshes",
								"dependencyConditions": [
									"Succeeded"
								]
							}
						],
						"userProperties": [],
						"typeProperties": {
							"items": {
								"value": "@json(activity('Get SSAS refreshes').output.Response)",
								"type": "Expression"
							},
							"condition": {
								"value": "@greaterOrEquals(item().startTime,addseconds(activity('Refresh SSAS').output.startTime,-30))",
								"type": "Expression"
							}
						}
					},
					{
						"name": "UntilRefreshComplete",
						"type": "Until",
						"dependsOn": [
							{
								"activity": "FilterToRefresh",
								"dependencyConditions": [
									"Succeeded"
								]
							}
						],
						"userProperties": [],
						"typeProperties": {
							"expression": {
								"value": "@not(equals(activity('Refresh SSAS status').output.status,'inProgress'))",
								"type": "Expression"
							},
							"activities": [
								{
									"name": "Wait1",
									"type": "Wait",
									"dependsOn": [],
									"userProperties": [],
									"typeProperties": {
										"waitTimeInSeconds": 30
									}
								},
								{
									"name": "Refresh SSAS status",
									"type": "WebActivity",
									"dependsOn": [
										{
											"activity": "Wait1",
											"dependencyConditions": [
												"Succeeded"
											]
										}
									],
									"policy": {
										"timeout": "7.00:00:00",
										"retry": 0,
										"retryIntervalInSeconds": 30,
										"secureOutput": false,
										"secureInput": false
									},
									"userProperties": [],
									"typeProperties": {
										"url": {
											"value": "@concat('https://',pipeline().globalParameters.SSAS_Region,'.asazure.windows.net/servers/',pipeline().globalParameters.SSAS_Server,'/models/',pipeline().globalParameters.SSAS_DatabaseName,'/refreshes/',activity('FilterToRefresh').output.Value[0].refreshId)",
											"type": "Expression"
										},
										"method": "GET",
										"body": "",
										"authentication": {
											"type": "MSI",
											"resource": "https://*.asazure.windows.net"
										}
									}
								}
							],
							"timeout": "0.00:30:00"
						}
					},
					{
						"name": "If Condition1",
						"type": "IfCondition",
						"dependsOn": [
							{
								"activity": "UntilRefreshComplete",
								"dependencyConditions": [
									"Succeeded"
								]
							}
						],
						"userProperties": [],
						"typeProperties": {
							"expression": {
								"value": "@equals(activity('Refresh SSAS status').output.status,'failed')",
								"type": "Expression"
							},
							"ifTrueActivities": [
								{
									"name": "ThrowError",
									"type": "WebActivity",
									"dependsOn": [],
									"policy": {
										"timeout": "7.00:00:00",
										"retry": 0,
										"retryIntervalInSeconds": 30,
										"secureOutput": false,
										"secureInput": false
									},
									"userProperties": [],
									"typeProperties": {
										"url": {
											"value": "@string(activity('Refresh SSAS status').output)",
											"type": "Expression"
										},
										"method": "GET",
										"body": "",
										"authentication": {
											"type": "MSI",
											"resource": "https://*.asazure.windows.net"
										}
									}
								},
								{
									"name": "Stop running job",
									"type": "ExecutePipeline",
									"dependsOn": [
										{
											"activity": "Update Job Status Failed",
											"dependencyConditions": [
												"Succeeded"
											]
										}
									],
									"userProperties": [],
									"typeProperties": {
										"pipeline": {
											"referenceName": "Risk - Stop Current Job",
											"type": "PipelineReference"
										},
										"waitOnCompletion": true,
										"parameters": {
											"Failed_Activity_Name": {
												"value": "@concat('Call SP ADF step in job (id: ',pipeline().parameters.Job_ID,') run for ',pipeline().parameters.Source_System)",
												"type": "Expression"
											},
											"Failure_Message": {
												"value": "@activity('ThrowError').Error.Message",
												"type": "Expression"
											},
											"Pipeline_Job_Run_Id": {
												"value": "@pipeline().parameters.Parent_Run_ID",
												"type": "Expression"
											},
											"Pipeline_Name": {
												"value": "@pipeline().Pipeline",
												"type": "Expression"
											},
											"Source_System": {
												"value": "@pipeline().parameters.Source_System",
												"type": "Expression"
											}
										}
									}
								},
								{
									"name": "Update Job Status Failed",
									"type": "SqlServerStoredProcedure",
									"dependsOn": [
										{
											"activity": "ThrowError",
											"dependencyConditions": [
												"Failed"
											]
										}
									],
									"policy": {
										"timeout": "7.00:00:00",
										"retry": 0,
										"retryIntervalInSeconds": 30,
										"secureOutput": false,
										"secureInput": false
									},
									"userProperties": [],
									"typeProperties": {
										"storedProcedureName": "[[DataWarehouse_DVRAW].[Update_Job_Status]",
										"storedProcedureParameters": {
											"Job_ID": {
												"value": {
													"value": "@pipeline().parameters.Job_ID",
													"type": "Expression"
												},
												"type": "Int32"
											},
											"Job_Status": {
												"value": "Failed",
												"type": "String"
											}
										}
									},
									"linkedServiceName": {
										"referenceName": "AzureSynapseDW",
										"type": "LinkedServiceReference"
									}
								}
							]
						}
					},
					{
						"name": "Refresh SSAS",
						"type": "WebActivity",
						"dependsOn": [
							{
								"activity": "Get refresh table list",
								"dependencyConditions": [
									"Succeeded"
								]
							}
						],
						"policy": {
							"timeout": "7.00:00:00",
							"retry": 0,
							"retryIntervalInSeconds": 30,
							"secureOutput": false,
							"secureInput": false
						},
						"userProperties": [],
						"typeProperties": {
							"url": {
								"value": "@concat('https://',pipeline().globalParameters.SSAS_Region,'.asazure.windows.net/servers/',pipeline().globalParameters.SSAS_Server,'/models/',pipeline().globalParameters.SSAS_DatabaseName,'/refreshes')",
								"type": "Expression"
							},
							"method": "POST",
							"body": {
								"value": "@concat('{\"Type\":\"Full\",\"CommitMode\":\"transactional\",\"MaxParallelism\":2,\"RetryCount\":2,\"Objects\":[' , activity('Get refresh table list').output.firstRow.Table_List,']}')",
								"type": "Expression"
							},
							"authentication": {
								"type": "MSI",
								"resource": "https://*.asazure.windows.net"
							}
						}
					},
					{
						"name": "Get refresh table list",
						"type": "Lookup",
						"dependsOn": [],
						"policy": {
							"timeout": "7.00:00:00",
							"retry": 0,
							"retryIntervalInSeconds": 30,
							"secureOutput": false,
							"secureInput": false
						},
						"userProperties": [],
						"typeProperties": {
							"source": {
								"type": "SqlDWSource",
								"sqlReaderQuery": {
									"value": "@concat('Select coalesce(String_Agg(''{''  +\n         ''\"database\": \"'' + Database_Name + ''\", '' + \n\t\t ''\"table\": \"'' + Table_Name + ''\" '' + \n\t\t''}'','',''), '''') Table_List\nFrom [DataWarehouse_DVMart].[Ref_SSAS_Table_Refresh]\nWhere Source_System = ''',pipeline().parameters.Source_System,''' And Table_Name <> ''All''')",
									"type": "Expression"
								},
								"queryTimeout": "02:00:00",
								"partitionOption": "None"
							},
							"dataset": {
								"referenceName": "Azure_DW",
								"type": "DatasetReference",
								"parameters": {
									"schema": "DataWarehouse_DVMart",
									"table": "Ref_SSAS_Table_Refresh"
								}
							}
						}
					}
				],
				"parameters": {
					"Parent_Run_ID": {
						"type": "string"
					},
					"Job_ID": {
						"type": "string"
					},
					"Source_System": {
						"type": "string"
					}
				},
				"folder": {
					"name": "Datawarehouse"
				},
				"annotations": [],
				"lastPublishTime": "2020-12-04T19:14:15Z"
			},
			"dependsOn": [
				"[variables('factoryId')]"
			]
		},
		{
			"name": "[concat(parameters('factoryName'), '/SQServer_IMCO_2')]",
			"type": "Microsoft.DataFactory/factories/linkedServices",
			"apiVersion": "2018-06-01",
			"properties": {
				"parameters": {
					"Database": {
						"type": "string"
					}
				},
				"annotations": [],
				"type": "SqlServer",
				"typeProperties": {
					"connectionString": {
						"type": "SecureString",
						"value": "**********"
					},
					"password": {
						"type": "AzureKeyVaultSecret",
						"store": {
							"referenceName": "AzureKeyVault1",
							"type": "LinkedServiceReference"
						},
						"secretName": "SQLServerUserPassword"
					}
				},
				"connectVia": {
					"referenceName": "adf-linkedruntime",
					"type": "IntegrationRuntimeReference"
				}
			},
			"dependsOn": [
				"[variables('factoryId')]"
			]
		}
	]
}