{
	"$schema": "http://schema.management.azure.com/schemas/2015-01-01/deploymentTemplate.json#",
	"contentVersion": "1.0.0.0",
	"parameters": {
		"factoryName": {
			"type": "string",
			"metadata": "Data Factory name",
			"defaultValue": "imcnoimdmsadf01"
		}
	},
	"variables": {
		"factoryId": "[concat('Microsoft.DataFactory/factories/', parameters('factoryName'))]"
	},
	"resources": [
		{
			"name": "[concat(parameters('factoryName'), '/EDW PSA Out')]",
			"type": "Microsoft.DataFactory/factories/pipelines",
			"apiVersion": "2018-06-01",
			"properties": {
				"activities": [
					{
						"name": "Get Staging tables no Partition",
						"type": "Lookup",
						"dependsOn": [],
						"policy": {
							"timeout": "7.00:00:00",
							"retry": 0,
							"retryIntervalInSeconds": 30,
							"secureOutput": false,
							"secureInput": false
						},
						"userProperties": [],
						"typeProperties": {
							"source": {
								"type": "SqlDWSource",
								"sqlReaderStoredProcedureName": "[[PSA].[Create_Stage_Setup]",
								"storedProcedureParameters": {
									"Batch_Date_Input": {
										"type": "String",
										"value": {
											"value": "@pipeline().parameters.Batch_Date",
											"type": "Expression"
										}
									},
									"Load_Type": {
										"type": "String",
										"value": {
											"value": "@pipeline().parameters.LoadType",
											"type": "Expression"
										}
									},
									"Source_System": {
										"type": "String",
										"value": {
											"value": "@pipeline().parameters.Source_System",
											"type": "Expression"
										}
									}
								},
								"queryTimeout": "02:00:00",
								"partitionOption": "None"
							},
							"dataset": {
								"referenceName": "Azure_DW",
								"type": "DatasetReference",
								"parameters": {
									"schema": "[[DataWarehouse_Staging]",
									"table": "Job_Run"
								}
							},
							"firstRowOnly": false
						}
					},
					{
						"name": "ForEach Non Partition Tables",
						"type": "ForEach",
						"dependsOn": [
							{
								"activity": "Get Staging tables no Partition",
								"dependencyConditions": [
									"Succeeded"
								]
							}
						],
						"userProperties": [],
						"typeProperties": {
							"items": {
								"value": "@activity('Get Staging tables no Partition').output.value",
								"type": "Expression"
							},
							"isSequential": false,
							"batchCount": 3,
							"activities": [
								{
									"name": "Copy Staging_No_Partition",
									"type": "Copy",
									"dependsOn": [],
									"policy": {
										"timeout": "7.00:00:00",
										"retry": 0,
										"retryIntervalInSeconds": 30,
										"secureOutput": false,
										"secureInput": false
									},
									"userProperties": [
										{
											"name": "Destination",
											"value": "@{item().target_table}"
										}
									],
									"typeProperties": {
										"source": {
											"type": "SqlDWSource",
											"sqlReaderQuery": {
												"value": "@replace(item().Source_Query,'dbo','PSA')",
												"type": "Expression"
											},
											"queryTimeout": "02:00:00",
											"partitionOption": "None"
										},
										"sink": {
											"type": "SqlServerSink"
										},
										"enableStaging": true,
										"stagingSettings": {
											"linkedServiceName": {
												"referenceName": "LS_Polybase_Staging",
												"type": "LinkedServiceReference"
											},
											"path": {
												"value": "@concat(pipeline().globalParameters.Env,'/staging/Risk/Polybase_Auto')",
												"type": "Expression"
											},
											"enableCompression": false
										},
										"parallelCopies": 5
									},
									"inputs": [
										{
											"referenceName": "Azure_DW",
											"type": "DatasetReference",
											"parameters": {
												"schema": {
													"value": "@item().Target_Schema",
													"type": "Expression"
												},
												"table": "barra_header"
											}
										}
									],
									"outputs": [
										{
											"referenceName": "SQL_Target",
											"type": "DatasetReference",
											"parameters": {
												"DatabaseName": {
													"value": "@pipeline().parameters.Source_Database",
													"type": "Expression"
												},
												"Target_Table": {
													"value": "Barra_Header",
													"type": "Expression"
												},
												"Target_Schema": "dbo"
											}
										}
									]
								},
								{
									"name": "Update ETL Load Control",
									"type": "SqlServerStoredProcedure",
									"dependsOn": [
										{
											"activity": "Copy Staging_No_Partition",
											"dependencyConditions": [
												"Succeeded"
											]
										}
									],
									"policy": {
										"timeout": "7.00:00:00",
										"retry": 0,
										"retryIntervalInSeconds": 30,
										"secureOutput": false,
										"secureInput": false
									},
									"userProperties": [],
									"typeProperties": {
										"storedProcedureName": "[[EDW_ETL].[Update_ETL_Load_Control]",
										"storedProcedureParameters": {
											"Error_Massage": {
												"value": "",
												"type": "String"
											},
											"ETL_Load_Key": {
												"value": {
													"value": "@pipeline().parameters.ETL_LoadKey",
													"type": "Expression"
												},
												"type": "Int64"
											},
											"Load_Status": {
												"value": "Completed",
												"type": "String"
											},
											"Load_Table": {
												"value": {
													"value": "@concat(item().Target_Schema,'.', item().Target_Table)",
													"type": "Expression"
												},
												"type": "String"
											},
											"Rows_Expired": {
												"value": "0",
												"type": "Int32"
											},
											"Rows_Inserted": {
												"value": {
													"value": "@activity('Copy Staging_No_Partition').output.rowsCopied",
													"type": "Expression"
												},
												"type": "Int32"
											},
											"Rows_Updated": {
												"value": "0",
												"type": "Int32"
											}
										}
									},
									"linkedServiceName": {
										"referenceName": "AzureSynapseDW",
										"type": "LinkedServiceReference"
									}
								}
							]
						}
					}
				],
				"parameters": {
					"Batch_Date": {
						"type": "string"
					},
					"Source_System": {
						"type": "string",
						"defaultValue": "PSA_BarraOne"
					},
					"Source_Database": {
						"type": "string",
						"defaultValue": "Risk"
					},
					"LoadType": {
						"type": "string",
						"defaultValue": "Delta"
					},
					"ETL_LoadKey": {
						"type": "string"
					}
				},
				"variables": {
					"cancel_job_url": {
						"type": "String"
					},
					"email_subject": {
						"type": "String"
					},
					"email_body": {
						"type": "String"
					},
					"start_time": {
						"type": "String"
					}
				},
				"folder": {
					"name": "Datawarehouse"
				},
				"annotations": [],
				"lastPublishTime": "2020-12-09T15:19:14Z"
			},
			"dependsOn": [
				"[variables('factoryId')]"
			]
		},
		{
			"name": "[concat(parameters('factoryName'), '/IMCOManual_Daily')]",
			"type": "Microsoft.DataFactory/factories/triggers",
			"apiVersion": "2018-06-01",
			"properties": {
				"annotations": [],
				"runtimeState": "Started",
				"pipelines": [
					{
						"pipelineReference": {
							"referenceName": "Risk - DW_Main",
							"type": "PipelineReference"
						},
						"parameters": {
							"SQLServer_Database": "IMCO_Manual",
							"Batch_Date": "1900-01-01",
							"Source_System": "IMCOManual",
							"Load_Type": "DELTA"
						}
					}
				],
				"type": "ScheduleTrigger",
				"typeProperties": {
					"recurrence": {
						"frequency": "Week",
						"interval": 1,
						"startTime": "2021-06-08T17:04:00",
						"timeZone": "Eastern Standard Time",
						"schedule": {
							"minutes": [
								0
							],
							"hours": [
								4
							],
							"weekDays": [
								"Monday",
								"Tuesday",
								"Wednesday",
								"Thursday",
								"Friday"
							]
						}
					}
				}
			},
			"dependsOn": [
				"[variables('factoryId')]"
			]
		}
	]
}