{
	"$schema": "http://schema.management.azure.com/schemas/2015-01-01/deploymentTemplate.json#",
	"contentVersion": "1.0.0.0",
	"parameters": {
		"factoryName": {
			"type": "string",
			"metadata": "Data Factory name",
			"defaultValue": "imcnoimdmsadf01"
		}
	},
	"variables": {
		"factoryId": "[concat('Microsoft.DataFactory/factories/', parameters('factoryName'))]"
	},
	"resources": [
		{
			"name": "[concat(parameters('factoryName'), '/DeepMacro')]",
			"type": "Microsoft.DataFactory/factories/triggers",
			"apiVersion": "2018-06-01",
			"properties": {
				"annotations": [],
				"runtimeState": "Stopped",
				"pipelines": [
					{
						"pipelineReference": {
							"referenceName": "GetDeepMacroDaily",
							"type": "PipelineReference"
						},
						"parameters": {
							"num_of_days": "180"
						}
					}
				],
				"type": "ScheduleTrigger",
				"typeProperties": {
					"recurrence": {
						"frequency": "Day",
						"interval": 1,
						"startTime": "2021-06-02T21:29:00Z",
						"timeZone": "UTC",
						"schedule": {
							"hours": [
								12
							]
						}
					}
				}
			},
			"dependsOn": [
				"[variables('factoryId')]"
			]
		},
		{
			"name": "[concat(parameters('factoryName'), '/PMA_daily_data_load')]",
			"type": "Microsoft.DataFactory/factories/triggers",
			"apiVersion": "2018-06-01",
			"properties": {
				"annotations": [],
				"runtimeState": "Stopped",
				"pipelines": [
					{
						"pipelineReference": {
							"referenceName": "Flomo_ETL",
							"type": "PipelineReference"
						}
					},
					{
						"pipelineReference": {
							"referenceName": "Positioning_Tracker_ETL",
							"type": "PipelineReference"
						}
					}
				],
				"type": "ScheduleTrigger",
				"typeProperties": {
					"recurrence": {
						"frequency": "Week",
						"interval": 1,
						"startTime": "2020-02-28T12:00:00Z",
						"timeZone": "UTC",
						"schedule": {
							"hours": [
								20,
								17,
								14
							],
							"weekDays": [
								"Monday",
								"Tuesday",
								"Wednesday",
								"Thursday",
								"Friday"
							]
						}
					}
				}
			},
			"dependsOn": [
				"[variables('factoryId')]"
			]
		}
	]
}