{
	"$schema": "http://schema.management.azure.com/schemas/2015-01-01/deploymentTemplate.json#",
	"contentVersion": "1.0.0.0",
	"parameters": {
		"factoryName": {
			"type": "string",
			"metadata": "Data Factory name",
			"defaultValue": "imcnoimdmsadf01"
		}
	},
	"variables": {
		"factoryId": "[concat('Microsoft.DataFactory/factories/', parameters('factoryName'))]"
	},
	"resources": [
		{
			"name": "[concat(parameters('factoryName'), '/SFTP_MOVEIT')]",
			"type": "Microsoft.DataFactory/factories/linkedServices",
			"apiVersion": "2018-06-01",
			"properties": {
				"parameters": {
					"hostname": {
						"type": "string",
						"defaultValue": "172.16.9.4"
					}
				},
				"annotations": [],
				"type": "Sftp",
				"typeProperties": {
					"host": "172.16.9.4",
					"port": 22,
					"skipHostKeyValidation": false,
					"hostKeyFingerprint": "ssh-rsa 2048 4a:65:1e:28:65:62:d8:64:af:60:13:a7:1d:e6:1e:68",
					"authenticationType": "Basic",
					"userName": "imcomoveitautomation",
					"password": {
						"type": "SecureString",
						"value": "**********"
					}
				},
				"connectVia": {
					"referenceName": "adf-linkedruntime",
					"type": "IntegrationRuntimeReference"
				}
			},
			"dependsOn": [
				"[variables('factoryId')]"
			]
		}
	]
}