{
	"$schema": "http://schema.management.azure.com/schemas/2015-01-01/deploymentTemplate.json#",
	"contentVersion": "1.0.0.0",
	"parameters": {
		"factoryName": {
			"type": "string",
			"metadata": "Data Factory name",
			"defaultValue": "imcnoimdmsadf01"
		}
	},
	"variables": {
		"factoryId": "[concat('Microsoft.DataFactory/factories/', parameters('factoryName'))]"
	},
	"resources": [
		{
			"name": "[concat(parameters('factoryName'), '/EDW Get SharePoint File')]",
			"type": "Microsoft.DataFactory/factories/pipelines",
			"apiVersion": "2018-06-01",
			"properties": {
				"activities": [
					{
						"name": "SharePoint Authentication",
						"type": "WebActivity",
						"dependsOn": [
							{
								"activity": "Set Client Secret",
								"dependencyConditions": [
									"Succeeded"
								]
							}
						],
						"policy": {
							"timeout": "7.00:00:00",
							"retry": 0,
							"retryIntervalInSeconds": 30,
							"secureOutput": true,
							"secureInput": false
						},
						"userProperties": [],
						"typeProperties": {
							"url": {
								"value": "@concat('https://accounts.accesscontrol.windows.net/',activity('Get SharePoint Config').output.firstRow.SharePoint_Tenant_ID,'/tokens/OAuth/2')",
								"type": "Expression"
							},
							"method": "POST",
							"headers": {
								"Content-Type": "application/x-www-form-urlencoded"
							},
							"body": {
								"value": "@concat('grant_type=client_credentials&client_id=',activity('Get SharePoint Config').output.firstRow.Client_ID,'@',activity('Get SharePoint Config').output.firstRow.SharePoint_Tenant_ID,'&client_secret=',variables('ClientSecret'),'&resource=00000003-0000-0ff1-ce00-000000000000/',activity('Get SharePoint Config').output.firstRow.SharePoint_Tenant_Name,'@',activity('Get SharePoint Config').output.firstRow.SharePoint_Tenant_ID)",
								"type": "Expression"
							}
						}
					},
					{
						"name": "Copy To ADLS",
						"type": "Copy",
						"dependsOn": [
							{
								"activity": "SharePoint Authentication",
								"dependencyConditions": [
									"Succeeded"
								]
							}
						],
						"policy": {
							"timeout": "7.00:00:00",
							"retry": 0,
							"retryIntervalInSeconds": 30,
							"secureOutput": false,
							"secureInput": false
						},
						"userProperties": [
							{
								"name": "DocumentName",
								"value": "@{pipeline().parameters.Document_Name}"
							},
							{
								"name": "Destination",
								"value": "@{pipeline().globalParameters.Env}/@{activity('Get SharePoint Config').output.firstRow.ADLS_Destination_Path}/@{pipeline().parameters.Document_Name}"
							}
						],
						"typeProperties": {
							"source": {
								"type": "BinarySource",
								"storeSettings": {
									"type": "HttpReadSettings",
									"requestMethod": "GET",
									"additionalHeaders": {
										"value": "@{concat('Authorization: Bearer ', activity('SharePoint Authentication').output.access_token)}",
										"type": "Expression"
									},
									"requestTimeout": ""
								},
								"formatSettings": {
									"type": "BinaryReadSettings"
								}
							},
							"sink": {
								"type": "BinarySink",
								"storeSettings": {
									"type": "AzureBlobFSWriteSettings"
								}
							},
							"enableStaging": false
						},
						"inputs": [
							{
								"referenceName": "HTTP_SharePoint_Binary",
								"type": "DatasetReference",
								"parameters": {
									"SharePoint_URL": {
										"value": "@activity('Get SharePoint Config').output.firstRow.SharePoint_URL",
										"type": "Expression"
									},
									"Document_Path": {
										"value": "@activity('Get SharePoint Config').output.firstRow.Document_Path",
										"type": "Expression"
									},
									"Document_Name": {
										"value": "@pipeline().parameters.Document_Name",
										"type": "Expression"
									}
								}
							}
						],
						"outputs": [
							{
								"referenceName": "ds_ADLS_Binary",
								"type": "DatasetReference",
								"parameters": {
									"env": {
										"value": "@pipeline().globalParameters.Env",
										"type": "Expression"
									},
									"folder_path": {
										"value": "@activity('Get SharePoint Config').output.firstRow.ADLS_Destination_Path",
										"type": "Expression"
									},
									"file_name": {
										"value": "@pipeline().parameters.Document_Name",
										"type": "Expression"
									}
								}
							}
						]
					},
					{
						"name": "Get SharePoint Secret",
						"type": "WebActivity",
						"dependsOn": [
							{
								"activity": "Get SharePoint Config",
								"dependencyConditions": [
									"Succeeded"
								]
							}
						],
						"policy": {
							"timeout": "7.00:00:00",
							"retry": 0,
							"retryIntervalInSeconds": 30,
							"secureOutput": true,
							"secureInput": false
						},
						"userProperties": [],
						"typeProperties": {
							"url": {
								"value": "@activity('Get SharePoint Config').output.firstRow.KeyVault_URL",
								"type": "Expression"
							},
							"method": "GET",
							"authentication": {
								"type": "MSI",
								"resource": "https://vault.azure.net"
							}
						}
					},
					{
						"name": "Set Client Secret",
						"type": "SetVariable",
						"dependsOn": [
							{
								"activity": "Get SharePoint Secret",
								"dependencyConditions": [
									"Succeeded"
								]
							}
						],
						"userProperties": [],
						"typeProperties": {
							"variableName": "ClientSecret",
							"value": {
								"value": "@activity('Get SharePoint Secret').output.value",
								"type": "Expression"
							}
						}
					},
					{
						"name": "Get SharePoint Config",
						"type": "Lookup",
						"dependsOn": [
							{
								"activity": "Info check document name parameter",
								"dependencyConditions": [
									"Succeeded"
								]
							}
						],
						"policy": {
							"timeout": "7.00:00:00",
							"retry": 0,
							"retryIntervalInSeconds": 30,
							"secureOutput": false,
							"secureInput": false
						},
						"userProperties": [],
						"typeProperties": {
							"source": {
								"type": "SqlDWSource",
								"sqlReaderQuery": {
									"value": "@concat('SELECT [KeyVault_URL]\n      ,[SharePoint_Tenant_ID]\n      ,[SharePoint_Tenant_Name]\n      ,[Client_ID]\n      ,[SharePoint_URL]\n      ,[Document_Path]\n      ,[ADLS_Destination_Path]\n      ,[Update_DTS]\n  FROM [EDW_Config].[SharePoint_Document]\n  where  [Load_Type] =''',pipeline().parameters.Load_Type, '''')",
									"type": "Expression"
								},
								"queryTimeout": "02:00:00",
								"partitionOption": "None"
							},
							"dataset": {
								"referenceName": "Azure_DW",
								"type": "DatasetReference",
								"parameters": {
									"schema": "EDW_Config",
									"table": "SharePoint_Document"
								}
							}
						}
					},
					{
						"name": "Info check document name parameter",
						"type": "SetVariable",
						"dependsOn": [],
						"userProperties": [],
						"typeProperties": {
							"variableName": "v_DocumentName",
							"value": {
								"value": "@pipeline().parameters.Document_Name",
								"type": "Expression"
							}
						}
					},
					{
						"name": "Stop running job",
						"type": "ExecutePipeline",
						"dependsOn": [
							{
								"activity": "Update Job Status Failed",
								"dependencyConditions": [
									"Succeeded"
								]
							}
						],
						"userProperties": [],
						"typeProperties": {
							"pipeline": {
								"referenceName": "Risk - Stop Current Job",
								"type": "PipelineReference"
							},
							"waitOnCompletion": true,
							"parameters": {
								"Failed_Activity_Name": {
									"value": "@concat('Download from SharePoint for ETL Load (id: ',pipeline().parameters.ETL_Load_Key,') run for ',pipeline().parameters.Load_Type)",
									"type": "Expression"
								},
								"Failure_Message": {
									"value": "@activity('Copy To ADLS').Error.Message",
									"type": "Expression"
								},
								"Pipeline_Job_Run_Id": {
									"value": "@pipeline().parameters.Parent_Run_ID",
									"type": "Expression"
								},
								"Pipeline_Name": {
									"value": "@pipeline().Pipeline",
									"type": "Expression"
								},
								"Source_System": {
									"value": "@pipeline().parameters.Load_Type",
									"type": "Expression"
								}
							}
						}
					},
					{
						"name": "Update Job Status Failed",
						"type": "SqlServerStoredProcedure",
						"dependsOn": [
							{
								"activity": "Copy To ADLS",
								"dependencyConditions": [
									"Failed"
								]
							}
						],
						"policy": {
							"timeout": "7.00:00:00",
							"retry": 0,
							"retryIntervalInSeconds": 30,
							"secureOutput": false,
							"secureInput": false
						},
						"userProperties": [],
						"typeProperties": {
							"storedProcedureName": "[[EDW_ETL].[Update_ETL_Load_Status]",
							"storedProcedureParameters": {
								"ETL_Load_Key": {
									"value": {
										"value": "@pipeline().parameters.ETL_Load_Key",
										"type": "Expression"
									},
									"type": "Int32"
								},
								"Status": {
									"value": "Failed",
									"type": "String"
								}
							}
						},
						"linkedServiceName": {
							"referenceName": "AzureSynapseDW",
							"type": "LinkedServiceReference"
						}
					},
					{
						"name": "Resset variable to fail pipeline if error",
						"type": "SetVariable",
						"dependsOn": [
							{
								"activity": "Copy To ADLS",
								"dependencyConditions": [
									"Succeeded"
								]
							}
						],
						"userProperties": [],
						"typeProperties": {
							"variableName": "v_DocumentName",
							"value": {
								"value": "@pipeline().parameters.Document_Name",
								"type": "Expression"
							}
						}
					}
				],
				"parameters": {
					"Load_Type": {
						"type": "string",
						"defaultValue": "SharePoint_TPM_SAA"
					},
					"Document_Name": {
						"type": "string",
						"defaultValue": "2021-08-10 plan_mv_saa_data.xlsx"
					},
					"ETL_Load_Key": {
						"type": "string"
					},
					"Parent_Run_ID": {
						"type": "string"
					}
				},
				"variables": {
					"ClientSecret": {
						"type": "String"
					},
					"v_DocumentName": {
						"type": "String"
					}
				},
				"folder": {
					"name": "Datawarehouse/SharePoint"
				},
				"annotations": []
			},
			"dependsOn": [
				"[variables('factoryId')]"
			]
		},
		{
			"name": "[concat(parameters('factoryName'), '/EDW Load - Main')]",
			"type": "Microsoft.DataFactory/factories/pipelines",
			"apiVersion": "2018-06-01",
			"properties": {
				"activities": [
					{
						"name": "Start New Load",
						"type": "SqlServerStoredProcedure",
						"dependsOn": [
							{
								"activity": "Fail previous load for source system",
								"dependencyConditions": [
									"Succeeded"
								]
							}
						],
						"policy": {
							"timeout": "7.00:00:00",
							"retry": 0,
							"retryIntervalInSeconds": 30,
							"secureOutput": false,
							"secureInput": false
						},
						"userProperties": [],
						"typeProperties": {
							"storedProcedureName": "[[EDW_ETL].[Start_New_Load]",
							"storedProcedureParameters": {
								"Batch_Date": {
									"value": {
										"value": "@pipeline().parameters.Batch_Date",
										"type": "Expression"
									},
									"type": "String"
								},
								"Source_System": {
									"value": {
										"value": "@pipeline().parameters.Source_System",
										"type": "Expression"
									},
									"type": "String"
								},
								"Load_Type": {
									"value": {
										"value": "@pipeline().parameters.Load_Type",
										"type": "Expression"
									},
									"type": "String"
								}
							}
						},
						"linkedServiceName": {
							"referenceName": "AzureSynapseDW",
							"type": "LinkedServiceReference"
						}
					},
					{
						"name": "Get Current Load Dates",
						"type": "Lookup",
						"dependsOn": [
							{
								"activity": "Start New Load",
								"dependencyConditions": [
									"Succeeded"
								]
							}
						],
						"policy": {
							"timeout": "7.00:00:00",
							"retry": 0,
							"retryIntervalInSeconds": 30,
							"secureOutput": false,
							"secureInput": false
						},
						"userProperties": [],
						"typeProperties": {
							"source": {
								"type": "SqlDWSource",
								"sqlReaderQuery": {
									"value": "@concat('SELECT ETL_Load_Key,\n      replace(convert(varchar, [Batch_Date],102),''.'',''-'') as [Batch_Date]\n  FROM [EDW_ETL].ETL_Load\n  where [Load_Status] = ''Started''\n  and [Source_System] = ''', pipeline().parameters.Source_System, ''' Order by Batch_Date asc')",
									"type": "Expression"
								},
								"queryTimeout": "02:00:00",
								"partitionOption": "None"
							},
							"dataset": {
								"referenceName": "Azure_DW",
								"type": "DatasetReference",
								"parameters": {
									"schema": "EDW_ETL",
									"table": "ETL_Load"
								}
							},
							"firstRowOnly": false
						}
					},
					{
						"name": "For Each Load",
						"type": "ForEach",
						"dependsOn": [
							{
								"activity": "Get Current Load Dates",
								"dependencyConditions": [
									"Succeeded"
								]
							}
						],
						"userProperties": [],
						"typeProperties": {
							"items": {
								"value": "@activity('Get Current Load Dates').output.value",
								"type": "Expression"
							},
							"isSequential": false,
							"batchCount": 3,
							"activities": [
								{
									"name": "Set Load Success",
									"type": "SqlServerStoredProcedure",
									"dependsOn": [
										{
											"activity": "Load Dimension Fact tables",
											"dependencyConditions": [
												"Succeeded"
											]
										}
									],
									"policy": {
										"timeout": "7.00:00:00",
										"retry": 0,
										"retryIntervalInSeconds": 30,
										"secureOutput": false,
										"secureInput": false
									},
									"userProperties": [],
									"typeProperties": {
										"storedProcedureName": "[[EDW_ETL].[Update_ETL_Load_Status]",
										"storedProcedureParameters": {
											"ETL_Load_Key": {
												"value": {
													"value": "@item().ETL_Load_Key",
													"type": "Expression"
												},
												"type": "Int32"
											},
											"Status": {
												"value": {
													"value": "Completed",
													"type": "Expression"
												},
												"type": "String"
											}
										}
									},
									"linkedServiceName": {
										"referenceName": "AzureSynapseDW",
										"type": "LinkedServiceReference"
									}
								},
								{
									"name": "Load Switch",
									"type": "Switch",
									"dependsOn": [],
									"userProperties": [],
									"typeProperties": {
										"on": {
											"value": "@toUpper(pipeline().parameters.Source_System)",
											"type": "Expression"
										},
										"cases": [
											{
												"value": "MANUALOVERRIDE",
												"activities": [
													{
														"name": "EDW Load - Load Business Files",
														"type": "ExecutePipeline",
														"dependsOn": [],
														"userProperties": [],
														"typeProperties": {
															"pipeline": {
																"referenceName": "EDW Load - Load Business Files",
																"type": "PipelineReference"
															},
															"waitOnCompletion": true,
															"parameters": {
																"Source_System": {
																	"value": "@pipeline().parameters.Source_System",
																	"type": "Expression"
																},
																"ETL_Load_Key": {
																	"value": "@item().ETL_Load_Key",
																	"type": "Expression"
																},
																"Parent_Run_ID": {
																	"value": "@pipeline().RunId",
																	"type": "Expression"
																},
																"Batch_Date": {
																	"value": "@pipeline().parameters.Batch_Date",
																	"type": "Expression"
																}
															}
														}
													}
												]
											},
											{
												"value": "PSA_BARRAONE",
												"activities": [
													{
														"name": "EDW Copy PSA",
														"type": "ExecutePipeline",
														"dependsOn": [],
														"userProperties": [],
														"typeProperties": {
															"pipeline": {
																"referenceName": "EDW PSA Load",
																"type": "PipelineReference"
															},
															"waitOnCompletion": true,
															"parameters": {
																"Batch_Date": {
																	"value": "@pipeline().parameters.Batch_Date",
																	"type": "Expression"
																},
																"Source_System": {
																	"value": "@pipeline().parameters.Source_System",
																	"type": "Expression"
																},
																"Source_Database": "Risk",
																"LoadType": {
																	"value": "@pipeline().parameters.Load_Type",
																	"type": "Expression"
																},
																"ETL_LoadKey": {
																	"value": "@item().ETL_Load_Key",
																	"type": "Expression"
																},
																"Parent_Run_ID": {
																	"value": "@pipeline().RunId",
																	"type": "Expression"
																}
															}
														}
													}
												]
											},
											{
												"value": "PUBLISH",
												"activities": [
													{
														"name": "EDW Load - Create Published Version",
														"type": "ExecutePipeline",
														"dependsOn": [],
														"userProperties": [],
														"typeProperties": {
															"pipeline": {
																"referenceName": "EDW Load - Create Published Version",
																"type": "PipelineReference"
															},
															"waitOnCompletion": true,
															"parameters": {
																"Publish_Type": {
																	"value": "@pipeline().parameters.Load_Type",
																	"type": "Expression"
																},
																"Report_Publish_Date": {
																	"value": "@pipeline().parameters.Batch_Date",
																	"type": "Expression"
																},
																"ETL_Load_Key": {
																	"value": "@item().ETL_Load_Key",
																	"type": "Expression"
																},
																"Parent_Run_ID": {
																	"value": "@pipeline().RunId",
																	"type": "Expression"
																}
															}
														}
													}
												]
											},
											{
												"value": "OUT_BARRAONE",
												"activities": [
													{
														"name": "EDW PSA Out",
														"type": "ExecutePipeline",
														"dependsOn": [],
														"userProperties": [],
														"typeProperties": {
															"pipeline": {
																"referenceName": "EDW PSA Out",
																"type": "PipelineReference"
															},
															"waitOnCompletion": true,
															"parameters": {
																"Analysis_Date": {
																	"value": "@pipeline().parameters.Batch_Date",
																	"type": "Expression"
																},
																"Source_System": {
																	"value": "@pipeline().parameters.Source_System",
																	"type": "Expression"
																},
																"Source_Database": "Risk",
																"LoadType": {
																	"value": "@pipeline().parameters.Load_Type",
																	"type": "Expression"
																},
																"ETL_LoadKey": {
																	"value": "@item().ETL_Load_Key",
																	"type": "Expression"
																},
																"Parent_Run_ID": {
																	"value": "@pipeline().RunId",
																	"type": "Expression"
																}
															}
														}
													}
												]
											},
											{
												"value": "PSA_IMCOMANUAL",
												"activities": [
													{
														"name": "EDW Copy PSA_IMCOManual_CDC",
														"type": "ExecutePipeline",
														"dependsOn": [],
														"userProperties": [],
														"typeProperties": {
															"pipeline": {
																"referenceName": "EDW PSA CDC Load",
																"type": "PipelineReference"
															},
															"waitOnCompletion": true,
															"parameters": {
																"Source_System": {
																	"value": "@pipeline().parameters.Source_System",
																	"type": "Expression"
																},
																"LoadType": {
																	"value": "@pipeline().parameters.Load_Type",
																	"type": "Expression"
																},
																"ETL_LoadKey": {
																	"value": "@item().ETL_Load_Key",
																	"type": "Expression"
																},
																"Parent_Run_ID": {
																	"value": "@pipeline().RunId",
																	"type": "Expression"
																}
															}
														}
													}
												]
											},
											{
												"value": "PSA_RISKMANUAL",
												"activities": [
													{
														"name": "EDW Copy PSA_RiskManual",
														"type": "ExecutePipeline",
														"dependsOn": [],
														"userProperties": [],
														"typeProperties": {
															"pipeline": {
																"referenceName": "EDW PSA Load",
																"type": "PipelineReference"
															},
															"waitOnCompletion": true,
															"parameters": {
																"Batch_Date": {
																	"value": "2021-01-01",
																	"type": "Expression"
																},
																"Source_System": {
																	"value": "@pipeline().parameters.Source_System",
																	"type": "Expression"
																},
																"Source_Database": "Risk",
																"LoadType": {
																	"value": "@pipeline().parameters.Load_Type",
																	"type": "Expression"
																},
																"ETL_LoadKey": {
																	"value": "@item().ETL_Load_Key",
																	"type": "Expression"
																},
																"Parent_Run_ID": {
																	"value": "@pipeline().RunId",
																	"type": "Expression"
																}
															}
														}
													}
												]
											},
											{
												"value": "PSA_EAGLE",
												"activities": [
													{
														"name": "EDW Copy PSA CDC",
														"type": "ExecutePipeline",
														"dependsOn": [],
														"userProperties": [],
														"typeProperties": {
															"pipeline": {
																"referenceName": "EDW PSA CDC Load",
																"type": "PipelineReference"
															},
															"waitOnCompletion": true,
															"parameters": {
																"Source_System": {
																	"value": "@pipeline().parameters.Source_System",
																	"type": "Expression"
																},
																"LoadType": {
																	"value": "@pipeline().parameters.Load_Type",
																	"type": "Expression"
																},
																"ETL_LoadKey": {
																	"value": "@item().ETL_Load_Key",
																	"type": "Expression"
																},
																"Parent_Run_ID": {
																	"value": "@pipeline().RunId",
																	"type": "Expression"
																}
															}
														}
													}
												]
											},
											{
												"value": "PSA_STATESTREET",
												"activities": [
													{
														"name": "EDW Copy PSA_StateStreet",
														"type": "ExecutePipeline",
														"dependsOn": [],
														"userProperties": [],
														"typeProperties": {
															"pipeline": {
																"referenceName": "EDW PSA Load",
																"type": "PipelineReference"
															},
															"waitOnCompletion": true,
															"parameters": {
																"Batch_Date": {
																	"value": "2021-01-01",
																	"type": "Expression"
																},
																"Source_System": {
																	"value": "@pipeline().parameters.Source_System",
																	"type": "Expression"
																},
																"Source_Database": "Master_DM",
																"LoadType": {
																	"value": "@pipeline().parameters.Load_Type",
																	"type": "Expression"
																},
																"ETL_LoadKey": {
																	"value": "@item().ETL_Load_Key",
																	"type": "Expression"
																},
																"Parent_Run_ID": {
																	"value": "@pipeline().RunId",
																	"type": "Expression"
																}
															}
														}
													}
												]
											},
											{
												"value": "PSA_PA",
												"activities": [
													{
														"name": "EDW Copy PSA_PA",
														"type": "ExecutePipeline",
														"dependsOn": [],
														"userProperties": [],
														"typeProperties": {
															"pipeline": {
																"referenceName": "EDW PSA Load",
																"type": "PipelineReference"
															},
															"waitOnCompletion": true,
															"parameters": {
																"Batch_Date": {
																	"value": "2021-01-01",
																	"type": "Expression"
																},
																"Source_System": {
																	"value": "@pipeline().parameters.Source_System",
																	"type": "Expression"
																},
																"Source_Database": "PA",
																"LoadType": {
																	"value": "@pipeline().parameters.Load_Type",
																	"type": "Expression"
																},
																"ETL_LoadKey": {
																	"value": "@item().ETL_Load_Key",
																	"type": "Expression"
																},
																"Parent_Run_ID": {
																	"value": "@pipeline().RunId",
																	"type": "Expression"
																}
															}
														}
													}
												]
											},
											{
												"value": "SHAREPOINT_TPM_SAA",
												"activities": [
													{
														"name": "EDW Load - Load Business Files SAA",
														"type": "ExecutePipeline",
														"dependsOn": [
															{
																"activity": "SharePoint - EDW Get Sharepoint File",
																"dependencyConditions": [
																	"Succeeded"
																]
															}
														],
														"userProperties": [],
														"typeProperties": {
															"pipeline": {
																"referenceName": "EDW Load - Load Business Files",
																"type": "PipelineReference"
															},
															"waitOnCompletion": true,
															"parameters": {
																"Source_System": {
																	"value": "@pipeline().parameters.Source_System",
																	"type": "Expression"
																},
																"ETL_Load_Key": {
																	"value": "@item().ETL_Load_Key",
																	"type": "Expression"
																},
																"Parent_Run_ID": {
																	"value": "@pipeline().RunId",
																	"type": "Expression"
																},
																"Batch_Date": {
																	"value": "@pipeline().parameters.Batch_Date",
																	"type": "Expression"
																}
															}
														}
													},
													{
														"name": "SharePoint - EDW Get Sharepoint File",
														"type": "ExecutePipeline",
														"dependsOn": [
															{
																"activity": "Get prev 2 Last Business Date",
																"dependencyConditions": [
																	"Succeeded"
																]
															}
														],
														"userProperties": [],
														"typeProperties": {
															"pipeline": {
																"referenceName": "EDW Get SharePoint File",
																"type": "PipelineReference"
															},
															"waitOnCompletion": true,
															"parameters": {
																"Load_Type": "SharePoint_TPM_SAA",
																"Document_Name": {
																	"value": "@concat(activity('Get prev 2 Last Business Date').output.firstRow.Business_Date, ' plan_mv_saa_data.xlsx')",
																	"type": "Expression"
																},
																"ETL_Load_Key": {
																	"value": "@item().ETL_Load_Key",
																	"type": "Expression"
																},
																"Parent_Run_ID": {
																	"value": "@pipeline().RunId",
																	"type": "Expression"
																}
															}
														}
													},
													{
														"name": "Get prev 2 Last Business Date",
														"type": "Lookup",
														"dependsOn": [],
														"policy": {
															"timeout": "7.00:00:00",
															"retry": 0,
															"retryIntervalInSeconds": 30,
															"secureOutput": false,
															"secureInput": false
														},
														"userProperties": [],
														"typeProperties": {
															"source": {
																"type": "SqlDWSource",
																"sqlReaderStoredProcedureName": "EDW_ETL.Get_Job_Business_Date",
																"storedProcedureParameters": {
																	"Batch_Date": {
																		"type": "DateTime",
																		"value": {
																			"value": "@pipeline().parameters.Batch_Date",
																			"type": "Expression"
																		}
																	},
																	"NumOfPrev": {
																		"type": "Int32",
																		"value": {
																			"value": "@if(equals(coalesce(pipeline().parameters.Batch_Date, '1900-01-01'), '1900-01-01'), 2, 0)",
																			"type": "Expression"
																		}
																	}
																},
																"queryTimeout": "02:00:00",
																"partitionOption": "None"
															},
															"dataset": {
																"referenceName": "Azure_DW",
																"type": "DatasetReference",
																"parameters": {
																	"schema": "EDW_ETL",
																	"table": "Get_Job_Business_Date"
																}
															}
														}
													}
												]
											}
										]
									}
								},
								{
									"name": "Check if SSAS refresh to run",
									"type": "IfCondition",
									"dependsOn": [
										{
											"activity": "Get SSAS refresh source system list",
											"dependencyConditions": [
												"Succeeded"
											]
										}
									],
									"userProperties": [],
									"typeProperties": {
										"expression": {
											"value": "@contains(toUpper(activity('Get SSAS refresh source system list').output.firstRow.Source_System_List), concat(',',toUpper(pipeline().parameters.Source_System),','))",
											"type": "Expression"
										},
										"ifTrueActivities": [
											{
												"name": "Risk - DW_Refresh_SSAS",
												"type": "ExecutePipeline",
												"dependsOn": [],
												"userProperties": [],
												"typeProperties": {
													"pipeline": {
														"referenceName": "Risk - DW_Refresh_SSAS",
														"type": "PipelineReference"
													},
													"waitOnCompletion": true,
													"parameters": {
														"Parent_Run_ID": {
															"value": "@pipeline().RunId",
															"type": "Expression"
														},
														"Source_System": {
															"value": "@pipeline().parameters.Source_System",
															"type": "Expression"
														}
													}
												}
											}
										]
									}
								},
								{
									"name": "Get SSAS refresh source system list",
									"type": "Lookup",
									"dependsOn": [
										{
											"activity": "Set Load Success",
											"dependencyConditions": [
												"Succeeded"
											]
										}
									],
									"policy": {
										"timeout": "7.00:00:00",
										"retry": 0,
										"retryIntervalInSeconds": 30,
										"secureOutput": false,
										"secureInput": false
									},
									"userProperties": [],
									"typeProperties": {
										"source": {
											"type": "SqlDWSource",
											"sqlReaderQuery": "  Select ',' + String_Agg(Source_System, ',') + ','  Source_System_List\n  From [DataWarehouse_DVMART].[Ref_SSAS_Table_Refresh]",
											"queryTimeout": "02:00:00",
											"partitionOption": "None"
										},
										"dataset": {
											"referenceName": "Azure_DW",
											"type": "DatasetReference",
											"parameters": {
												"schema": "DataWarehouse_DVMART",
												"table": "Ref_SSAS_Table_Refresh"
											}
										}
									}
								},
								{
									"name": "Load Dimension Fact tables",
									"type": "ExecutePipeline",
									"dependsOn": [
										{
											"activity": "Load Switch",
											"dependencyConditions": [
												"Succeeded"
											]
										}
									],
									"userProperties": [],
									"typeProperties": {
										"pipeline": {
											"referenceName": "EDW Load - Load DM",
											"type": "PipelineReference"
										},
										"waitOnCompletion": true,
										"parameters": {
											"Source_System": {
												"value": "@pipeline().parameters.Source_System",
												"type": "Expression"
											},
											"ETL_Load_Key": {
												"value": "@item().ETL_Load_Key",
												"type": "Expression"
											},
											"Parent_Run_ID": {
												"value": "@pipeline().RunId",
												"type": "Expression"
											},
											"Load_Type": {
												"value": "@pipeline().parameters.Load_Type",
												"type": "Expression"
											},
											"Batch_DTS": {
												"value": "@item().Batch_Date",
												"type": "Expression"
											}
										}
									}
								}
							]
						}
					},
					{
						"name": "Fail previous load for source system",
						"type": "SqlServerStoredProcedure",
						"dependsOn": [],
						"policy": {
							"timeout": "7.00:00:00",
							"retry": 0,
							"retryIntervalInSeconds": 30,
							"secureOutput": false,
							"secureInput": false
						},
						"userProperties": [],
						"typeProperties": {
							"storedProcedureName": "[[EDW_ETL].[Set_ETL_Load_Fail]",
							"storedProcedureParameters": {
								"Source_System": {
									"value": {
										"value": "@pipeline().parameters.Source_System",
										"type": "Expression"
									},
									"type": "String"
								}
							}
						},
						"linkedServiceName": {
							"referenceName": "AzureSynapseDW",
							"type": "LinkedServiceReference"
						}
					},
					{
						"name": "Get Email Process for current source system",
						"type": "Lookup",
						"dependsOn": [
							{
								"activity": "For Each Load",
								"dependencyConditions": [
									"Succeeded"
								]
							}
						],
						"policy": {
							"timeout": "7.00:00:00",
							"retry": 0,
							"retryIntervalInSeconds": 30,
							"secureOutput": false,
							"secureInput": false
						},
						"userProperties": [],
						"typeProperties": {
							"source": {
								"type": "SqlDWSource",
								"sqlReaderQuery": {
									"value": "@concat('SELECT [Process_Name]\n      ,[Email_Subject_Addition]\n      ,[Email_Body_Addition]\n  FROM [EDW_Config].[Email_Custom_Message]\n  where Source_System = ''', pipeline().parameters.Source_System, ''' and (Load_Type = ''ALL'' or Load_Type = ''', pipeline().parameters.Load_Type, ''' ) ')",
									"type": "Expression"
								},
								"queryTimeout": "02:00:00",
								"partitionOption": "None"
							},
							"dataset": {
								"referenceName": "Azure_DW",
								"type": "DatasetReference",
								"parameters": {
									"schema": "DataWarehouse_Staging",
									"table": "Ref_Email_Notification"
								}
							},
							"firstRowOnly": false
						}
					},
					{
						"name": "For each process name",
						"type": "ForEach",
						"dependsOn": [
							{
								"activity": "Get Email Process for current source system",
								"dependencyConditions": [
									"Succeeded"
								]
							}
						],
						"userProperties": [],
						"typeProperties": {
							"items": {
								"value": "@activity('Get Email Process for current source system').output.value",
								"type": "Expression"
							},
							"isSequential": false,
							"activities": [
								{
									"name": "Send Sucess Email Notification",
									"type": "ExecutePipeline",
									"dependsOn": [],
									"userProperties": [],
									"typeProperties": {
										"pipeline": {
											"referenceName": "Risk - Send Email Notification",
											"type": "PipelineReference"
										},
										"waitOnCompletion": true,
										"parameters": {
											"Email_Subject_Addition": {
												"value": "@item().Email_Subject_Addition",
												"type": "Expression"
											},
											"Process_Name": {
												"value": "@item().Process_Name",
												"type": "Expression"
											},
											"Email_Body_Addition": {
												"value": "@replace(item().Email_Body_Addition, '<<Batch_Date>>', if(equals(coalesce(pipeline().parameters.Batch_Date,'1900-01-01'),'1900-01-01'),formatDateTime(utcnow(), 'yyyy-MM-dd'),coalesce(pipeline().parameters.Batch_Date,'')))",
												"type": "Expression"
											},
											"Success_Failure_Flag": "S"
										}
									}
								}
							]
						}
					}
				],
				"parameters": {
					"Source_System": {
						"type": "string",
						"defaultValue": "ManualOverride"
					},
					"Load_Type": {
						"type": "string",
						"defaultValue": "DELTA"
					},
					"Batch_Date": {
						"type": "string"
					}
				},
				"variables": {
					"table_Name": {
						"type": "String"
					}
				},
				"folder": {
					"name": "Datawarehouse"
				},
				"annotations": []
			},
			"dependsOn": [
				"[variables('factoryId')]",
				"[concat(variables('factoryId'), '/pipelines/EDW Get SharePoint File')]"
			]
		}
	]
}