{
	"$schema": "http://schema.management.azure.com/schemas/2015-01-01/deploymentTemplate.json#",
	"contentVersion": "1.0.0.0",
	"parameters": {
		"factoryName": {
			"type": "string",
			"metadata": "Data Factory name",
			"defaultValue": "imcnoimdmsadf01"
		}
	},
	"variables": {
		"factoryId": "[concat('Microsoft.DataFactory/factories/', parameters('factoryName'))]"
	},
	"resources": [
		{
			"name": "[concat(parameters('factoryName'), '/Risk - DW Create Raw Temp Storage')]",
			"type": "Microsoft.DataFactory/factories/pipelines",
			"apiVersion": "2018-06-01",
			"properties": {
				"activities": [
					{
						"name": "Lookup  Stored Procs",
						"type": "Lookup",
						"dependsOn": [],
						"policy": {
							"timeout": "7.00:00:00",
							"retry": 0,
							"retryIntervalInSeconds": 30,
							"secureOutput": false,
							"secureInput": false
						},
						"userProperties": [],
						"typeProperties": {
							"source": {
								"type": "SqlDWSource",
								"sqlReaderQuery": "  /****** Script for SelectTopNRows command from SSMS  ******/\nSELECT  [Proc_Database]\n      ,[Proc_Schema]\n      ,[Procedure_Name]\n      ,[Affected_Table]\n      ,[Source_System]\n      ,[Update_DTS]\n      ,[DWML_File]\n  FROM [DataWarehouse_Staging].[Ref_Staging_Prep_Procedures]",
								"queryTimeout": "02:00:00",
								"partitionOption": "None"
							},
							"dataset": {
								"referenceName": "Azure_DW",
								"type": "DatasetReference",
								"parameters": {
									"schema": "[[DataWarehouse_Staging]",
									"table": "[[Job_Run]"
								}
							},
							"firstRowOnly": false
						}
					},
					{
						"name": "ForEach1",
						"type": "ForEach",
						"dependsOn": [
							{
								"activity": "Lookup  Stored Procs",
								"dependencyConditions": [
									"Succeeded"
								]
							}
						],
						"userProperties": [],
						"typeProperties": {
							"items": {
								"value": "@activity('Lookup  Stored Procs').output.value",
								"type": "Expression"
							},
							"isSequential": false,
							"batchCount": 3,
							"activities": [
								{
									"name": "Create temp tables",
									"type": "SqlServerStoredProcedure",
									"dependsOn": [],
									"policy": {
										"timeout": "7.00:00:00",
										"retry": 0,
										"retryIntervalInSeconds": 30,
										"secureOutput": false,
										"secureInput": false
									},
									"userProperties": [],
									"typeProperties": {
										"storedProcedureName": {
											"value": "@concat(item().Proc_Database,'_',item().Proc_Schema,'.',item().Procedure_Name)",
											"type": "Expression"
										},
										"storedProcedureParameters": {
											"JobID": {
												"value": {
													"value": "@pipeline().parameters.Job_ID",
													"type": "Expression"
												},
												"type": "Int32"
											}
										}
									},
									"linkedServiceName": {
										"referenceName": "AzureSynapseDW",
										"type": "LinkedServiceReference"
									}
								},
								{
									"name": "Update Job Status Failed",
									"type": "SqlServerStoredProcedure",
									"dependsOn": [
										{
											"activity": "Create temp tables",
											"dependencyConditions": [
												"Failed"
											]
										}
									],
									"policy": {
										"timeout": "7.00:00:00",
										"retry": 0,
										"retryIntervalInSeconds": 30,
										"secureOutput": false,
										"secureInput": false
									},
									"userProperties": [],
									"typeProperties": {
										"storedProcedureName": "[[DataWarehouse_DVRAW].[Update_Job_Status]",
										"storedProcedureParameters": {
											"Job_ID": {
												"value": {
													"value": "@pipeline().parameters.Job_ID",
													"type": "Expression"
												},
												"type": "Int32"
											},
											"Job_Status": {
												"value": "Failed",
												"type": "String"
											}
										}
									},
									"linkedServiceName": {
										"referenceName": "AzureSynapseDW",
										"type": "LinkedServiceReference"
									}
								},
								{
									"name": "Stop running job",
									"type": "ExecutePipeline",
									"dependsOn": [
										{
											"activity": "Update Job Status Failed",
											"dependencyConditions": [
												"Succeeded"
											]
										}
									],
									"userProperties": [],
									"typeProperties": {
										"pipeline": {
											"referenceName": "Risk - Stop Current Job",
											"type": "PipelineReference"
										},
										"waitOnCompletion": true,
										"parameters": {
											"Failed_Activity_Name": {
												"value": "Raw SP call",
												"type": "Expression"
											},
											"Failure_Message": {
												"value": "@activity('Create temp tables').Error.Message",
												"type": "Expression"
											},
											"Pipeline_Job_Run_Id": {
												"value": "@pipeline().parameters.Parent_Run_ID",
												"type": "Expression"
											},
											"Pipeline_Name": {
												"value": "@pipeline().Pipeline",
												"type": "Expression"
											}
										}
									}
								}
							]
						}
					},
					{
						"name": "Drop temp tables",
						"type": "SqlServerStoredProcedure",
						"dependsOn": [
							{
								"activity": "ForEach1",
								"dependencyConditions": [
									"Succeeded"
								]
							}
						],
						"policy": {
							"timeout": "7.00:00:00",
							"retry": 0,
							"retryIntervalInSeconds": 30,
							"secureOutput": false,
							"secureInput": false
						},
						"userProperties": [],
						"typeProperties": {
							"storedProcedureName": {
								"value": "DataWarehouse_Staging.BarraOne_Cleanup_Instantiated_Views",
								"type": "Expression"
							},
							"storedProcedureParameters": {
								"JobID": {
									"value": {
										"value": "@pipeline().parameters.Job_ID",
										"type": "Expression"
									},
									"type": "Int32"
								}
							}
						},
						"linkedServiceName": {
							"referenceName": "AzureSynapseDW",
							"type": "LinkedServiceReference"
						}
					}
				],
				"parameters": {
					"Job_ID": {
						"type": "string"
					},
					"Parent_Run_ID": {
						"type": "string"
					}
				},
				"folder": {
					"name": "Datawarehouse"
				},
				"annotations": [],
				"lastPublishTime": "2020-12-04T19:14:15Z"
			},
			"dependsOn": [
				"[variables('factoryId')]",
				"[concat(variables('factoryId'), '/pipelines/Risk - Stop Current Job')]"
			]
		},
		{
			"name": "[concat(parameters('factoryName'), '/Risk - DW_Main')]",
			"type": "Microsoft.DataFactory/factories/pipelines",
			"apiVersion": "2018-06-01",
			"properties": {
				"activities": [
					{
						"name": "truncate  Job stage table",
						"type": "SqlServerStoredProcedure",
						"dependsOn": [],
						"policy": {
							"timeout": "7.00:00:00",
							"retry": 0,
							"retryIntervalInSeconds": 30,
							"secureOutput": false,
							"secureInput": false
						},
						"userProperties": [],
						"typeProperties": {
							"storedProcedureName": "[[DataWarehouse_DVRAW].[Truncate_Job_Run_Source]"
						},
						"linkedServiceName": {
							"referenceName": "AzureSynapseDW",
							"type": "LinkedServiceReference"
						}
					},
					{
						"name": "Lookup Dates",
						"type": "Lookup",
						"dependsOn": [
							{
								"activity": "BatchDate Check",
								"dependencyConditions": [
									"Succeeded"
								]
							}
						],
						"policy": {
							"timeout": "7.00:00:00",
							"retry": 0,
							"retryIntervalInSeconds": 30,
							"secureOutput": false,
							"secureInput": false
						},
						"userProperties": [],
						"typeProperties": {
							"source": {
								"type": "SqlDWSource",
								"sqlReaderQuery": "SELECT [Job_ID]\n      ,[Load_DTS]\n      ,[Batch_Date]\n      ,[Job_Status]\n  FROM [DataWarehouse_Staging].[Job_Run]\n  where [Job_Status] = 'Not Started'\nOrder by Batch_Date asc",
								"queryTimeout": "02:00:00",
								"partitionOption": "None"
							},
							"dataset": {
								"referenceName": "Azure_DW",
								"type": "DatasetReference",
								"parameters": {
									"schema": "[[DataWarehouse_Staging]",
									"table": "[[Job_Run]"
								}
							},
							"firstRowOnly": false
						}
					},
					{
						"name": "ForEach - Date Execute ETL",
						"type": "ForEach",
						"dependsOn": [
							{
								"activity": "Lookup Dates",
								"dependencyConditions": [
									"Succeeded"
								]
							}
						],
						"userProperties": [],
						"typeProperties": {
							"items": {
								"value": "@activity('Lookup Dates').output.value",
								"type": "Expression"
							},
							"isSequential": true,
							"activities": [
								{
									"name": "Create Job Run Process",
									"type": "SqlServerStoredProcedure",
									"dependsOn": [
										{
											"activity": "truncate staging",
											"dependencyConditions": [
												"Succeeded"
											]
										}
									],
									"policy": {
										"timeout": "7.00:00:00",
										"retry": 0,
										"retryIntervalInSeconds": 30,
										"secureOutput": false,
										"secureInput": false
									},
									"userProperties": [],
									"typeProperties": {
										"storedProcedureName": "[[DataWarehouse_DVRAW].[Create_Job_Run_Process]",
										"storedProcedureParameters": {
											"Job_ID": {
												"value": {
													"value": "@item().Job_ID",
													"type": "Expression"
												},
												"type": "Int32"
											}
										}
									},
									"linkedServiceName": {
										"referenceName": "AzureSynapseDW",
										"type": "LinkedServiceReference"
									}
								},
								{
									"name": "truncate staging",
									"type": "SqlServerStoredProcedure",
									"dependsOn": [],
									"policy": {
										"timeout": "7.00:00:00",
										"retry": 0,
										"retryIntervalInSeconds": 30,
										"secureOutput": false,
										"secureInput": false
									},
									"userProperties": [],
									"typeProperties": {
										"storedProcedureName": "[[DataWarehouse_DVRAW].[Truncate_BarraOne]"
									},
									"linkedServiceName": {
										"referenceName": "AzureSynapseDW",
										"type": "LinkedServiceReference"
									}
								},
								{
									"name": "SP DF forloop",
									"type": "ExecutePipeline",
									"dependsOn": [
										{
											"activity": "Risk - DW Create Raw Temp Storage",
											"dependencyConditions": [
												"Succeeded"
											]
										}
									],
									"userProperties": [],
									"typeProperties": {
										"pipeline": {
											"referenceName": "Risk - DW_Call SP ADF",
											"type": "PipelineReference"
										},
										"waitOnCompletion": true,
										"parameters": {
											"Batch_DTS": {
												"value": "@item().Load_DTS",
												"type": "Expression"
											},
											"Job_ID": {
												"value": "@item().Job_ID",
												"type": "Expression"
											},
											"Parent_Run_ID": {
												"value": "@pipeline().RunId",
												"type": "Expression"
											}
										}
									}
								},
								{
									"name": "Update Job Status",
									"type": "SqlServerStoredProcedure",
									"dependsOn": [
										{
											"activity": "Create Job Run Process",
											"dependencyConditions": [
												"Succeeded"
											]
										}
									],
									"policy": {
										"timeout": "7.00:00:00",
										"retry": 0,
										"retryIntervalInSeconds": 30,
										"secureOutput": false,
										"secureInput": false
									},
									"userProperties": [],
									"typeProperties": {
										"storedProcedureName": "[[DataWarehouse_DVRAW].[Update_Job_Status]",
										"storedProcedureParameters": {
											"Job_ID": {
												"value": {
													"value": "@item().Job_ID",
													"type": "Expression"
												},
												"type": "Int32"
											},
											"Job_Status": {
												"value": "In Progress",
												"type": "String"
											}
										}
									},
									"linkedServiceName": {
										"referenceName": "AzureSynapseDW",
										"type": "LinkedServiceReference"
									}
								},
								{
									"name": "Risk - DW_Call SP Bus Vault",
									"type": "ExecutePipeline",
									"dependsOn": [
										{
											"activity": "Risk - Check_Duplicate",
											"dependencyConditions": [
												"Succeeded"
											]
										}
									],
									"userProperties": [],
									"typeProperties": {
										"pipeline": {
											"referenceName": "Risk - DW_Call SP Bus Vault",
											"type": "PipelineReference"
										},
										"waitOnCompletion": true,
										"parameters": {
											"Parent_Run_ID": {
												"value": "@pipeline().RunId",
												"type": "Expression"
											},
											"Job_ID": {
												"value": "@item().Job_ID",
												"type": "Expression"
											}
										}
									}
								},
								{
									"name": "Risk - Check_Duplicate",
									"type": "ExecutePipeline",
									"dependsOn": [
										{
											"activity": "SP DF forloop",
											"dependencyConditions": [
												"Succeeded"
											]
										}
									],
									"userProperties": [],
									"typeProperties": {
										"pipeline": {
											"referenceName": "Risk - Check_Duplicate",
											"type": "PipelineReference"
										},
										"waitOnCompletion": true,
										"parameters": {
											"LoadDTS": {
												"value": "@item().Load_DTS",
												"type": "Expression"
											},
											"Parent_Run_ID": {
												"value": "@pipeline().RunId",
												"type": "Expression"
											},
											"Job_ID": {
												"value": "@item().Job_ID",
												"type": "Expression"
											}
										}
									}
								},
								{
									"name": "Update Job to Completed",
									"type": "SqlServerStoredProcedure",
									"dependsOn": [
										{
											"activity": "Risk - DW_Call SP Bus Vault",
											"dependencyConditions": [
												"Succeeded"
											]
										}
									],
									"policy": {
										"timeout": "7.00:00:00",
										"retry": 0,
										"retryIntervalInSeconds": 30,
										"secureOutput": false,
										"secureInput": false
									},
									"userProperties": [],
									"typeProperties": {
										"storedProcedureName": "[[DataWarehouse_DVRAW].[Update_Job_Status]",
										"storedProcedureParameters": {
											"Job_ID": {
												"value": {
													"value": "@item().Job_ID",
													"type": "Expression"
												},
												"type": "Int32"
											},
											"Job_Status": {
												"value": "Success",
												"type": "String"
											}
										}
									},
									"linkedServiceName": {
										"referenceName": "AzureSynapseDW",
										"type": "LinkedServiceReference"
									}
								},
								{
									"name": "Risk -  DW Copy Risk DB to Staging - ADLS",
									"type": "ExecutePipeline",
									"dependsOn": [
										{
											"activity": "Update Job Status",
											"dependencyConditions": [
												"Succeeded"
											]
										}
									],
									"userProperties": [],
									"typeProperties": {
										"pipeline": {
											"referenceName": "Risk - DW Copy Risk DB to Stage - ADLS staging",
											"type": "PipelineReference"
										},
										"waitOnCompletion": true,
										"parameters": {
											"SQLServer_DatabaseName": {
												"value": "@pipeline().parameters.SQLServer_Risk_Database",
												"type": "Expression"
											},
											"Batch_Date": {
												"value": "@item().Batch_Date",
												"type": "Expression"
											},
											"Parent_Run_ID": {
												"value": "@pipeline().RunId",
												"type": "Expression"
											},
											"Job_ID": {
												"value": "@item().Job_ID",
												"type": "Expression"
											}
										}
									}
								},
								{
									"name": "Risk - DW Create Raw Temp Storage",
									"type": "ExecutePipeline",
									"dependsOn": [
										{
											"activity": "Risk -  DW Copy Risk DB to Staging - ADLS",
											"dependencyConditions": [
												"Succeeded"
											]
										}
									],
									"userProperties": [],
									"typeProperties": {
										"pipeline": {
											"referenceName": "Risk - DW Create Raw Temp Storage",
											"type": "PipelineReference"
										},
										"waitOnCompletion": true
									}
								}
							]
						}
					},
					{
						"name": "Risk - DW_Refresh_SSAS",
						"type": "ExecutePipeline",
						"dependsOn": [
							{
								"activity": "ForEach - Date Execute ETL",
								"dependencyConditions": [
									"Succeeded"
								]
							}
						],
						"userProperties": [],
						"typeProperties": {
							"pipeline": {
								"referenceName": "Risk - DW_Refresh_SSAS",
								"type": "PipelineReference"
							},
							"waitOnCompletion": true,
							"parameters": {
								"Parent_Run_ID": {
									"value": "@pipeline().RunId",
									"type": "Expression"
								}
							}
						}
					},
					{
						"name": "BatchDate Check",
						"type": "IfCondition",
						"dependsOn": [
							{
								"activity": "truncate  Job stage table",
								"dependencyConditions": [
									"Succeeded"
								]
							}
						],
						"userProperties": [],
						"typeProperties": {
							"expression": {
								"value": "@equals(coalesce(pipeline().parameters.Batch_Date,''),'')",
								"type": "Expression"
							},
							"ifFalseActivities": [
								{
									"name": "Create Job Run Single Date",
									"type": "SqlServerStoredProcedure",
									"dependsOn": [],
									"policy": {
										"timeout": "7.00:00:00",
										"retry": 0,
										"retryIntervalInSeconds": 30,
										"secureOutput": false,
										"secureInput": false
									},
									"userProperties": [],
									"typeProperties": {
										"storedProcedureName": "[[DataWarehouse_DVRAW].[Create_Job_Run_SingleDate]",
										"storedProcedureParameters": {
											"BatchDate": {
												"value": {
													"value": "@pipeline().parameters.Batch_Date",
													"type": "Expression"
												},
												"type": "DateTime"
											}
										}
									},
									"linkedServiceName": {
										"referenceName": "AzureSynapseDW",
										"type": "LinkedServiceReference"
									}
								}
							],
							"ifTrueActivities": [
								{
									"name": "Get Source Job Run",
									"type": "Copy",
									"dependsOn": [],
									"policy": {
										"timeout": "7.00:00:00",
										"retry": 0,
										"retryIntervalInSeconds": 30,
										"secureOutput": false,
										"secureInput": false
									},
									"userProperties": [],
									"typeProperties": {
										"source": {
											"type": "SqlServerSource",
											"sqlReaderQuery": "SELECT max([Date]) load_dts \n\t ,convert(date,date,23) batch_date \n     \n      FROM [DBOperations].[dbo].[Log]\n  where Logger='Risk ETL' and Level='INFO' and CharIndex('Completed',Message) > 0\n  group by convert(date,date,23)\n  order by convert(date,date,23) asc;\n",
											"queryTimeout": "02:00:00",
											"partitionOption": "None"
										},
										"sink": {
											"type": "SqlDWSink",
											"disableMetricsCollection": false
										},
										"enableStaging": false,
										"parallelCopies": 1,
										"translator": {
											"type": "TabularTranslator",
											"mappings": [
												{
													"source": {
														"name": "load_dts",
														"type": "DateTime"
													},
													"sink": {
														"name": "Load_DTS",
														"type": "DateTime"
													}
												},
												{
													"source": {
														"name": "batch_date",
														"type": "DateTime"
													},
													"sink": {
														"name": "Batch_Date",
														"type": "DateTime"
													}
												}
											]
										}
									},
									"inputs": [
										{
											"referenceName": "Risk_Staging",
											"type": "DatasetReference",
											"parameters": {
												"DatabaseName": {
													"value": "@pipeline().parameters.SQLServer_Risk_Database",
													"type": "Expression"
												}
											}
										}
									],
									"outputs": [
										{
											"referenceName": "Azure_DW",
											"type": "DatasetReference",
											"parameters": {
												"schema": "DataWarehouse_Staging",
												"table": "Job_Run_Source"
											}
										}
									]
								},
								{
									"name": "Create Job Run",
									"type": "SqlServerStoredProcedure",
									"dependsOn": [
										{
											"activity": "Get Source Job Run",
											"dependencyConditions": [
												"Succeeded"
											]
										}
									],
									"policy": {
										"timeout": "7.00:00:00",
										"retry": 0,
										"retryIntervalInSeconds": 30,
										"secureOutput": false,
										"secureInput": false
									},
									"userProperties": [],
									"typeProperties": {
										"storedProcedureName": "[[DataWarehouse_DVRAW].[Create_Job_Run_Dates]"
									},
									"linkedServiceName": {
										"referenceName": "AzureSynapseDW",
										"type": "LinkedServiceReference"
									}
								}
							]
						}
					}
				],
				"parameters": {
					"SQLServer_Risk_Database": {
						"type": "string",
						"defaultValue": "Risk"
					},
					"Batch_Date": {
						"type": "string"
					}
				},
				"variables": {
					"ProcessCompleted": {
						"type": "Boolean"
					}
				},
				"folder": {
					"name": "Datawarehouse"
				},
				"annotations": [],
				"lastPublishTime": "2020-12-09T19:33:51Z"
			},
			"dependsOn": [
				"[variables('factoryId')]",
				"[concat(variables('factoryId'), '/pipelines/Risk - DW Create Raw Temp Storage')]"
			]
		},
		{
			"name": "[concat(parameters('factoryName'), '/Risk - Send Email Notification')]",
			"type": "Microsoft.DataFactory/factories/pipelines",
			"apiVersion": "2018-06-01",
			"properties": {
				"activities": [
					{
						"name": "Set Email Subject",
						"type": "SetVariable",
						"dependsOn": [
							{
								"activity": "Set Envionment",
								"dependencyConditions": [
									"Succeeded"
								]
							}
						],
						"userProperties": [],
						"typeProperties": {
							"variableName": "email_subject",
							"value": {
								"value": "@concat('[',variables('environment'),'] - [',pipeline().parameters.Action_Type,'] ',' in pipeline ',pipeline().parameters.Pipeline_Name)",
								"type": "Expression"
							}
						}
					},
					{
						"name": "Set Email Body",
						"type": "SetVariable",
						"dependsOn": [
							{
								"activity": "Set Email Subject",
								"dependencyConditions": [
									"Succeeded"
								]
							}
						],
						"userProperties": [],
						"typeProperties": {
							"variableName": "email_body",
							"value": {
								"value": "@concat('<p><strong>[',variables('environment'),'] - [',pipeline().parameters.Action_Type,']</strong></p>', '<p>Job: ',pipeline().parameters.Pipeline_Name,' for batch date: ',pipeline().parameters.Batch_Date,'</p>','<p>Timestamp:     ',variables('email_time'),'</p>','<p><u>Details:</u></p><p>',pipeline().parameters.Other_Info,'</p>')",
								"type": "Expression"
							}
						}
					},
					{
						"name": "Send Email Notification",
						"type": "WebActivity",
						"dependsOn": [
							{
								"activity": "Set Email Body",
								"dependencyConditions": [
									"Succeeded"
								]
							}
						],
						"policy": {
							"timeout": "7.00:00:00",
							"retry": 0,
							"retryIntervalInSeconds": 30,
							"secureOutput": false,
							"secureInput": false
						},
						"userProperties": [],
						"typeProperties": {
							"url": "https://prod-25.canadacentral.logic.azure.com:443/workflows/de295f3b7b0c4d6c9d8778203f32b761/triggers/manual/paths/invoke?api-version=2016-10-01&sp=%2Ftriggers%2Fmanual%2Frun&sv=1.0&sig=wne6VPfyS5CFMqRSBahGTTnftuHmC9KSukiaZEJ5BOU",
							"method": "POST",
							"body": {
								"value": "@concat('{\"emailTo\": \"',pipeline().globalParameters.Mail_To,'\",\"emailSubject\": \"', variables('email_subject') ,'\",\"emailBody\": \"',variables('email_body'),'\"}')",
								"type": "Expression"
							}
						}
					},
					{
						"name": "Set Email timestamp",
						"type": "SetVariable",
						"dependsOn": [],
						"userProperties": [],
						"typeProperties": {
							"variableName": "email_time",
							"value": {
								"value": "@utcnow()",
								"type": "Expression"
							}
						}
					},
					{
						"name": "Set Envionment",
						"type": "SetVariable",
						"dependsOn": [
							{
								"activity": "Set Email timestamp",
								"dependencyConditions": [
									"Succeeded"
								]
							}
						],
						"userProperties": [],
						"typeProperties": {
							"variableName": "environment",
							"value": {
								"value": "@if(equals(pipeline().DataFactory,'imcnoimdmsadf01'),'DEV',if(equals(pipeline().DataFactory,'imcnoimdmsadf02'),'UAT',if(equals(pipeline().DataFactory,'imcnoimdmsadf03'),'PROD','Unknown')))",
								"type": "Expression"
							}
						}
					}
				],
				"parameters": {
					"Pipeline_Name": {
						"type": "string"
					},
					"Batch_Date": {
						"type": "string"
					},
					"Action_Type": {
						"type": "string"
					},
					"Other_Info": {
						"type": "string"
					}
				},
				"variables": {
					"environment": {
						"type": "String"
					},
					"email_subject": {
						"type": "String"
					},
					"email_body": {
						"type": "String"
					},
					"email_time": {
						"type": "String"
					}
				},
				"folder": {
					"name": "Datawarehouse"
				},
				"annotations": [],
				"lastPublishTime": "2020-12-09T19:33:51Z"
			},
			"dependsOn": [
				"[variables('factoryId')]"
			]
		},
		{
			"name": "[concat(parameters('factoryName'), '/Risk - Stop Current Job')]",
			"type": "Microsoft.DataFactory/factories/pipelines",
			"apiVersion": "2018-06-01",
			"properties": {
				"activities": [
					{
						"name": "Set Cancel ADF JOB REST URL",
						"type": "SetVariable",
						"dependsOn": [
							{
								"activity": "Set Failure timestamp",
								"dependencyConditions": [
									"Succeeded"
								]
							}
						],
						"userProperties": [],
						"typeProperties": {
							"variableName": "cancel_job_url",
							"value": {
								"value": "@concat('https://management.azure.com/subscriptions/',pipeline().globalParameters.Azure_Subscription_Id, '/resourceGroups/',pipeline().globalParameters.Azure_Resource_Group, '/providers/Microsoft.DataFactory/factories/', pipeline().DataFactory,\n'/pipelineruns/',\npipeline().parameters.Pipeline_Job_Run_Id,\n'/cancel?isRecursive={isRecursive}&api-version=2018-06-01')",
								"type": "Expression"
							}
						}
					},
					{
						"name": "Stop the Running Pipeline Job",
						"type": "WebActivity",
						"dependsOn": [
							{
								"activity": "Set Cancel ADF JOB REST URL",
								"dependencyConditions": [
									"Succeeded"
								]
							}
						],
						"policy": {
							"timeout": "7.00:00:00",
							"retry": 0,
							"retryIntervalInSeconds": 30,
							"secureOutput": false,
							"secureInput": false
						},
						"userProperties": [],
						"typeProperties": {
							"url": {
								"value": "@variables('cancel_job_url')",
								"type": "Expression"
							},
							"method": "POST",
							"body": {
								"message": "Cancel the Pipeline"
							},
							"authentication": {
								"type": "MSI",
								"resource": "https://management.azure.com"
							}
						}
					},
					{
						"name": "Set Email Subject",
						"type": "SetVariable",
						"dependsOn": [
							{
								"activity": "Set Failure timestamp",
								"dependencyConditions": [
									"Succeeded"
								]
							}
						],
						"userProperties": [],
						"typeProperties": {
							"variableName": "email_subject",
							"value": {
								"value": "@concat('[',variables('environment'),'] - The task ',pipeline().parameters.Failed_Activity_Name,' in pipeline ',pipeline().parameters.Pipeline_Name,' failed')",
								"type": "Expression"
							}
						}
					},
					{
						"name": "Set Email Body",
						"type": "SetVariable",
						"dependsOn": [
							{
								"activity": "Set Email Subject",
								"dependencyConditions": [
									"Succeeded"
								]
							}
						],
						"userProperties": [],
						"typeProperties": {
							"variableName": "email_body",
							"value": {
								"value": "@concat('<p><strong>Task Failure</strong></p>', '<p>The task ',pipeline().parameters.Failed_Activity_Name, ' in pipeline ',pipeline().parameters.Pipeline_Name,' failed.</p>','<p>Failure timestamp:     ',variables('failed_time'),'</p>','<p><u>Error message</u></p><p>',pipeline().parameters.Failure_Message,'</p>')",
								"type": "Expression"
							}
						}
					},
					{
						"name": "Send Email Notification",
						"type": "WebActivity",
						"dependsOn": [
							{
								"activity": "Set Email Body",
								"dependencyConditions": [
									"Succeeded"
								]
							}
						],
						"policy": {
							"timeout": "7.00:00:00",
							"retry": 0,
							"retryIntervalInSeconds": 30,
							"secureOutput": false,
							"secureInput": false
						},
						"userProperties": [],
						"typeProperties": {
							"url": "https://prod-25.canadacentral.logic.azure.com:443/workflows/de295f3b7b0c4d6c9d8778203f32b761/triggers/manual/paths/invoke?api-version=2016-10-01&sp=%2Ftriggers%2Fmanual%2Frun&sv=1.0&sig=wne6VPfyS5CFMqRSBahGTTnftuHmC9KSukiaZEJ5BOU",
							"method": "POST",
							"body": {
								"value": "@concat('{\"emailTo\": \"',pipeline().globalParameters.Mail_To,'\",\"emailSubject\": \"', variables('email_subject') ,'\",\"emailBody\": \"',variables('email_body'),'\"}')",
								"type": "Expression"
							}
						}
					},
					{
						"name": "Set Failure timestamp",
						"type": "SetVariable",
						"dependsOn": [
							{
								"activity": "Set Envionment",
								"dependencyConditions": [
									"Succeeded"
								]
							}
						],
						"userProperties": [],
						"typeProperties": {
							"variableName": "failed_time",
							"value": {
								"value": "@utcnow()",
								"type": "Expression"
							}
						}
					},
					{
						"name": "Set Envionment",
						"type": "SetVariable",
						"dependsOn": [],
						"userProperties": [],
						"typeProperties": {
							"variableName": "environment",
							"value": {
								"value": "@if(equals(pipeline().DataFactory,'imcnoimdmsadf01'),'DEV',if(equals(pipeline().DataFactory,'imcnoimdmsadf02'),'UAT',if(equals(pipeline().DataFactory,'imcnoimdmsadf03'),'PROD','Unknown')))",
								"type": "Expression"
							}
						}
					}
				],
				"parameters": {
					"Failed_Activity_Name": {
						"type": "string"
					},
					"Failure_Message": {
						"type": "string"
					},
					"Pipeline_Job_Run_Id": {
						"type": "string"
					},
					"Pipeline_Name": {
						"type": "string"
					}
				},
				"variables": {
					"cancel_job_url": {
						"type": "String"
					},
					"email_subject": {
						"type": "String"
					},
					"email_body": {
						"type": "String"
					},
					"failed_time": {
						"type": "String"
					},
					"environment": {
						"type": "String"
					}
				},
				"folder": {
					"name": "Datawarehouse"
				},
				"annotations": [],
				"lastPublishTime": "2020-12-09T19:33:51Z"
			},
			"dependsOn": [
				"[variables('factoryId')]"
			]
		}
	]
}