{
	"$schema": "http://schema.management.azure.com/schemas/2015-01-01/deploymentTemplate.json#",
	"contentVersion": "1.0.0.0",
	"parameters": {
		"factoryName": {
			"type": "string",
			"metadata": "Data Factory name",
			"defaultValue": "imcnoimdmsadf01"
		}
	},
	"variables": {
		"factoryId": "[concat('Microsoft.DataFactory/factories/', parameters('factoryName'))]"
	},
	"resources": [
		{
			"name": "[concat(parameters('factoryName'), '/Risk - DW_Main')]",
			"type": "Microsoft.DataFactory/factories/pipelines",
			"apiVersion": "2018-06-01",
			"properties": {
				"activities": [
					{
						"name": "Reset jobs staging tables",
						"type": "SqlServerStoredProcedure",
						"dependsOn": [],
						"policy": {
							"timeout": "7.00:00:00",
							"retry": 0,
							"retryIntervalInSeconds": 30,
							"secureOutput": false,
							"secureInput": false
						},
						"userProperties": [],
						"typeProperties": {
							"storedProcedureName": "[[DataWarehouse_DVRAW].[Delete_Job_Run_Source]",
							"storedProcedureParameters": {
								"Source_System": {
									"value": {
										"value": "@pipeline().parameters.Source_System",
										"type": "Expression"
									},
									"type": "String"
								}
							}
						},
						"linkedServiceName": {
							"referenceName": "AzureSynapseDW",
							"type": "LinkedServiceReference"
						}
					},
					{
						"name": "Lookup Dates",
						"type": "Lookup",
						"dependsOn": [
							{
								"activity": "If BatchDate Provided from Parameter",
								"dependencyConditions": [
									"Succeeded"
								]
							}
						],
						"policy": {
							"timeout": "7.00:00:00",
							"retry": 0,
							"retryIntervalInSeconds": 30,
							"secureOutput": false,
							"secureInput": false
						},
						"userProperties": [],
						"typeProperties": {
							"source": {
								"type": "SqlDWSource",
								"sqlReaderQuery": {
									"value": "@concat('SELECT [Job_ID]\n      ,[Load_DTS]\n      ,replace(convert(varchar, [Batch_Date],102),''.'',''-'') as [Batch_Date]\n      ,[Job_Status]\n  FROM [DataWarehouse_Staging].[Job_Run]\n  where [Job_Status] = ''Not Started''\n  and [Job_Run] = ''', pipeline().parameters.Source_System, ''' Order by Batch_Date asc')",
									"type": "Expression"
								},
								"queryTimeout": "02:00:00",
								"partitionOption": "None"
							},
							"dataset": {
								"referenceName": "Azure_DW",
								"type": "DatasetReference",
								"parameters": {
									"schema": "[[DataWarehouse_Staging]",
									"table": "[[Job_Run]"
								}
							},
							"firstRowOnly": false
						}
					},
					{
						"name": "ForEach - Date Execute ETL",
						"type": "ForEach",
						"dependsOn": [
							{
								"activity": "Lookup Dates",
								"dependencyConditions": [
									"Succeeded"
								]
							}
						],
						"userProperties": [],
						"typeProperties": {
							"items": {
								"value": "@activity('Lookup Dates').output.value",
								"type": "Expression"
							},
							"isSequential": true,
							"activities": [
								{
									"name": "Create Job Run Process",
									"type": "SqlServerStoredProcedure",
									"dependsOn": [
										{
											"activity": "truncate staging",
											"dependencyConditions": [
												"Succeeded"
											]
										}
									],
									"policy": {
										"timeout": "7.00:00:00",
										"retry": 0,
										"retryIntervalInSeconds": 30,
										"secureOutput": false,
										"secureInput": false
									},
									"userProperties": [],
									"typeProperties": {
										"storedProcedureName": "[[DataWarehouse_DVRAW].[Create_Job_Run_Process]",
										"storedProcedureParameters": {
											"Job_ID": {
												"value": {
													"value": "@item().Job_ID",
													"type": "Expression"
												},
												"type": "Int32"
											},
											"Source_System": {
												"value": {
													"value": "@pipeline().parameters.Source_System",
													"type": "Expression"
												},
												"type": "String"
											}
										}
									},
									"linkedServiceName": {
										"referenceName": "AzureSynapseDW",
										"type": "LinkedServiceReference"
									}
								},
								{
									"name": "truncate staging",
									"type": "SqlServerStoredProcedure",
									"dependsOn": [],
									"policy": {
										"timeout": "7.00:00:00",
										"retry": 0,
										"retryIntervalInSeconds": 30,
										"secureOutput": false,
										"secureInput": false
									},
									"userProperties": [],
									"typeProperties": {
										"storedProcedureName": "[[DataWarehouse_DVRAW].[Truncate_Staging]",
										"storedProcedureParameters": {
											"SourceSystem": {
												"value": {
													"value": "@pipeline().parameters.Source_System",
													"type": "Expression"
												},
												"type": "String"
											}
										}
									},
									"linkedServiceName": {
										"referenceName": "AzureSynapseDW",
										"type": "LinkedServiceReference"
									}
								},
								{
									"name": "SP DF forloop",
									"type": "ExecutePipeline",
									"dependsOn": [
										{
											"activity": "Risk - DW Create Raw Temp Storage",
											"dependencyConditions": [
												"Succeeded"
											]
										}
									],
									"userProperties": [],
									"typeProperties": {
										"pipeline": {
											"referenceName": "Risk - DW_Call SP ADF",
											"type": "PipelineReference"
										},
										"waitOnCompletion": true,
										"parameters": {
											"Batch_DTS": {
												"value": "@item().Load_DTS",
												"type": "Expression"
											},
											"Job_ID": {
												"value": "@item().Job_ID",
												"type": "Expression"
											},
											"Parent_Run_ID": {
												"value": "@pipeline().RunId",
												"type": "Expression"
											},
											"Source_System": {
												"value": "@pipeline().parameters.Source_System",
												"type": "Expression"
											}
										}
									}
								},
								{
									"name": "Update Job Status",
									"type": "SqlServerStoredProcedure",
									"dependsOn": [
										{
											"activity": "Create Job Run Process",
											"dependencyConditions": [
												"Succeeded"
											]
										}
									],
									"policy": {
										"timeout": "7.00:00:00",
										"retry": 0,
										"retryIntervalInSeconds": 30,
										"secureOutput": false,
										"secureInput": false
									},
									"userProperties": [],
									"typeProperties": {
										"storedProcedureName": "[[DataWarehouse_DVRAW].[Update_Job_Status]",
										"storedProcedureParameters": {
											"Job_ID": {
												"value": {
													"value": "@item().Job_ID",
													"type": "Expression"
												},
												"type": "Int32"
											},
											"Job_Status": {
												"value": "In Progress",
												"type": "String"
											}
										}
									},
									"linkedServiceName": {
										"referenceName": "AzureSynapseDW",
										"type": "LinkedServiceReference"
									}
								},
								{
									"name": "Risk - DW_Call SP Bus Vault",
									"type": "ExecutePipeline",
									"dependsOn": [
										{
											"activity": "Risk - Check_Duplicate",
											"dependencyConditions": [
												"Succeeded"
											]
										}
									],
									"userProperties": [],
									"typeProperties": {
										"pipeline": {
											"referenceName": "Risk - DW_Call SP Bus Vault",
											"type": "PipelineReference"
										},
										"waitOnCompletion": true,
										"parameters": {
											"Parent_Run_ID": {
												"value": "@pipeline().RunId",
												"type": "Expression"
											},
											"Job_ID": {
												"value": "@item().Job_ID",
												"type": "Expression"
											},
											"Source_System": {
												"value": "@pipeline().parameters.Source_System",
												"type": "Expression"
											}
										}
									}
								},
								{
									"name": "Risk - Check_Duplicate",
									"type": "ExecutePipeline",
									"dependsOn": [
										{
											"activity": "Drop temp tables",
											"dependencyConditions": [
												"Succeeded"
											]
										}
									],
									"userProperties": [],
									"typeProperties": {
										"pipeline": {
											"referenceName": "Risk - Check_Duplicate",
											"type": "PipelineReference"
										},
										"waitOnCompletion": true,
										"parameters": {
											"LoadDTS": {
												"value": "@item().Load_DTS",
												"type": "Expression"
											},
											"Parent_Run_ID": {
												"value": "@pipeline().RunId",
												"type": "Expression"
											},
											"Job_ID": {
												"value": "@item().Job_ID",
												"type": "Expression"
											},
											"Source_System": {
												"value": "@pipeline().parameters.Source_System",
												"type": "Expression"
											}
										}
									}
								},
								{
									"name": "Update Job to Completed",
									"type": "SqlServerStoredProcedure",
									"dependsOn": [
										{
											"activity": "Risk - DW_Call SP Bus Vault",
											"dependencyConditions": [
												"Succeeded"
											]
										}
									],
									"policy": {
										"timeout": "7.00:00:00",
										"retry": 0,
										"retryIntervalInSeconds": 30,
										"secureOutput": false,
										"secureInput": false
									},
									"userProperties": [],
									"typeProperties": {
										"storedProcedureName": "[[DataWarehouse_DVRAW].[Update_Job_Status]",
										"storedProcedureParameters": {
											"Job_ID": {
												"value": {
													"value": "@item().Job_ID",
													"type": "Expression"
												},
												"type": "Int32"
											},
											"Job_Status": {
												"value": "Success",
												"type": "String"
											}
										}
									},
									"linkedServiceName": {
										"referenceName": "AzureSynapseDW",
										"type": "LinkedServiceReference"
									}
								},
								{
									"name": "Risk - DW Create Raw Temp Storage",
									"type": "ExecutePipeline",
									"dependsOn": [
										{
											"activity": "Check if Source system is Eagle",
											"dependencyConditions": [
												"Succeeded"
											]
										}
									],
									"userProperties": [],
									"typeProperties": {
										"pipeline": {
											"referenceName": "Risk - DW Create Raw Temp Storage",
											"type": "PipelineReference"
										},
										"waitOnCompletion": true,
										"parameters": {
											"Job_ID": {
												"value": "@item().Job_ID",
												"type": "Expression"
											},
											"Parent_Run_ID": {
												"value": "@pipeline().RunId",
												"type": "Expression"
											},
											"Source_System": {
												"value": "@pipeline().parameters.Source_System",
												"type": "Expression"
											}
										}
									}
								},
								{
									"name": "Drop temp tables",
									"type": "SqlServerStoredProcedure",
									"dependsOn": [
										{
											"activity": "SP DF forloop",
											"dependencyConditions": [
												"Succeeded"
											]
										}
									],
									"policy": {
										"timeout": "7.00:00:00",
										"retry": 0,
										"retryIntervalInSeconds": 30,
										"secureOutput": false,
										"secureInput": false
									},
									"userProperties": [],
									"typeProperties": {
										"storedProcedureName": {
											"value": "DataWarehouse_Staging.Cleanup_Instantiated_Views",
											"type": "Expression"
										},
										"storedProcedureParameters": {
											"Source_System": {
												"value": {
													"value": "@pipeline().parameters.Source_System",
													"type": "Expression"
												},
												"type": "String"
											}
										}
									},
									"linkedServiceName": {
										"referenceName": "AzureSynapseDW",
										"type": "LinkedServiceReference"
									}
								},
								{
									"name": "Check if Source system is Eagle",
									"type": "IfCondition",
									"dependsOn": [
										{
											"activity": "Update Job Status",
											"dependencyConditions": [
												"Succeeded"
											]
										}
									],
									"userProperties": [],
									"typeProperties": {
										"expression": {
											"value": "@equals(toUpper(pipeline().parameters.Source_System),'EAGLE')",
											"type": "Expression"
										},
										"ifFalseActivities": [
											{
												"name": "Risk -  DW Copy Risk DB to Staging - ADLS",
												"type": "ExecutePipeline",
												"dependsOn": [],
												"userProperties": [],
												"typeProperties": {
													"pipeline": {
														"referenceName": "Risk - DW Copy Risk DB to Stage - ADLS staging",
														"type": "PipelineReference"
													},
													"waitOnCompletion": true,
													"parameters": {
														"SQLServer_DatabaseName": {
															"value": "@pipeline().parameters.SQLServer_Database",
															"type": "Expression"
														},
														"Batch_Date": {
															"value": "@item().Batch_Date",
															"type": "Expression"
														},
														"Parent_Run_ID": {
															"value": "@pipeline().RunId",
															"type": "Expression"
														},
														"Job_ID": {
															"value": "@item().Job_ID",
															"type": "Expression"
														},
														"Source_System": {
															"value": "@pipeline().parameters.Source_System",
															"type": "Expression"
														}
													}
												}
											}
										],
										"ifTrueActivities": [
											{
												"name": "Load Eagle Staging",
												"type": "ExecutePipeline",
												"dependsOn": [],
												"userProperties": [],
												"typeProperties": {
													"pipeline": {
														"referenceName": "Risk - DW Copy Eagle DB to Stage - ADLS staging",
														"type": "PipelineReference"
													},
													"waitOnCompletion": true,
													"parameters": {
														"Batch_Date": {
															"value": "@item().Batch_Date",
															"type": "Expression"
														},
														"Parent_Run_ID": {
															"value": "@pipeline().RunId",
															"type": "Expression"
														},
														"Job_ID": {
															"value": "@item().Job_ID",
															"type": "Expression"
														},
														"InitialStartDate": {
															"value": "@pipeline().globalParameters.Eagle_Initial_Load_Start_Date",
															"type": "Expression"
														},
														"LoadType": {
															"value": "@pipeline().parameters.Load_Type",
															"type": "Expression"
														}
													}
												}
											}
										]
									}
								}
							]
						}
					},
					{
						"name": "If BatchDate Provided from Parameter",
						"type": "IfCondition",
						"dependsOn": [
							{
								"activity": "Reset jobs staging tables",
								"dependencyConditions": [
									"Succeeded"
								]
							}
						],
						"userProperties": [],
						"typeProperties": {
							"expression": {
								"value": "@not(equals(coalesce(pipeline().parameters.Batch_Date,'1900-01-01'),'1900-01-01'))",
								"type": "Expression"
							},
							"ifFalseActivities": [
								{
									"name": "Check Running Source System",
									"type": "Switch",
									"dependsOn": [],
									"userProperties": [],
									"typeProperties": {
										"on": {
											"value": "@pipeline().parameters.Source_System",
											"type": "Expression"
										},
										"cases": [
											{
												"value": "BarraOne",
												"activities": [
													{
														"name": "Get Source Job Run BarraOne",
														"type": "Copy",
														"dependsOn": [],
														"policy": {
															"timeout": "7.00:00:00",
															"retry": 0,
															"retryIntervalInSeconds": 30,
															"secureOutput": false,
															"secureInput": false
														},
														"userProperties": [],
														"typeProperties": {
															"source": {
																"type": "SqlServerSource",
																"sqlReaderQuery": "SELECT max([Date]) load_dts \n\t ,convert(date,date,23) batch_date \n     \n      FROM [DBOperations].[dbo].[Log]\n  where Logger='Risk ETL' and Level='INFO' and CharIndex('Completed',Message) > 0\n  group by convert(date,date,23)\n  order by convert(date,date,23) asc;\n",
																"queryTimeout": "02:00:00",
																"partitionOption": "None"
															},
															"sink": {
																"type": "SqlDWSink",
																"disableMetricsCollection": false
															},
															"enableStaging": false,
															"parallelCopies": 1,
															"translator": {
																"type": "TabularTranslator",
																"mappings": [
																	{
																		"source": {
																			"name": "load_dts",
																			"type": "DateTime"
																		},
																		"sink": {
																			"name": "Load_DTS",
																			"type": "DateTime"
																		}
																	},
																	{
																		"source": {
																			"name": "batch_date",
																			"type": "DateTime"
																		},
																		"sink": {
																			"name": "Batch_Date",
																			"type": "DateTime"
																		}
																	}
																]
															}
														},
														"inputs": [
															{
																"referenceName": "SQL_Staging",
																"type": "DatasetReference",
																"parameters": {
																	"DatabaseName": {
																		"value": "@pipeline().parameters.SQLServer_Database",
																		"type": "Expression"
																	}
																}
															}
														],
														"outputs": [
															{
																"referenceName": "Azure_DW",
																"type": "DatasetReference",
																"parameters": {
																	"schema": "DataWarehouse_Staging",
																	"table": "Job_Run_Source"
																}
															}
														]
													},
													{
														"name": "Create Job Run BarraOne Dates",
														"type": "SqlServerStoredProcedure",
														"dependsOn": [
															{
																"activity": "Get Source Job Run BarraOne",
																"dependencyConditions": [
																	"Succeeded"
																]
															}
														],
														"policy": {
															"timeout": "7.00:00:00",
															"retry": 0,
															"retryIntervalInSeconds": 30,
															"secureOutput": false,
															"secureInput": false
														},
														"userProperties": [],
														"typeProperties": {
															"storedProcedureName": "[[DataWarehouse_DVRAW].[Create_Job_Run_Dates]",
															"storedProcedureParameters": {
																"Source_System": {
																	"value": {
																		"value": "@pipeline().parameters.Source_System",
																		"type": "Expression"
																	},
																	"type": "String"
																}
															}
														},
														"linkedServiceName": {
															"referenceName": "AzureSynapseDW",
															"type": "LinkedServiceReference"
														}
													}
												]
											},
											{
												"value": "Eagle",
												"activities": [
													{
														"name": "Get Today date string Eagle",
														"type": "Lookup",
														"dependsOn": [],
														"policy": {
															"timeout": "7.00:00:00",
															"retry": 0,
															"retryIntervalInSeconds": 30,
															"secureOutput": false,
															"secureInput": false
														},
														"userProperties": [],
														"typeProperties": {
															"source": {
																"type": "SqlDWSource",
																"sqlReaderQuery": "\t  Select replace(convert(varchar, getdate(),  102),'.','-') as Batch_Date",
																"queryTimeout": "02:00:00",
																"partitionOption": "None"
															},
															"dataset": {
																"referenceName": "Azure_DW",
																"type": "DatasetReference",
																"parameters": {
																	"schema": "DataWarehouse_Staging",
																	"table": "Job_Run"
																}
															}
														}
													},
													{
														"name": "Create Job Run Eagle Dates",
														"type": "SqlServerStoredProcedure",
														"dependsOn": [
															{
																"activity": "Get Today date string Eagle",
																"dependencyConditions": [
																	"Succeeded"
																]
															}
														],
														"policy": {
															"timeout": "7.00:00:00",
															"retry": 0,
															"retryIntervalInSeconds": 30,
															"secureOutput": false,
															"secureInput": false
														},
														"userProperties": [],
														"typeProperties": {
															"storedProcedureName": "[[DataWarehouse_DVRAW].[Create_Job_Run_Dates]",
															"storedProcedureParameters": {
																"Source_System": {
																	"value": {
																		"value": "@pipeline().parameters.Source_System",
																		"type": "Expression"
																	},
																	"type": "String"
																}
															}
														},
														"linkedServiceName": {
															"referenceName": "AzureSynapseDW",
															"type": "LinkedServiceReference"
														}
													}
												]
											}
										],
										"defaultActivities": [
											{
												"name": "Create Job Run Single Date Other Source",
												"type": "SqlServerStoredProcedure",
												"dependsOn": [
													{
														"activity": "Get Today date string Other Source",
														"dependencyConditions": [
															"Succeeded"
														]
													}
												],
												"policy": {
													"timeout": "7.00:00:00",
													"retry": 0,
													"retryIntervalInSeconds": 30,
													"secureOutput": false,
													"secureInput": false
												},
												"userProperties": [],
												"typeProperties": {
													"storedProcedureName": "[[DataWarehouse_DVRAW].[Create_Job_Run_SingleDate]",
													"storedProcedureParameters": {
														"BatchDate": {
															"value": {
																"value": "@activity('Get Today date string Other Source').output.firstRow.Batch_Date",
																"type": "Expression"
															},
															"type": "DateTime"
														},
														"SourceSystem": {
															"value": {
																"value": "@pipeline().parameters.Source_System",
																"type": "Expression"
															},
															"type": "String"
														}
													}
												},
												"linkedServiceName": {
													"referenceName": "AzureSynapseDW",
													"type": "LinkedServiceReference"
												}
											},
											{
												"name": "Get Today date string Other Source",
												"type": "Lookup",
												"dependsOn": [],
												"policy": {
													"timeout": "7.00:00:00",
													"retry": 0,
													"retryIntervalInSeconds": 30,
													"secureOutput": false,
													"secureInput": false
												},
												"userProperties": [],
												"typeProperties": {
													"source": {
														"type": "SqlDWSource",
														"sqlReaderQuery": "\t  Select replace(convert(varchar, getdate(),  102),'.','-') as Batch_Date",
														"queryTimeout": "02:00:00",
														"partitionOption": "None"
													},
													"dataset": {
														"referenceName": "Azure_DW",
														"type": "DatasetReference",
														"parameters": {
															"schema": "DataWarehouse_Staging",
															"table": "Job_Run"
														}
													}
												}
											}
										]
									}
								}
							],
							"ifTrueActivities": [
								{
									"name": "Create Job Run Single Date",
									"type": "SqlServerStoredProcedure",
									"dependsOn": [],
									"policy": {
										"timeout": "7.00:00:00",
										"retry": 0,
										"retryIntervalInSeconds": 30,
										"secureOutput": false,
										"secureInput": false
									},
									"userProperties": [],
									"typeProperties": {
										"storedProcedureName": "[[DataWarehouse_DVRAW].[Create_Job_Run_SingleDate]",
										"storedProcedureParameters": {
											"BatchDate": {
												"value": {
													"value": "@pipeline().parameters.Batch_Date",
													"type": "Expression"
												},
												"type": "DateTime"
											},
											"SourceSystem": {
												"value": {
													"value": "@pipeline().parameters.Source_System",
													"type": "Expression"
												},
												"type": "String"
											}
										}
									},
									"linkedServiceName": {
										"referenceName": "AzureSynapseDW",
										"type": "LinkedServiceReference"
									}
								}
							]
						}
					},
					{
						"name": "Send Sucess Email Notification",
						"type": "ExecutePipeline",
						"dependsOn": [
							{
								"activity": "Check if SSAS refresh to run",
								"dependencyConditions": [
									"Succeeded"
								]
							}
						],
						"userProperties": [],
						"typeProperties": {
							"pipeline": {
								"referenceName": "Risk - Send Email Notification",
								"type": "PipelineReference"
							},
							"waitOnCompletion": true,
							"parameters": {
								"Email_Subject_Addition": {
									"value": "@concat(' for source system ',pipeline().parameters.Source_System)",
									"type": "Expression"
								},
								"Process_Name": "IDP_ADF_Risk",
								"Email_Body_Addition": {
									"value": "@concat('<p>SQLServer Database: ',pipeline().parameters.SQLServer_Database,'</p>','<p>Source System: ',pipeline().parameters.Source_System,'</p>','<p>Batch Date: ',pipeline().parameters.Batch_Date,'</p>',if(equals(pipeline().parameters.Source_System,'Eagle'),concat('<p>Load Type: ',pipeline().parameters.Load_Type,'</p>'),''))",
									"type": "Expression"
								},
								"Success_Failure_Flag": "S"
							}
						}
					},
					{
						"name": "Check if SSAS refresh to run",
						"type": "IfCondition",
						"dependsOn": [
							{
								"activity": "ForEach - Date Execute ETL",
								"dependencyConditions": [
									"Succeeded"
								]
							}
						],
						"userProperties": [],
						"typeProperties": {
							"expression": {
								"value": "@contains(toUpper(pipeline().globalParameters.Source_System_to_Refresh_SSAS), toUpper(pipeline().parameters.Source_System))",
								"type": "Expression"
							},
							"ifTrueActivities": [
								{
									"name": "Risk - DW_Refresh_SSAS",
									"type": "ExecutePipeline",
									"dependsOn": [],
									"userProperties": [],
									"typeProperties": {
										"pipeline": {
											"referenceName": "Risk - DW_Refresh_SSAS",
											"type": "PipelineReference"
										},
										"waitOnCompletion": true,
										"parameters": {
											"Parent_Run_ID": {
												"value": "@pipeline().RunId",
												"type": "Expression"
											}
										}
									}
								}
							]
						}
					}
				],
				"parameters": {
					"SQLServer_Database": {
						"type": "string",
						"defaultValue": "Risk"
					},
					"Batch_Date": {
						"type": "string"
					},
					"Source_System": {
						"type": "string",
						"defaultValue": "BarraOne"
					},
					"Load_Type": {
						"type": "string",
						"defaultValue": "DELTA"
					}
				},
				"variables": {
					"ProcessCompleted": {
						"type": "Boolean"
					}
				},
				"folder": {
					"name": "Datawarehouse"
				},
				"annotations": [],
				"lastPublishTime": "2020-12-09T19:33:51Z"
			},
			"dependsOn": [
				"[variables('factoryId')]"
			]
		}
	]
}