{
	"$schema": "http://schema.management.azure.com/schemas/2015-01-01/deploymentTemplate.json#",
	"contentVersion": "1.0.0.0",
	"parameters": {
		"factoryName": {
			"type": "string",
			"metadata": "Data Factory name",
			"defaultValue": "imcnoimdmsadf01"
		}
	},
	"variables": {
		"factoryId": "[concat('Microsoft.DataFactory/factories/', parameters('factoryName'))]"
	},
	"resources": [
		{
			"name": "[concat(parameters('factoryName'), '/Risk - Stop Current Job')]",
			"type": "Microsoft.DataFactory/factories/pipelines",
			"apiVersion": "2018-06-01",
			"properties": {
				"activities": [
					{
						"name": "Set Cancel ADF JOB REST URL",
						"type": "SetVariable",
						"dependsOn": [
							{
								"activity": "Set Failure timestamp",
								"dependencyConditions": [
									"Succeeded"
								]
							}
						],
						"userProperties": [],
						"typeProperties": {
							"variableName": "cancel_job_url",
							"value": {
								"value": "@concat('https://management.azure.com/subscriptions/',pipeline().globalParameters.Azure_Subscription_Id, '/resourceGroups/',pipeline().globalParameters.Azure_Resource_Group, '/providers/Microsoft.DataFactory/factories/', pipeline().DataFactory,\n'/pipelineruns/',\npipeline().parameters.Pipeline_Job_Run_Id,\n'/cancel?isRecursive={isRecursive}&api-version=2018-06-01')",
								"type": "Expression"
							}
						}
					},
					{
						"name": "Stop the Running Pipeline Job",
						"type": "WebActivity",
						"dependsOn": [
							{
								"activity": "Set Cancel ADF JOB REST URL",
								"dependencyConditions": [
									"Succeeded"
								]
							}
						],
						"policy": {
							"timeout": "7.00:00:00",
							"retry": 0,
							"retryIntervalInSeconds": 30,
							"secureOutput": false,
							"secureInput": false
						},
						"userProperties": [],
						"typeProperties": {
							"url": {
								"value": "@variables('cancel_job_url')",
								"type": "Expression"
							},
							"method": "POST",
							"body": {
								"message": "Cancel the Pipeline"
							},
							"authentication": {
								"type": "MSI",
								"resource": "https://management.azure.com"
							}
						}
					},
					{
						"name": "Set Email Subject",
						"type": "SetVariable",
						"dependsOn": [
							{
								"activity": "Set Failure timestamp",
								"dependencyConditions": [
									"Succeeded"
								]
							}
						],
						"userProperties": [],
						"typeProperties": {
							"variableName": "email_subject",
							"value": {
								"value": "@concat('[',variables('environment'),'] - The task ',pipeline().parameters.Failed_Activity_Name,' in pipeline ',pipeline().parameters.Pipeline_Name,' failed')",
								"type": "Expression"
							}
						}
					},
					{
						"name": "Set Email Body",
						"type": "SetVariable",
						"dependsOn": [
							{
								"activity": "Set Email Subject",
								"dependencyConditions": [
									"Succeeded"
								]
							}
						],
						"userProperties": [],
						"typeProperties": {
							"variableName": "email_body",
							"value": {
								"value": "@concat('<p><strong>Task Failure</strong></p>', '<p>The task ',pipeline().parameters.Failed_Activity_Name, ' in pipeline ',pipeline().parameters.Pipeline_Name,' failed.</p>','<p>Failure timestamp:     ',variables('failed_time'),'</p>','<p><u>Error message</u></p><p>',replace(pipeline().parameters.Failure_Message,'\"',''''),'</p>')",
								"type": "Expression"
							}
						}
					},
					{
						"name": "Set Failure timestamp",
						"type": "SetVariable",
						"dependsOn": [
							{
								"activity": "Set Envionment",
								"dependencyConditions": [
									"Succeeded"
								]
							}
						],
						"userProperties": [],
						"typeProperties": {
							"variableName": "failed_time",
							"value": {
								"value": "@utcnow()",
								"type": "Expression"
							}
						}
					},
					{
						"name": "Set Envionment",
						"type": "SetVariable",
						"dependsOn": [],
						"userProperties": [],
						"typeProperties": {
							"variableName": "environment",
							"value": {
								"value": "@if(equals(pipeline().DataFactory,'imcnoimdmsadf01'),'DEV',if(equals(pipeline().DataFactory,'imcnoimdmsadf02'),'UAT',if(equals(pipeline().DataFactory,'imcnoimdmsadf03'),'PROD','Unknown')))",
								"type": "Expression"
							}
						}
					},
					{
						"name": "Send Email through SendGrid",
						"type": "WebActivity",
						"dependsOn": [
							{
								"activity": "Set Email Body",
								"dependencyConditions": [
									"Succeeded"
								]
							}
						],
						"policy": {
							"timeout": "7.00:00:00",
							"retry": 0,
							"retryIntervalInSeconds": 30,
							"secureOutput": false,
							"secureInput": false
						},
						"userProperties": [],
						"typeProperties": {
							"url": {
								"value": "@concat(pipeline().globalParameters.Azure_FunctionApp_URL,'/api/SendEmail?code=',pipeline().globalParameters.Azure_Function_SendEmail_Key)",
								"type": "Expression"
							},
							"method": "POST",
							"body": {
								"value": "@concat('{\"emailTo\": \"',pipeline().globalParameters.Mail_To,'\",\"emailSubject\": \"', variables('email_subject') ,'\",\"emailBody\": \"',variables('email_body'),'\"}')",
								"type": "Expression"
							},
							"authentication": {
								"type": "MSI",
								"resource": "https://imcnoimdmsfun02.azurewebsites.net"
							}
						}
					}
				],
				"parameters": {
					"Failed_Activity_Name": {
						"type": "string"
					},
					"Failure_Message": {
						"type": "string"
					},
					"Pipeline_Job_Run_Id": {
						"type": "string"
					},
					"Pipeline_Name": {
						"type": "string"
					}
				},
				"variables": {
					"cancel_job_url": {
						"type": "String"
					},
					"email_subject": {
						"type": "String"
					},
					"email_body": {
						"type": "String"
					},
					"failed_time": {
						"type": "String"
					},
					"environment": {
						"type": "String"
					}
				},
				"folder": {
					"name": "Datawarehouse"
				},
				"annotations": [],
				"lastPublishTime": "2020-12-09T19:33:51Z"
			},
			"dependsOn": [
				"[variables('factoryId')]"
			]
		}
	]
}