{
	"$schema": "http://schema.management.azure.com/schemas/2015-01-01/deploymentTemplate.json#",
	"contentVersion": "1.0.0.0",
	"parameters": {
		"factoryName": {
			"type": "string",
			"metadata": "Data Factory name",
			"defaultValue": "imcnoimdmsadf01"
		}
	},
	"variables": {
		"factoryId": "[concat('Microsoft.DataFactory/factories/', parameters('factoryName'))]"
	},
	"resources": [
		{
			"name": "[concat(parameters('factoryName'), '/EDW Load - Main')]",
			"type": "Microsoft.DataFactory/factories/pipelines",
			"apiVersion": "2018-06-01",
			"properties": {
				"activities": [
					{
						"name": "Start New Load",
						"type": "SqlServerStoredProcedure",
						"dependsOn": [
							{
								"activity": "Fail previous load for source system",
								"dependencyConditions": [
									"Succeeded"
								]
							}
						],
						"policy": {
							"timeout": "7.00:00:00",
							"retry": 0,
							"retryIntervalInSeconds": 30,
							"secureOutput": false,
							"secureInput": false
						},
						"userProperties": [],
						"typeProperties": {
							"storedProcedureName": "[[EDW_ETL].[Start_New_Load]",
							"storedProcedureParameters": {
								"Batch_Date": {
									"value": {
										"value": "@pipeline().parameters.Batch_Date",
										"type": "Expression"
									},
									"type": "DateTime"
								},
								"Source_System": {
									"value": {
										"value": "@pipeline().parameters.Source_System",
										"type": "Expression"
									},
									"type": "String"
								},
								"Load_Type": {
									"value": {
										"value": "@pipeline().parameters.Load_Type",
										"type": "Expression"
									},
									"type": "String"
								}
							}
						},
						"linkedServiceName": {
							"referenceName": "AzureSynapseDW",
							"type": "LinkedServiceReference"
						}
					},
					{
						"name": "Get Current Load Dates",
						"type": "Lookup",
						"dependsOn": [
							{
								"activity": "Start New Load",
								"dependencyConditions": [
									"Succeeded"
								]
							}
						],
						"policy": {
							"timeout": "7.00:00:00",
							"retry": 0,
							"retryIntervalInSeconds": 30,
							"secureOutput": false,
							"secureInput": false
						},
						"userProperties": [],
						"typeProperties": {
							"source": {
								"type": "SqlDWSource",
								"sqlReaderQuery": {
									"value": "@concat('SELECT ETL_Load_Key,\n      replace(convert(varchar, [Batch_Date],102),''.'',''-'') as [Batch_Date]\n  FROM [EDW_ETL].ETL_Load\n  where [Load_Status] = ''Started''\n  and [Source_System] = ''', pipeline().parameters.Source_System, ''' Order by Batch_Date asc')",
									"type": "Expression"
								},
								"queryTimeout": "02:00:00",
								"partitionOption": "None"
							},
							"dataset": {
								"referenceName": "Azure_DW",
								"type": "DatasetReference",
								"parameters": {
									"schema": "EDW_ETL",
									"table": "ETL_Load"
								}
							},
							"firstRowOnly": false
						}
					},
					{
						"name": "For Each Load",
						"type": "ForEach",
						"dependsOn": [
							{
								"activity": "Get Current Load Dates",
								"dependencyConditions": [
									"Succeeded"
								]
							}
						],
						"userProperties": [],
						"typeProperties": {
							"items": {
								"value": "@activity('Get Current Load Dates').output.value",
								"type": "Expression"
							},
							"batchCount": 3,
							"activities": [
								{
									"name": "Run pipeline for business file load",
									"type": "IfCondition",
									"dependsOn": [],
									"userProperties": [],
									"typeProperties": {
										"expression": {
											"value": "@equals(pipeline().parameters.Source_System, 'ManualOverride')",
											"type": "Expression"
										},
										"ifTrueActivities": [
											{
												"name": "Load buinsess file",
												"type": "ExecutePipeline",
												"dependsOn": [],
												"userProperties": [],
												"typeProperties": {
													"pipeline": {
														"referenceName": "EDW Load - Load Business Files",
														"type": "PipelineReference"
													},
													"waitOnCompletion": true,
													"parameters": {
														"Source_System": {
															"value": "@pipeline().parameters.Source_System",
															"type": "Expression"
														},
														"ETL_Load_Key": {
															"value": "@item().ETL_Load_Key",
															"type": "Expression"
														}
													}
												}
											}
										]
									}
								},
								{
									"name": "Set Load Success",
									"type": "SqlServerStoredProcedure",
									"dependsOn": [
										{
											"activity": "Check if SSAS refresh to run",
											"dependencyConditions": [
												"Succeeded"
											]
										}
									],
									"policy": {
										"timeout": "7.00:00:00",
										"retry": 0,
										"retryIntervalInSeconds": 30,
										"secureOutput": false,
										"secureInput": false
									},
									"userProperties": [],
									"typeProperties": {
										"storedProcedureName": "[[EDW_ETL].[Update_ETL_Load_Status]",
										"storedProcedureParameters": {
											"ETL_Load_Key": {
												"value": {
													"value": "@item().ETL_Load_Key",
													"type": "Expression"
												},
												"type": "Int32"
											},
											"Status": {
												"value": {
													"value": "Completed",
													"type": "Expression"
												},
												"type": "String"
											}
										}
									},
									"linkedServiceName": {
										"referenceName": "AzureSynapseDW",
										"type": "LinkedServiceReference"
									}
								},
								{
									"name": "Run pipeline for Publish Data",
									"type": "IfCondition",
									"dependsOn": [
										{
											"activity": "Run pipeline for business file load",
											"dependencyConditions": [
												"Succeeded"
											]
										}
									],
									"userProperties": [],
									"typeProperties": {
										"expression": {
											"value": "@equals(pipeline().parameters.Source_System, 'Publish')",
											"type": "Expression"
										},
										"ifTrueActivities": [
											{
												"name": "Create Publish Version",
												"type": "ExecutePipeline",
												"dependsOn": [],
												"userProperties": [],
												"typeProperties": {
													"pipeline": {
														"referenceName": "EDW Load - Create Published Version",
														"type": "PipelineReference"
													},
													"waitOnCompletion": true,
													"parameters": {
														"Publish_Type": {
															"value": "@pipeline().parameters.Load_Type",
															"type": "Expression"
														},
														"Report_Publish_Date": {
															"value": "@pipeline().parameters.Batch_Date",
															"type": "Expression"
														},
														"ETL_Load_Key": {
															"value": "@item().ETL_Load_Key",
															"type": "Expression"
														}
													}
												}
											}
										]
									}
								},
								{
									"name": "Check if SSAS refresh to run",
									"type": "IfCondition",
									"dependsOn": [
										{
											"activity": "Get SSAS refresh source system list",
											"dependencyConditions": [
												"Succeeded"
											]
										}
									],
									"userProperties": [],
									"typeProperties": {
										"expression": {
											"value": "@contains(toUpper(activity('Get SSAS refresh source system list').output.firstRow.Source_System_List), concat(',',toUpper(pipeline().parameters.Source_System),','))",
											"type": "Expression"
										},
										"ifTrueActivities": [
											{
												"name": "Risk - DW_Refresh_SSAS",
												"type": "ExecutePipeline",
												"dependsOn": [],
												"userProperties": [],
												"typeProperties": {
													"pipeline": {
														"referenceName": "Risk - DW_Refresh_SSAS",
														"type": "PipelineReference"
													},
													"waitOnCompletion": true,
													"parameters": {
														"Parent_Run_ID": {
															"value": "@pipeline().RunId",
															"type": "Expression"
														},
														"Job_ID": "1",
														"Source_System": {
															"value": "@pipeline().parameters.Source_System",
															"type": "Expression"
														}
													}
												}
											}
										]
									}
								},
								{
									"name": "Get SSAS refresh source system list",
									"type": "Lookup",
									"dependsOn": [
										{
											"activity": "Run pipeline for Publish Data",
											"dependencyConditions": [
												"Succeeded"
											]
										}
									],
									"policy": {
										"timeout": "7.00:00:00",
										"retry": 0,
										"retryIntervalInSeconds": 30,
										"secureOutput": false,
										"secureInput": false
									},
									"userProperties": [],
									"typeProperties": {
										"source": {
											"type": "SqlDWSource",
											"sqlReaderQuery": "  Select ',' + String_Agg(Source_System, ',') + ','  Source_System_List\n  From [DataWarehouse_DVMart].[Ref_SSAS_Table_Refresh]",
											"queryTimeout": "02:00:00",
											"partitionOption": "None"
										},
										"dataset": {
											"referenceName": "Azure_DW",
											"type": "DatasetReference",
											"parameters": {
												"schema": "DataWarehouse_DVMart",
												"table": "Ref_SSAS_Table_Refresh"
											}
										}
									}
								}
							]
						}
					},
					{
						"name": "Fail previous load for source system",
						"type": "SqlServerStoredProcedure",
						"dependsOn": [],
						"policy": {
							"timeout": "7.00:00:00",
							"retry": 0,
							"retryIntervalInSeconds": 30,
							"secureOutput": false,
							"secureInput": false
						},
						"userProperties": [],
						"typeProperties": {
							"storedProcedureName": "[[EDW_ETL].[Set_ETL_Load_Fail]",
							"storedProcedureParameters": {
								"Source_System": {
									"value": {
										"value": "@pipeline().parameters.Source_System",
										"type": "Expression"
									},
									"type": "String"
								}
							}
						},
						"linkedServiceName": {
							"referenceName": "AzureSynapseDW",
							"type": "LinkedServiceReference"
						}
					}
				],
				"parameters": {
					"Source_System": {
						"type": "string",
						"defaultValue": "ManualOverride"
					},
					"Load_Type": {
						"type": "string",
						"defaultValue": "DETLTA"
					},
					"Batch_Date": {
						"type": "string"
					}
				},
				"variables": {
					"table_Name": {
						"type": "String"
					}
				},
				"folder": {
					"name": "Datawarehouse"
				},
				"annotations": []
			},
			"dependsOn": [
				"[variables('factoryId')]"
			]
		}
	]
}