{
	"$schema": "http://schema.management.azure.com/schemas/2015-01-01/deploymentTemplate.json#",
	"contentVersion": "1.0.0.0",
	"parameters": {
		"factoryName": {
			"type": "string",
			"metadata": "Data Factory name",
			"defaultValue": "imcnoimdmsadf01"
		}
	},
	"variables": {
		"factoryId": "[concat('Microsoft.DataFactory/factories/', parameters('factoryName'))]"
	},
	"resources": [
		{
			"name": "[concat(parameters('factoryName'), '/AzureDatabricks1')]",
			"type": "Microsoft.DataFactory/factories/linkedServices",
			"apiVersion": "2018-06-01",
			"properties": {
				"description": "Linked service which runs notebook in existing cluster",
				"annotations": [],
				"type": "AzureDatabricks",
				"typeProperties": {
					"domain": "https://canadacentral.azuredatabricks.net",
					"accessToken": {
						"type": "AzureKeyVaultSecret",
						"store": {
							"referenceName": "AzureKeyVault1",
							"type": "LinkedServiceReference"
						},
						"secretName": "databricks-token"
					},
					"existingClusterId": "1206-185631-pats783"
				}
			},
			"dependsOn": []
		},
		{
			"name": "[concat(parameters('factoryName'), '/SFTP_Morgan_Stanley')]",
			"type": "Microsoft.DataFactory/factories/linkedServices",
			"apiVersion": "2018-06-01",
			"properties": {
				"annotations": [],
				"type": "Sftp",
				"typeProperties": {
					"host": "sftp-wl.morganstanley.com",
					"port": 22,
					"skipHostKeyValidation": true,
					"authenticationType": "Basic",
					"userName": "nielhofo",
					"password": {
						"type": "AzureKeyVaultSecret",
						"store": {
							"referenceName": "AzureKeyVault1",
							"type": "LinkedServiceReference"
						},
						"secretName": "SFTPMorganStanley"
					}
				},
				"connectVia": {
					"referenceName": "adf-linkedruntime",
					"type": "IntegrationRuntimeReference"
				}
			},
			"dependsOn": []
		},
		{
			"name": "[concat(parameters('factoryName'), '/Sftp1')]",
			"type": "Microsoft.DataFactory/factories/linkedServices",
			"apiVersion": "2018-06-01",
			"properties": {
				"annotations": [],
				"type": "Sftp",
				"typeProperties": {
					"host": "10.168.116.7",
					"port": "2222",
					"skipHostKeyValidation": true,
					"authenticationType": "Basic",
					"userName": "sftpuser1",
					"password": {
						"type": "SecureString",
						"value": "**********"
					}
				},
				"connectVia": {
					"referenceName": "OnPremTestIRJP",
					"type": "IntegrationRuntimeReference"
				}
			},
			"dependsOn": []
		}
	]
}