{
	"$schema": "http://schema.management.azure.com/schemas/2015-01-01/deploymentTemplate.json#",
	"contentVersion": "1.0.0.0",
	"parameters": {
		"factoryName": {
			"type": "string",
			"metadata": "Data Factory name",
			"defaultValue": "imcnoimdmsadf01"
		}
	},
	"variables": {
		"factoryId": "[concat('Microsoft.DataFactory/factories/', parameters('factoryName'))]"
	},
	"resources": [
		{
			"name": "[concat(parameters('factoryName'), '/Risk - DW Copy Risk DB to Stage - ADLS staging')]",
			"type": "Microsoft.DataFactory/factories/pipelines",
			"apiVersion": "2018-06-01",
			"properties": {
				"activities": [
					{
						"name": "Get Staging meta data",
						"type": "Lookup",
						"dependsOn": [],
						"policy": {
							"timeout": "7.00:00:00",
							"retry": 0,
							"retryIntervalInSeconds": 30,
							"secureOutput": false,
							"secureInput": false
						},
						"userProperties": [],
						"typeProperties": {
							"source": {
								"type": "SqlDWSource",
								"sqlReaderStoredProcedureName": "[[DataWarehouse_DVRAW].[Create_Risk_Stage_Setup]",
								"queryTimeout": "02:00:00",
								"partitionOption": "None"
							},
							"dataset": {
								"referenceName": "Azure_DW",
								"type": "DatasetReference",
								"parameters": {
									"schema": "[[DataWarehouse_Staging]",
									"table": "Job_Run"
								}
							},
							"firstRowOnly": false
						}
					},
					{
						"name": "ForEach1",
						"type": "ForEach",
						"dependsOn": [
							{
								"activity": "Get Staging meta data",
								"dependencyConditions": [
									"Succeeded"
								]
							}
						],
						"userProperties": [],
						"typeProperties": {
							"items": {
								"value": "@activity('Get Staging meta data').output.value",
								"type": "Expression"
							},
							"isSequential": false,
							"batchCount": 3,
							"activities": [
								{
									"name": "Copy Staging",
									"type": "Copy",
									"dependsOn": [],
									"policy": {
										"timeout": "7.00:00:00",
										"retry": 0,
										"retryIntervalInSeconds": 30,
										"secureOutput": false,
										"secureInput": false
									},
									"userProperties": [],
									"typeProperties": {
										"source": {
											"type": "SqlServerSource",
											"sqlReaderStoredProcedureName": {
												"value": "@concat('DW_Out.',item().Source_SP_Name)",
												"type": "Expression"
											},
											"storedProcedureParameters": {
												"BatchDate": {
													"type": "DateTime",
													"value": {
														"value": "@pipeline().parameters.Batch_Date",
														"type": "Expression"
													}
												}
											},
											"queryTimeout": "02:00:00",
											"partitionOption": "None"
										},
										"sink": {
											"type": "SqlDWSink",
											"allowPolyBase": true,
											"polyBaseSettings": {
												"rejectValue": 0,
												"rejectType": "value",
												"useTypeDefault": false
											},
											"disableMetricsCollection": false
										},
										"enableStaging": true,
										"stagingSettings": {
											"linkedServiceName": {
												"referenceName": "LS_Polybase_Staging",
												"type": "LinkedServiceReference"
											},
											"path": {
												"value": "@concat(pipeline().globalParameters.Env,'/staging/Risk/Polybase_Auto')",
												"type": "Expression"
											},
											"enableCompression": false
										},
										"parallelCopies": 5
									},
									"inputs": [
										{
											"referenceName": "Risk_Staging",
											"type": "DatasetReference",
											"parameters": {
												"DatabaseName": {
													"value": "@pipeline().parameters.SQLServer_DatabaseName",
													"type": "Expression"
												}
											}
										}
									],
									"outputs": [
										{
											"referenceName": "Azure_DW",
											"type": "DatasetReference",
											"parameters": {
												"schema": {
													"value": "@item().target_schema",
													"type": "Expression"
												},
												"table": {
													"value": "@item().target_table",
													"type": "Expression"
												}
											}
										}
									]
								},
								{
									"name": "Stop running job",
									"type": "ExecutePipeline",
									"dependsOn": [
										{
											"activity": "Update Job Status Failed",
											"dependencyConditions": [
												"Succeeded"
											]
										}
									],
									"userProperties": [],
									"typeProperties": {
										"pipeline": {
											"referenceName": "Risk - Stop Current Job",
											"type": "PipelineReference"
										},
										"waitOnCompletion": true,
										"parameters": {
											"Failed_Activity_Name": {
												"value": "Copy Staging",
												"type": "Expression"
											},
											"Failure_Message": {
												"value": "@activity('Copy Staging').Error.Message",
												"type": "Expression"
											},
											"Pipeline_Job_Run_Id": {
												"value": "@pipeline().parameters.Parent_Run_ID",
												"type": "Expression"
											},
											"Pipeline_Name": {
												"value": "@pipeline().Pipeline",
												"type": "Expression"
											}
										}
									}
								},
								{
									"name": "Update Job Status Failed",
									"type": "SqlServerStoredProcedure",
									"dependsOn": [
										{
											"activity": "Copy Staging",
											"dependencyConditions": [
												"Failed"
											]
										}
									],
									"policy": {
										"timeout": "7.00:00:00",
										"retry": 0,
										"retryIntervalInSeconds": 30,
										"secureOutput": false,
										"secureInput": false
									},
									"userProperties": [],
									"typeProperties": {
										"storedProcedureName": "[[DataWarehouse_DVRAW].[Update_Job_Status]",
										"storedProcedureParameters": {
											"Job_ID": {
												"value": {
													"value": "@pipeline().parameters.Job_ID",
													"type": "Expression"
												},
												"type": "Int32"
											},
											"Job_Status": {
												"value": "Failed",
												"type": "String"
											}
										}
									},
									"linkedServiceName": {
										"referenceName": "AzureSynapseDW",
										"type": "LinkedServiceReference"
									}
								}
							]
						}
					}
				],
				"parameters": {
					"SQLServer_DatabaseName": {
						"type": "string"
					},
					"Batch_Date": {
						"type": "string"
					},
					"Parent_Run_ID": {
						"type": "string"
					},
					"Job_ID": {
						"type": "string"
					}
				},
				"variables": {
					"cancel_job_url": {
						"type": "String"
					},
					"email_subject": {
						"type": "String"
					},
					"email_body": {
						"type": "String"
					}
				},
				"folder": {
					"name": "Datawarehouse"
				},
				"annotations": [],
				"lastPublishTime": "2020-12-09T15:19:14Z"
			},
			"dependsOn": [
				"[variables('factoryId')]",
				"[concat(variables('factoryId'), '/linkedServices/LS_Polybase_Staging')]"
			]
		},
		{
			"name": "[concat(parameters('factoryName'), '/Risk - DW_Main')]",
			"type": "Microsoft.DataFactory/factories/pipelines",
			"apiVersion": "2018-06-01",
			"properties": {
				"activities": [
					{
						"name": "truncate  Job stage table",
						"type": "SqlServerStoredProcedure",
						"dependsOn": [],
						"policy": {
							"timeout": "7.00:00:00",
							"retry": 0,
							"retryIntervalInSeconds": 30,
							"secureOutput": false,
							"secureInput": false
						},
						"userProperties": [],
						"typeProperties": {
							"storedProcedureName": "[[DataWarehouse_DVRAW].[Truncate_Job_Run_Source]"
						},
						"linkedServiceName": {
							"referenceName": "AzureSynapseDW",
							"type": "LinkedServiceReference"
						}
					},
					{
						"name": "Lookup Dates",
						"type": "Lookup",
						"dependsOn": [
							{
								"activity": "BatchDate Check",
								"dependencyConditions": [
									"Succeeded"
								]
							}
						],
						"policy": {
							"timeout": "7.00:00:00",
							"retry": 0,
							"retryIntervalInSeconds": 30,
							"secureOutput": false,
							"secureInput": false
						},
						"userProperties": [],
						"typeProperties": {
							"source": {
								"type": "SqlDWSource",
								"sqlReaderQuery": "SELECT [Job_ID]\n      ,[Load_DTS]\n      ,[Batch_Date]\n      ,[Job_Status]\n  FROM [DataWarehouse_Staging].[Job_Run]\n  where [Job_Status] = 'Not Started'\nOrder by Batch_Date asc",
								"queryTimeout": "02:00:00",
								"partitionOption": "None"
							},
							"dataset": {
								"referenceName": "Azure_DW",
								"type": "DatasetReference",
								"parameters": {
									"schema": "[[DataWarehouse_Staging]",
									"table": "[[Job_Run]"
								}
							},
							"firstRowOnly": false
						}
					},
					{
						"name": "ForEach - Date Execute ETL",
						"type": "ForEach",
						"dependsOn": [
							{
								"activity": "Lookup Dates",
								"dependencyConditions": [
									"Succeeded"
								]
							}
						],
						"userProperties": [],
						"typeProperties": {
							"items": {
								"value": "@activity('Lookup Dates').output.value",
								"type": "Expression"
							},
							"isSequential": true,
							"activities": [
								{
									"name": "Create Job Run Process",
									"type": "SqlServerStoredProcedure",
									"dependsOn": [
										{
											"activity": "truncate staging",
											"dependencyConditions": [
												"Succeeded"
											]
										}
									],
									"policy": {
										"timeout": "7.00:00:00",
										"retry": 0,
										"retryIntervalInSeconds": 30,
										"secureOutput": false,
										"secureInput": false
									},
									"userProperties": [],
									"typeProperties": {
										"storedProcedureName": "[[DataWarehouse_DVRAW].[Create_Job_Run_Process]",
										"storedProcedureParameters": {
											"Job_ID": {
												"value": {
													"value": "@item().Job_ID",
													"type": "Expression"
												},
												"type": "Int32"
											}
										}
									},
									"linkedServiceName": {
										"referenceName": "AzureSynapseDW",
										"type": "LinkedServiceReference"
									}
								},
								{
									"name": "truncate staging",
									"type": "SqlServerStoredProcedure",
									"dependsOn": [],
									"policy": {
										"timeout": "7.00:00:00",
										"retry": 0,
										"retryIntervalInSeconds": 30,
										"secureOutput": false,
										"secureInput": false
									},
									"userProperties": [],
									"typeProperties": {
										"storedProcedureName": "[[DataWarehouse_DVRAW].[Truncate_BarraOne]"
									},
									"linkedServiceName": {
										"referenceName": "AzureSynapseDW",
										"type": "LinkedServiceReference"
									}
								},
								{
									"name": "SP DF forloop",
									"type": "ExecutePipeline",
									"dependsOn": [
										{
											"activity": "Risk -  DW Copy Risk DB to Staging - ADLS",
											"dependencyConditions": [
												"Succeeded"
											]
										}
									],
									"userProperties": [],
									"typeProperties": {
										"pipeline": {
											"referenceName": "Risk - DW_Call SP ADF",
											"type": "PipelineReference"
										},
										"waitOnCompletion": true,
										"parameters": {
											"Batch_DTS": {
												"value": "@item().Load_DTS",
												"type": "Expression"
											},
											"Job_ID": {
												"value": "@item().Job_ID",
												"type": "Expression"
											},
											"Parent_Run_ID": {
												"value": "@pipeline().RunId",
												"type": "Expression"
											}
										}
									}
								},
								{
									"name": "Update Job Status",
									"type": "SqlServerStoredProcedure",
									"dependsOn": [
										{
											"activity": "Create Job Run Process",
											"dependencyConditions": [
												"Succeeded"
											]
										}
									],
									"policy": {
										"timeout": "7.00:00:00",
										"retry": 0,
										"retryIntervalInSeconds": 30,
										"secureOutput": false,
										"secureInput": false
									},
									"userProperties": [],
									"typeProperties": {
										"storedProcedureName": "[[DataWarehouse_DVRAW].[Update_Job_Status]",
										"storedProcedureParameters": {
											"Job_ID": {
												"value": {
													"value": "@item().Job_ID",
													"type": "Expression"
												},
												"type": "Int32"
											},
											"Job_Status": {
												"value": "In Progress",
												"type": "String"
											}
										}
									},
									"linkedServiceName": {
										"referenceName": "AzureSynapseDW",
										"type": "LinkedServiceReference"
									}
								},
								{
									"name": "Risk - DW_Call SP Bus Vault",
									"type": "ExecutePipeline",
									"dependsOn": [
										{
											"activity": "Risk - Check_Duplicate",
											"dependencyConditions": [
												"Succeeded"
											]
										}
									],
									"userProperties": [],
									"typeProperties": {
										"pipeline": {
											"referenceName": "Risk - DW_Call SP Bus Vault",
											"type": "PipelineReference"
										},
										"waitOnCompletion": true,
										"parameters": {
											"Parent_Run_ID": {
												"value": "@pipeline().RunId",
												"type": "Expression"
											},
											"Job_ID": {
												"value": "@item().Job_ID",
												"type": "Expression"
											}
										}
									}
								},
								{
									"name": "Risk - Check_Duplicate",
									"type": "ExecutePipeline",
									"dependsOn": [
										{
											"activity": "SP DF forloop",
											"dependencyConditions": [
												"Succeeded"
											]
										}
									],
									"userProperties": [],
									"typeProperties": {
										"pipeline": {
											"referenceName": "Risk - Check_Duplicate",
											"type": "PipelineReference"
										},
										"waitOnCompletion": true,
										"parameters": {
											"LoadDTS": {
												"value": "@item().Load_DTS",
												"type": "Expression"
											},
											"Parent_Run_ID": {
												"value": "@pipeline().RunId",
												"type": "Expression"
											},
											"Job_ID": {
												"value": "@item().Job_ID",
												"type": "Expression"
											}
										}
									}
								},
								{
									"name": "Update Job to Completed",
									"type": "SqlServerStoredProcedure",
									"dependsOn": [
										{
											"activity": "Risk - DW_Call SP Bus Vault",
											"dependencyConditions": [
												"Succeeded"
											]
										}
									],
									"policy": {
										"timeout": "7.00:00:00",
										"retry": 0,
										"retryIntervalInSeconds": 30,
										"secureOutput": false,
										"secureInput": false
									},
									"userProperties": [],
									"typeProperties": {
										"storedProcedureName": "[[DataWarehouse_DVRAW].[Update_Job_Status]",
										"storedProcedureParameters": {
											"Job_ID": {
												"value": {
													"value": "@item().Job_ID",
													"type": "Expression"
												},
												"type": "Int32"
											},
											"Job_Status": {
												"value": "Success",
												"type": "String"
											}
										}
									},
									"linkedServiceName": {
										"referenceName": "AzureSynapseDW",
										"type": "LinkedServiceReference"
									}
								},
								{
									"name": "Risk -  DW Copy Risk DB to Staging - ADLS",
									"type": "ExecutePipeline",
									"dependsOn": [
										{
											"activity": "Update Job Status",
											"dependencyConditions": [
												"Succeeded"
											]
										}
									],
									"userProperties": [],
									"typeProperties": {
										"pipeline": {
											"referenceName": "Risk - DW Copy Risk DB to Stage - ADLS staging",
											"type": "PipelineReference"
										},
										"waitOnCompletion": true,
										"parameters": {
											"SQLServer_DatabaseName": {
												"value": "@pipeline().parameters.SQLServer_Risk_Database",
												"type": "Expression"
											},
											"Batch_Date": {
												"value": "@item().Batch_Date",
												"type": "Expression"
											},
											"Parent_Run_ID": {
												"value": "@pipeline().RunId",
												"type": "Expression"
											},
											"Job_ID": {
												"value": "@item().Job_ID",
												"type": "Expression"
											}
										}
									}
								},
								{
									"name": "Risk -  DW Copy Risk Staging - Polybase",
									"type": "ExecutePipeline",
									"dependsOn": [
										{
											"activity": "Update Job Status",
											"dependencyConditions": [
												"Skipped"
											]
										}
									],
									"userProperties": [],
									"typeProperties": {
										"pipeline": {
											"referenceName": "Risk -  DW Copy Risk Staging - Polybase",
											"type": "PipelineReference"
										},
										"waitOnCompletion": true,
										"parameters": {
											"SQLServer_DatabaseName": {
												"value": "@pipeline().parameters.SQLServer_Risk_Database",
												"type": "Expression"
											},
											"Batch_Date": {
												"value": "@item().Batch_Date",
												"type": "Expression"
											},
											"Parent_Run_ID": {
												"value": "@pipeline().RunId",
												"type": "Expression"
											},
											"Job_ID": {
												"value": "@item().Job_ID",
												"type": "Expression"
											}
										}
									}
								}
							]
						}
					},
					{
						"name": "Risk - DW_Refresh_SSAS",
						"type": "ExecutePipeline",
						"dependsOn": [
							{
								"activity": "ForEach - Date Execute ETL",
								"dependencyConditions": [
									"Succeeded"
								]
							}
						],
						"userProperties": [],
						"typeProperties": {
							"pipeline": {
								"referenceName": "Risk - DW_Refresh_SSAS",
								"type": "PipelineReference"
							},
							"waitOnCompletion": true,
							"parameters": {
								"Parent_Run_ID": {
									"value": "@pipeline().RunId",
									"type": "Expression"
								}
							}
						}
					},
					{
						"name": "BatchDate Check",
						"type": "IfCondition",
						"dependsOn": [
							{
								"activity": "truncate  Job stage table",
								"dependencyConditions": [
									"Succeeded"
								]
							}
						],
						"userProperties": [],
						"typeProperties": {
							"expression": {
								"value": "@equals(coalesce(pipeline().parameters.Batch_Date,''),'')",
								"type": "Expression"
							},
							"ifFalseActivities": [
								{
									"name": "Create Job Run Single Date",
									"type": "SqlServerStoredProcedure",
									"dependsOn": [],
									"policy": {
										"timeout": "7.00:00:00",
										"retry": 0,
										"retryIntervalInSeconds": 30,
										"secureOutput": false,
										"secureInput": false
									},
									"userProperties": [],
									"typeProperties": {
										"storedProcedureName": "[[DataWarehouse_DVRAW].[Create_Job_Run_SingleDate]",
										"storedProcedureParameters": {
											"BatchDate": {
												"value": {
													"value": "@pipeline().parameters.Batch_Date",
													"type": "Expression"
												},
												"type": "DateTime"
											}
										}
									},
									"linkedServiceName": {
										"referenceName": "AzureSynapseDW",
										"type": "LinkedServiceReference"
									}
								}
							],
							"ifTrueActivities": [
								{
									"name": "Get Source Job Run",
									"type": "Copy",
									"dependsOn": [],
									"policy": {
										"timeout": "7.00:00:00",
										"retry": 0,
										"retryIntervalInSeconds": 30,
										"secureOutput": false,
										"secureInput": false
									},
									"userProperties": [],
									"typeProperties": {
										"source": {
											"type": "SqlServerSource",
											"sqlReaderQuery": "SELECT max([Date]) load_dts \n\t ,convert(date,date,23) batch_date \n     \n      FROM [DBOperations].[dbo].[Log]\n  where Logger='Risk ETL' and Level='INFO' and CharIndex('Completed',Message) > 0\n  group by convert(date,date,23)\n  order by convert(date,date,23) asc;\n",
											"queryTimeout": "02:00:00",
											"partitionOption": "None"
										},
										"sink": {
											"type": "SqlDWSink",
											"disableMetricsCollection": false
										},
										"enableStaging": false,
										"parallelCopies": 1,
										"translator": {
											"type": "TabularTranslator",
											"mappings": [
												{
													"source": {
														"name": "load_dts",
														"type": "DateTime"
													},
													"sink": {
														"name": "Load_DTS",
														"type": "DateTime"
													}
												},
												{
													"source": {
														"name": "batch_date",
														"type": "DateTime"
													},
													"sink": {
														"name": "Batch_Date",
														"type": "DateTime"
													}
												}
											]
										}
									},
									"inputs": [
										{
											"referenceName": "Risk_Staging",
											"type": "DatasetReference",
											"parameters": {
												"DatabaseName": {
													"value": "@pipeline().parameters.SQLServer_Risk_Database",
													"type": "Expression"
												}
											}
										}
									],
									"outputs": [
										{
											"referenceName": "Azure_DW",
											"type": "DatasetReference",
											"parameters": {
												"schema": "DataWarehouse_Staging",
												"table": "Job_Run_Source"
											}
										}
									]
								},
								{
									"name": "Create Job Run",
									"type": "SqlServerStoredProcedure",
									"dependsOn": [
										{
											"activity": "Get Source Job Run",
											"dependencyConditions": [
												"Succeeded"
											]
										}
									],
									"policy": {
										"timeout": "7.00:00:00",
										"retry": 0,
										"retryIntervalInSeconds": 30,
										"secureOutput": false,
										"secureInput": false
									},
									"userProperties": [],
									"typeProperties": {
										"storedProcedureName": "[[DataWarehouse_DVRAW].[Create_Job_Run_Dates]"
									},
									"linkedServiceName": {
										"referenceName": "AzureSynapseDW",
										"type": "LinkedServiceReference"
									}
								}
							]
						}
					}
				],
				"parameters": {
					"SQLServer_Risk_Database": {
						"type": "string",
						"defaultValue": "Risk"
					},
					"Batch_Date": {
						"type": "string"
					}
				},
				"variables": {
					"ProcessCompleted": {
						"type": "Boolean"
					}
				},
				"folder": {
					"name": "Datawarehouse"
				},
				"annotations": [],
				"lastPublishTime": "2020-12-09T19:33:51Z"
			},
			"dependsOn": [
				"[variables('factoryId')]",
				"[concat(variables('factoryId'), '/pipelines/Risk - DW Copy Risk DB to Stage - ADLS staging')]"
			]
		},
		{
			"name": "[concat(parameters('factoryName'), '/LS_Polybase_Staging')]",
			"type": "Microsoft.DataFactory/factories/linkedServices",
			"apiVersion": "2018-06-01",
			"properties": {
				"annotations": [],
				"type": "AzureBlobStorage",
				"typeProperties": {
					"serviceEndpoint": "https://imcnoimdaiald01.blob.core.windows.net",
					"accountKind": "StorageV2"
				}
			},
			"dependsOn": [
				"[variables('factoryId')]"
			]
		}
	]
}