{
	"$schema": "http://schema.management.azure.com/schemas/2015-01-01/deploymentTemplate.json#",
	"contentVersion": "1.0.0.0",
	"parameters": {
		"factoryName": {
			"type": "string",
			"metadata": "Data Factory name",
			"defaultValue": "imcnoimdmsadf01"
		}
	},
	"variables": {
		"factoryId": "[concat('Microsoft.DataFactory/factories/', parameters('factoryName'))]"
	},
	"resources": [
		{
			"name": "[concat(parameters('factoryName'), '/POC_PurView_Copy')]",
			"type": "Microsoft.DataFactory/factories/pipelines",
			"apiVersion": "2018-06-01",
			"properties": {
				"activities": [
					{
						"name": "Copy Barra Allocation Selection",
						"type": "Copy",
						"dependsOn": [],
						"policy": {
							"timeout": "7.00:00:00",
							"retry": 0,
							"retryIntervalInSeconds": 30,
							"secureOutput": false,
							"secureInput": false
						},
						"userProperties": [],
						"typeProperties": {
							"source": {
								"type": "DelimitedTextSource",
								"storeSettings": {
									"type": "AzureBlobFSReadSettings",
									"recursive": true,
									"enablePartitionDiscovery": false
								},
								"formatSettings": {
									"type": "DelimitedTextReadSettings"
								}
							},
							"sink": {
								"type": "SqlDWSink"
							},
							"enableStaging": false,
							"translator": {
								"type": "TabularTranslator",
								"mappings": [
									{
										"source": {
											"name": "BatchID",
											"type": "String",
											"physicalType": "String"
										},
										"sink": {
											"name": "BatchID",
											"type": "Int32",
											"physicalType": "int"
										}
									},
									{
										"source": {
											"name": "Batch_Date",
											"type": "String",
											"physicalType": "String"
										},
										"sink": {
											"name": "Batch_Date",
											"type": "DateTime",
											"physicalType": "date"
										}
									},
									{
										"source": {
											"name": "begin_batch",
											"type": "String",
											"physicalType": "String"
										},
										"sink": {
											"name": "begin_batch",
											"type": "DateTime",
											"physicalType": "datetime2"
										}
									},
									{
										"source": {
											"name": "Portfolio",
											"type": "String",
											"physicalType": "String"
										},
										"sink": {
											"name": "Portfolio",
											"type": "String",
											"physicalType": "varchar"
										}
									},
									{
										"source": {
											"name": "Port_Type",
											"type": "String",
											"physicalType": "String"
										},
										"sink": {
											"name": "Port_Type",
											"type": "String",
											"physicalType": "char"
										}
									},
									{
										"source": {
											"name": "Benchmark",
											"type": "String",
											"physicalType": "String"
										},
										"sink": {
											"name": "Benchmark",
											"type": "String",
											"physicalType": "varchar"
										}
									},
									{
										"source": {
											"name": "Model",
											"type": "String",
											"physicalType": "String"
										},
										"sink": {
											"name": "Model",
											"type": "String",
											"physicalType": "varchar"
										}
									},
									{
										"source": {
											"name": "Reported",
											"type": "String",
											"physicalType": "String"
										},
										"sink": {
											"name": "Reported",
											"type": "DateTime",
											"physicalType": "datetime"
										}
									},
									{
										"source": {
											"name": "Client",
											"type": "String",
											"physicalType": "String"
										},
										"sink": {
											"name": "Client",
											"type": "String",
											"physicalType": "varchar"
										}
									},
									{
										"source": {
											"name": "Report",
											"type": "String",
											"physicalType": "String"
										},
										"sink": {
											"name": "Report",
											"type": "String",
											"physicalType": "varchar"
										}
									},
									{
										"source": {
											"name": "Analysis_Date",
											"type": "String",
											"physicalType": "String"
										},
										"sink": {
											"name": "Analysis_Date",
											"type": "DateTime",
											"physicalType": "date"
										}
									},
									{
										"source": {
											"name": "Covariance_Date",
											"type": "String",
											"physicalType": "String"
										},
										"sink": {
											"name": "Covariance_Date",
											"type": "DateTime",
											"physicalType": "date"
										}
									},
									{
										"source": {
											"name": "Strategy",
											"type": "String",
											"physicalType": "String"
										},
										"sink": {
											"name": "Strategy",
											"type": "String",
											"physicalType": "varchar"
										}
									},
									{
										"source": {
											"name": "Allocation_Relative_Sector_Vol",
											"type": "String",
											"physicalType": "String"
										},
										"sink": {
											"name": "Allocation_Relative_Sector_Vol",
											"type": "Decimal",
											"physicalType": "decimal",
											"scale": 10,
											"precision": 38
										}
									},
									{
										"source": {
											"name": "Allocation_Relative_Sector_VaR_Pct",
											"type": "String",
											"physicalType": "String"
										},
										"sink": {
											"name": "Allocation_Relative_Sector_VaR_Pct",
											"type": "Decimal",
											"physicalType": "decimal",
											"scale": 10,
											"precision": 38
										}
									},
									{
										"source": {
											"name": "Allocation_Relative_Sector_Correlation",
											"type": "String",
											"physicalType": "String"
										},
										"sink": {
											"name": "Allocation_Relative_Sector_Correlation",
											"type": "Decimal",
											"physicalType": "decimal",
											"scale": 10,
											"precision": 38
										}
									},
									{
										"source": {
											"name": "Allocation_MCAR",
											"type": "String",
											"physicalType": "String"
										},
										"sink": {
											"name": "Allocation_MCAR",
											"type": "Decimal",
											"physicalType": "decimal",
											"scale": 10,
											"precision": 38
										}
									},
									{
										"source": {
											"name": "Allocation_Risk_Contr",
											"type": "String",
											"physicalType": "String"
										},
										"sink": {
											"name": "Allocation_Risk_Contr",
											"type": "Decimal",
											"physicalType": "decimal",
											"scale": 10,
											"precision": 38
										}
									},
									{
										"source": {
											"name": "Selection_Active_Sector_Vol",
											"type": "String",
											"physicalType": "String"
										},
										"sink": {
											"name": "Selection_Active_Sector_Vol",
											"type": "Decimal",
											"physicalType": "decimal",
											"scale": 10,
											"precision": 38
										}
									},
									{
										"source": {
											"name": "Selection_Active_Sector_VaR_Pct",
											"type": "String",
											"physicalType": "String"
										},
										"sink": {
											"name": "Selection_Active_Sector_VaR_Pct",
											"type": "Decimal",
											"physicalType": "decimal",
											"scale": 10,
											"precision": 38
										}
									},
									{
										"source": {
											"name": "Selection_MCAR",
											"type": "String",
											"physicalType": "String"
										},
										"sink": {
											"name": "Selection_MCAR",
											"type": "Decimal",
											"physicalType": "decimal",
											"scale": 10,
											"precision": 38
										}
									},
									{
										"source": {
											"name": "Selection_Active_Sector_Correlation",
											"type": "String",
											"physicalType": "String"
										},
										"sink": {
											"name": "Selection_Active_Sector_Correlation",
											"type": "Decimal",
											"physicalType": "decimal",
											"scale": 10,
											"precision": 38
										}
									},
									{
										"source": {
											"name": "Selection_Risk_Contr",
											"type": "String",
											"physicalType": "String"
										},
										"sink": {
											"name": "Selection_Risk_Contr",
											"type": "Decimal",
											"physicalType": "decimal",
											"scale": 10,
											"precision": 38
										}
									},
									{
										"source": {
											"name": "Active_Risk",
											"type": "String",
											"physicalType": "String"
										},
										"sink": {
											"name": "Active_Risk",
											"type": "Decimal",
											"physicalType": "decimal",
											"scale": 10,
											"precision": 38
										}
									},
									{
										"source": {
											"name": "Active_Variance",
											"type": "String",
											"physicalType": "String"
										},
										"sink": {
											"name": "Active_Variance",
											"type": "Decimal",
											"physicalType": "decimal",
											"scale": 10,
											"precision": 38
										}
									},
									{
										"source": {
											"name": "Active_Risk_MC",
											"type": "String",
											"physicalType": "String"
										},
										"sink": {
											"name": "Active_Risk_MC",
											"type": "Decimal",
											"physicalType": "decimal",
											"scale": 10,
											"precision": 38
										}
									},
									{
										"source": {
											"name": "Active_Risk_Contr_Pct",
											"type": "String",
											"physicalType": "String"
										},
										"sink": {
											"name": "Active_Risk_Contr_Pct",
											"type": "Decimal",
											"physicalType": "decimal",
											"scale": 10,
											"precision": 38
										}
									},
									{
										"source": {
											"name": "Effective_Weight",
											"type": "String",
											"physicalType": "String"
										},
										"sink": {
											"name": "Effective_Weight",
											"type": "Decimal",
											"physicalType": "decimal",
											"scale": 10,
											"precision": 38
										}
									},
									{
										"source": {
											"name": "Effective_BM_Weight",
											"type": "String",
											"physicalType": "String"
										},
										"sink": {
											"name": "Effective_BM_Weight",
											"type": "Decimal",
											"physicalType": "decimal",
											"scale": 10,
											"precision": 38
										}
									},
									{
										"source": {
											"name": "Effective_Active_Weight",
											"type": "String",
											"physicalType": "String"
										},
										"sink": {
											"name": "Effective_Active_Weight",
											"type": "Decimal",
											"physicalType": "decimal",
											"scale": 10,
											"precision": 38
										}
									},
									{
										"source": {
											"name": "Weight",
											"type": "String",
											"physicalType": "String"
										},
										"sink": {
											"name": "Weight",
											"type": "Decimal",
											"physicalType": "decimal",
											"scale": 10,
											"precision": 38
										}
									},
									{
										"source": {
											"name": "BM_Weight",
											"type": "String",
											"physicalType": "String"
										},
										"sink": {
											"name": "BM_Weight",
											"type": "Decimal",
											"physicalType": "decimal",
											"scale": 10,
											"precision": 38
										}
									},
									{
										"source": {
											"name": "Active_Weight",
											"type": "String",
											"physicalType": "String"
										},
										"sink": {
											"name": "Active_Weight",
											"type": "Decimal",
											"physicalType": "decimal",
											"scale": 10,
											"precision": 38
										}
									},
									{
										"source": {
											"name": "Active_Risk_Contr",
											"type": "String",
											"physicalType": "String"
										},
										"sink": {
											"name": "Active_Risk_Contr",
											"type": "Decimal",
											"physicalType": "decimal",
											"scale": 10,
											"precision": 38
										}
									},
									{
										"source": {
											"name": "Allocation_Relative_Sector_Volatility_ex_Currency",
											"type": "String",
											"physicalType": "String"
										},
										"sink": {
											"name": "Allocation_Relative_Sector_Volatility_ex_Currency",
											"type": "Decimal",
											"physicalType": "decimal",
											"scale": 10,
											"precision": 38
										}
									},
									{
										"source": {
											"name": "Allocation_Relative_Sector_Correlation_ex_Currency",
											"type": "String",
											"physicalType": "String"
										},
										"sink": {
											"name": "Allocation_Relative_Sector_Correlation_ex_Currency",
											"type": "Decimal",
											"physicalType": "decimal",
											"scale": 10,
											"precision": 38
										}
									},
									{
										"source": {
											"name": "Allocation_Risk_Contr_ex_Currency",
											"type": "String",
											"physicalType": "String"
										},
										"sink": {
											"name": "Allocation_Risk_Contr_ex_Currency",
											"type": "Decimal",
											"physicalType": "decimal",
											"scale": 10,
											"precision": 38
										}
									},
									{
										"source": {
											"name": "Allocation_MCAR_ex_Currency",
											"type": "String",
											"physicalType": "String"
										},
										"sink": {
											"name": "Allocation_MCAR_ex_Currency",
											"type": "Decimal",
											"physicalType": "decimal",
											"scale": 10,
											"precision": 38
										}
									},
									{
										"source": {
											"name": "Selection_Active_Sector_Volatility_ex_Currency",
											"type": "String",
											"physicalType": "String"
										},
										"sink": {
											"name": "Selection_Active_Sector_Volatility_ex_Currency",
											"type": "Decimal",
											"physicalType": "decimal",
											"scale": 10,
											"precision": 38
										}
									},
									{
										"source": {
											"name": "Selection_Active_Sector_Correlation_ex_Currency",
											"type": "String",
											"physicalType": "String"
										},
										"sink": {
											"name": "Selection_Active_Sector_Correlation_ex_Currency",
											"type": "Decimal",
											"physicalType": "decimal",
											"scale": 10,
											"precision": 38
										}
									},
									{
										"source": {
											"name": "Selection_Risk_Contribution_ex_Currency",
											"type": "String",
											"physicalType": "String"
										},
										"sink": {
											"name": "Selection_Risk_Contribution_ex_Currency",
											"type": "Decimal",
											"physicalType": "decimal",
											"scale": 10,
											"precision": 38
										}
									},
									{
										"source": {
											"name": "Interaction_Risk_Contribution_ex_Currency",
											"type": "String",
											"physicalType": "String"
										},
										"sink": {
											"name": "Interaction_Risk_Contribution_ex_Currency",
											"type": "Decimal",
											"physicalType": "decimal",
											"scale": 10,
											"precision": 38
										}
									},
									{
										"source": {
											"name": "Selection_MCAR_ex_Currency",
											"type": "String",
											"physicalType": "String"
										},
										"sink": {
											"name": "Selection_MCAR_ex_Currency",
											"type": "Decimal",
											"physicalType": "decimal",
											"scale": 10,
											"precision": 38
										}
									},
									{
										"source": {
											"name": "Active_Local_Market_Risk",
											"type": "String",
											"physicalType": "String"
										},
										"sink": {
											"name": "Active_Local_Market_Risk",
											"type": "Decimal",
											"physicalType": "decimal",
											"scale": 10,
											"precision": 38
										}
									},
									{
										"source": {
											"name": "Active_Local_Market_Risk_Contr",
											"type": "String",
											"physicalType": "String"
										},
										"sink": {
											"name": "Active_Local_Market_Risk_Contr",
											"type": "Decimal",
											"physicalType": "decimal",
											"scale": 10,
											"precision": 38
										}
									},
									{
										"source": {
											"name": "Active_Currency_Risk",
											"type": "String",
											"physicalType": "String"
										},
										"sink": {
											"name": "Active_Currency_Risk",
											"type": "Decimal",
											"physicalType": "decimal",
											"scale": 10,
											"precision": 38
										}
									},
									{
										"source": {
											"name": "Active_Currency_Risk_Contr",
											"type": "String",
											"physicalType": "String"
										},
										"sink": {
											"name": "Active_Currency_Risk_Contr",
											"type": "Decimal",
											"physicalType": "decimal",
											"scale": 10,
											"precision": 38
										}
									}
								],
								"typeConversion": true,
								"typeConversionSettings": {
									"allowDataTruncation": true,
									"treatBooleanAsNumber": false
								}
							}
						},
						"inputs": [
							{
								"referenceName": "Barra_Allocation_Selection",
								"type": "DatasetReference"
							}
						],
						"outputs": [
							{
								"referenceName": "Azure_DW",
								"type": "DatasetReference",
								"parameters": {
									"schema": "DataWarehouse_Staging",
									"table": "Barra_Allocation_Selection"
								}
							}
						]
					}
				],
				"folder": {
					"name": "IDP POC/Risk DW"
				},
				"annotations": []
			},
			"dependsOn": [
				"[variables('factoryId')]"
			]
		},
		{
			"name": "[concat(parameters('factoryName'), '/POC_PurView_Dataflow')]",
			"type": "Microsoft.DataFactory/factories/pipelines",
			"apiVersion": "2018-06-01",
			"properties": {
				"activities": [
					{
						"name": "LoadHubPortfolioFromEagleQuery",
						"type": "ExecuteDataFlow",
						"dependsOn": [],
						"policy": {
							"timeout": "7.00:00:00",
							"retry": 0,
							"retryIntervalInSeconds": 30,
							"secureOutput": false,
							"secureInput": false
						},
						"userProperties": [],
						"typeProperties": {
							"dataflow": {
								"referenceName": "LoadEagleHubPortfolio",
								"type": "DataFlowReference",
								"parameters": {
									"Load_DTS": "'2021-01-21'",
									"Record_SRC": "'Eagle'",
									"Job_Id": "'1'",
									"tgtTableName": "'Hub_Portfolio_POC'",
									"Process_Id": "'28'"
								}
							},
							"compute": {
								"coreCount": 16,
								"computeType": "General"
							},
							"traceLevel": "Fine"
						}
					}
				],
				"folder": {
					"name": "IDP POC/Risk DW"
				},
				"annotations": []
			},
			"dependsOn": [
				"[variables('factoryId')]"
			]
		},
		{
			"name": "[concat(parameters('factoryName'), '/POC_PurView_Dataflow_Src_Query')]",
			"type": "Microsoft.DataFactory/factories/pipelines",
			"apiVersion": "2018-06-01",
			"properties": {
				"activities": [
					{
						"name": "LoadHubPortfolioFromEagleQuery",
						"type": "ExecuteDataFlow",
						"dependsOn": [],
						"policy": {
							"timeout": "7.00:00:00",
							"retry": 0,
							"retryIntervalInSeconds": 30,
							"secureOutput": false,
							"secureInput": false
						},
						"userProperties": [],
						"typeProperties": {
							"dataflow": {
								"referenceName": "LoadEagleHubPortfolio",
								"type": "DataFlowReference",
								"parameters": {
									"Load_DTS": "'2021-01-21'",
									"Record_SRC": "'Eagle'",
									"Job_Id": "'1'",
									"tgtTableName": "'Hub_Portfolio_POC'",
									"Process_Id": "'28'"
								}
							},
							"compute": {
								"coreCount": 16,
								"computeType": "General"
							},
							"traceLevel": "Fine"
						}
					}
				],
				"folder": {
					"name": "IDP POC/Risk DW"
				},
				"annotations": []
			},
			"dependsOn": [
				"[variables('factoryId')]"
			]
		}
	]
}