{
	"$schema": "http://schema.management.azure.com/schemas/2015-01-01/deploymentTemplate.json#",
	"contentVersion": "1.0.0.0",
	"parameters": {
		"factoryName": {
			"type": "string",
			"metadata": "Data Factory name",
			"defaultValue": "imcnoimdmsadf01"
		}
	},
	"variables": {
		"factoryId": "[concat('Microsoft.DataFactory/factories/', parameters('factoryName'))]"
	},
	"resources": [
		{
			"name": "[concat(parameters('factoryName'), '/EDW Load - Publish Risk Insight Report')]",
			"type": "Microsoft.DataFactory/factories/pipelines",
			"apiVersion": "2018-06-01",
			"properties": {
				"activities": [
					{
						"name": "Start New Load",
						"type": "SqlServerStoredProcedure",
						"dependsOn": [
							{
								"activity": "Fail previous load for source system",
								"dependencyConditions": [
									"Succeeded"
								]
							}
						],
						"policy": {
							"timeout": "7.00:00:00",
							"retry": 0,
							"retryIntervalInSeconds": 30,
							"secureOutput": false,
							"secureInput": false
						},
						"userProperties": [],
						"typeProperties": {
							"storedProcedureName": "[[EDW_ETL].[Start_New_Load]",
							"storedProcedureParameters": {
								"Batch_Date": {
									"value": {
										"value": "@pipeline().parameters.Report_Publish_Date",
										"type": "Expression"
									},
									"type": "DateTime"
								},
								"Source_System": {
									"value": {
										"value": "@pipeline().parameters.Source_System",
										"type": "Expression"
									},
									"type": "String"
								},
								"Load_Type": {
									"value": {
										"value": "@pipeline().parameters.Load_Type",
										"type": "Expression"
									},
									"type": "String"
								}
							}
						},
						"linkedServiceName": {
							"referenceName": "AzureSynapseDW",
							"type": "LinkedServiceReference"
						}
					},
					{
						"name": "Get Current Load Dates",
						"type": "Lookup",
						"dependsOn": [
							{
								"activity": "Start New Load",
								"dependencyConditions": [
									"Succeeded"
								]
							}
						],
						"policy": {
							"timeout": "7.00:00:00",
							"retry": 0,
							"retryIntervalInSeconds": 30,
							"secureOutput": false,
							"secureInput": false
						},
						"userProperties": [],
						"typeProperties": {
							"source": {
								"type": "SqlDWSource",
								"sqlReaderQuery": {
									"value": "@concat('SELECT ETL_Load_Key,\n      replace(convert(varchar, [Batch_Date],102),''.'',''-'') as [Batch_Date]\n  FROM [EDW_ETL].ETL_Load\n  where [Load_Status] = ''Started'' and Load_Type = ''Publish'' \n  and [Source_System] = ''', pipeline().parameters.Source_System, ''' Order by Batch_Date asc')",
									"type": "Expression"
								},
								"queryTimeout": "02:00:00",
								"partitionOption": "None"
							},
							"dataset": {
								"referenceName": "Azure_DW",
								"type": "DatasetReference",
								"parameters": {
									"schema": "EDW_ETL",
									"table": "ETL_Load"
								}
							},
							"firstRowOnly": true
						}
					},
					{
						"name": "Fail previous load for source system",
						"type": "SqlServerStoredProcedure",
						"dependsOn": [],
						"policy": {
							"timeout": "7.00:00:00",
							"retry": 0,
							"retryIntervalInSeconds": 30,
							"secureOutput": false,
							"secureInput": false
						},
						"userProperties": [],
						"typeProperties": {
							"storedProcedureName": "[[EDW_ETL].[Set_ETL_Load_Fail]",
							"storedProcedureParameters": {
								"Source_System": {
									"value": {
										"value": "@pipeline().parameters.Source_System",
										"type": "Expression"
									},
									"type": "String"
								}
							}
						},
						"linkedServiceName": {
							"referenceName": "AzureSynapseDW",
							"type": "LinkedServiceReference"
						}
					},
					{
						"name": "Set Load Success",
						"type": "SqlServerStoredProcedure",
						"dependsOn": [
							{
								"activity": "ForEach Stored Procedure",
								"dependencyConditions": [
									"Succeeded"
								]
							}
						],
						"policy": {
							"timeout": "7.00:00:00",
							"retry": 0,
							"retryIntervalInSeconds": 30,
							"secureOutput": false,
							"secureInput": false
						},
						"userProperties": [],
						"typeProperties": {
							"storedProcedureName": "[[EDW_ETL].[Update_ETL_Load_Status]",
							"storedProcedureParameters": {
								"ETL_Load_Key": {
									"value": {
										"value": "@activity('Get Current Load Dates').output.firstRow.ETL_Load_Key",
										"type": "Expression"
									},
									"type": "Int32"
								},
								"Status": {
									"value": {
										"value": "Completed",
										"type": "Expression"
									},
									"type": "String"
								}
							}
						},
						"linkedServiceName": {
							"referenceName": "AzureSynapseDW",
							"type": "LinkedServiceReference"
						}
					},
					{
						"name": "Lookup  Stored Procs",
						"type": "Lookup",
						"dependsOn": [
							{
								"activity": "Get Current Load Dates",
								"dependencyConditions": [
									"Succeeded"
								]
							}
						],
						"policy": {
							"timeout": "7.00:00:00",
							"retry": 0,
							"retryIntervalInSeconds": 30,
							"secureOutput": false,
							"secureInput": false
						},
						"userProperties": [],
						"typeProperties": {
							"source": {
								"type": "SqlDWSource",
								"sqlReaderQuery": {
									"value": "@concat('Select\t\tSource_Type\n           ,Source_Schema\n           ,Source_Table\n           ,Source_File\n           ,Target_Schema\n           ,Target_Table\n           ,Target_Table_Type\n           ,Load_Procedure_Schema\n           ,Load_Procedure_Name\nFrom EDW_ETL.Ref_Load_Process_Mapping\nWhere Source_System = ''', pipeline().parameters.Source_System, ''' and ETL_Load_Layer = ''Published'' ')",
									"type": "Expression"
								},
								"queryTimeout": "02:00:00",
								"partitionOption": "None"
							},
							"dataset": {
								"referenceName": "Azure_DW",
								"type": "DatasetReference",
								"parameters": {
									"schema": "EDW_ETL",
									"table": "Ref_Load_Process_Mapping"
								}
							},
							"firstRowOnly": false
						}
					},
					{
						"name": "ForEach Stored Procedure",
						"type": "ForEach",
						"dependsOn": [
							{
								"activity": "Lookup  Stored Procs",
								"dependencyConditions": [
									"Succeeded"
								]
							}
						],
						"userProperties": [],
						"typeProperties": {
							"items": {
								"value": "@activity('Lookup  Stored Procs').output.value",
								"type": "Expression"
							},
							"isSequential": false,
							"batchCount": 3,
							"activities": [
								{
									"name": "StoredProc",
									"type": "SqlServerStoredProcedure",
									"dependsOn": [],
									"policy": {
										"timeout": "7.00:00:00",
										"retry": 0,
										"retryIntervalInSeconds": 30,
										"secureOutput": false,
										"secureInput": false
									},
									"userProperties": [
										{
											"name": "ProcessName",
											"value": "item().Process_Name"
										}
									],
									"typeProperties": {
										"storedProcedureName": {
											"value": "@concat(item().Load_Procedure_Schema, '.', item().Load_Procedure_Name)\n",
											"type": "Expression"
										},
										"storedProcedureParameters": {
											"ETL_Load_Key": {
												"value": {
													"value": "@activity('Get Current Load Dates').output.firstRow.ETL_Load_Key",
													"type": "Expression"
												},
												"type": "Int32"
											},
											"Report_Publish_Date": {
												"value": {
													"value": "@pipeline().parameters.Report_Publish_Date",
													"type": "Expression"
												},
												"type": "String"
											},
											"Version_Date": {
												"value": null,
												"type": "String"
											}
										}
									},
									"linkedServiceName": {
										"referenceName": "AzureSynapseDW",
										"type": "LinkedServiceReference"
									}
								}
							]
						}
					}
				],
				"parameters": {
					"Source_System": {
						"type": "string",
						"defaultValue": "Risk_Insight_Report"
					},
					"Load_Type": {
						"type": "string",
						"defaultValue": "Publish"
					},
					"Report_Publish_Date": {
						"type": "string"
					}
				},
				"variables": {
					"table_Name": {
						"type": "String"
					}
				},
				"folder": {
					"name": "Datawarehouse/Utilities"
				},
				"annotations": []
			},
			"dependsOn": [
				"[variables('factoryId')]"
			]
		}
	]
}