{
	"name": "Azure Synapse Non-Prod DB scaling up daily 9am",
	"properties": {
		"annotations": [],
		"runtimeState": "Started",
		"pipelines": [
			{
				"pipelineReference": {
					"referenceName": "EDW Load - Trigger",
					"type": "PipelineReference"
				},
				"parameters": {
					"Source_System": "DB_Scaling",
					"Load_Type": "DW400C",
					"Batch_Date": "1900-01-01"
				}
			}
		],
		"type": "ScheduleTrigger",
		"typeProperties": {
			"recurrence": {
				"frequency": "Week",
				"interval": 1,
				"startTime": "2021-07-12T14:43:00",
				"timeZone": "Eastern Standard Time",
				"schedule": {
					"minutes": [
						45
					],
					"hours": [
						5
					],
					"weekDays": [
						"Monday",
						"Tuesday",
						"Wednesday",
						"Thursday",
						"Friday"
					]
				}
			}
		}
	}
}