{
	"name": "Azure_Risk_PROD_DB_Scaling_Up",
	"properties": {
		"annotations": [],
		"runtimeState": "Started",
		"pipelines": [
			{
				"pipelineReference": {
					"referenceName": "Azure_SQL_DB_Scaling",
					"type": "PipelineReference"
				},
				"parameters": {
					"Load_Type": "GP_Gen5_12",
					"Source_System": "Azure_SQL_DB_Scaling",
					"Batch_Date": "1900-01-01",
					"Load_Param": {
						"External_Source": [
							"AZURE_SQL_RISK"
						]
					},
					"Env": "prod"
				}
			}
		],
		"type": "ScheduleTrigger",
		"typeProperties": {
			"recurrence": {
				"frequency": "Week",
				"interval": 1,
				"startTime": "2024-05-22T20:50:00",
				"timeZone": "Eastern Standard Time",
				"schedule": {
					"minutes": [
						0
					],
					"hours": [
						8
					],
					"weekDays": [
						"Monday",
						"Tuesday",
						"Wednesday",
						"Thursday",
						"Friday"
					]
				}
			}
		}
	}
}