{
	"name": "DQ Check PSA Manual",
	"properties": {
		"annotations": [],
		"runtimeState": "Stopped",
		"pipelines": [
			{
				"pipelineReference": {
					"referenceName": "EDW - Check Load DQ",
					"type": "PipelineReference"
				},
				"parameters": {
					"Batch_Date": "1900-01-01",
					"Process_Name": "PSA_Manual_DQ",
					"Load_Type": "DELTA",
					"Run_In_Holilay": "False",
					"Prev_Business_Date_Interval": 0
				}
			}
		],
		"type": "ScheduleTrigger",
		"typeProperties": {
			"recurrence": {
				"frequency": "Week",
				"interval": 1,
				"startTime": "2022-01-20T14:40:00",
				"timeZone": "Eastern Standard Time",
				"schedule": {
					"minutes": [
						30
					],
					"hours": [
						11
					],
					"weekDays": [
						"Monday",
						"Tuesday",
						"Wednesday",
						"Thursday",
						"Friday"
					]
				}
			}
		}
	}
}