{
	"name": "EDW Business Transformation WSIB Benchmark",
	"properties": {
		"annotations": [],
		"runtimeState": "Stopped",
		"pipelines": [
			{
				"pipelineReference": {
					"referenceName": "EDW - Load Business Transformation",
					"type": "PipelineReference"
				},
				"parameters": {
					"Batch_Date": "1900-01-01",
					"Process_Name": "PSA_WSIB_Benchmark",
					"Load_Type": "DELTA_AUTO_TRIGGER",
					"Run_In_Holilay": "False",
					"Prev_Business_Date_Interval": 1
				}
			}
		],
		"type": "ScheduleTrigger",
		"typeProperties": {
			"recurrence": {
				"frequency": "Week",
				"interval": 1,
				"startTime": "2021-12-09T20:51:00",
				"timeZone": "Eastern Standard Time",
				"schedule": {
					"minutes": [
						45
					],
					"hours": [
						10
					],
					"weekDays": [
						"Monday",
						"Tuesday",
						"Wednesday",
						"Thursday",
						"Friday"
					]
				}
			}
		}
	}
}