{
	"name": "EDW Sharepoint Performance Reports",
	"properties": {
		"annotations": [],
		"runtimeState": "Started",
		"pipelines": [
			{
				"pipelineReference": {
					"referenceName": "EDW Load - Main",
					"type": "PipelineReference"
				},
				"parameters": {
					"Source_System": "Sharepoint_Performance_Reports",
					"Load_Type": "DELTA",
					"Batch_Date": "1900-01-01",
					"Load_Param": {
						"Input": ""
					}
				}
			}
		],
		"type": "ScheduleTrigger",
		"typeProperties": {
			"recurrence": {
				"frequency": "Week",
				"interval": 1,
				"startTime": "2023-09-18T18:08:00",
				"timeZone": "Eastern Standard Time",
				"schedule": {
					"minutes": [
						0
					],
					"hours": [
						17,
						21
					],
					"weekDays": [
						"Monday",
						"Tuesday",
						"Wednesday",
						"Friday",
						"Thursday"
					]
				}
			}
		}
	}
}