{
	"name": "EDW_BBG_AIM_Repo_Exposure_Daily",
	"properties": {
		"annotations": [],
		"runtimeState": "Started",
		"pipelines": [
			{
				"pipelineReference": {
					"referenceName": "EDW Load - Main",
					"type": "PipelineReference"
				},
				"parameters": {
					"Source_System": "SFTP_BBG_AIM_Repo_Exposure",
					"Load_Type": "BBGFileParserFunction",
					"Batch_Date": "1900-01-01",
					"Load_Param": {
						"Input": ""
					}
				}
			}
		],
		"type": "ScheduleTrigger",
		"typeProperties": {
			"recurrence": {
				"frequency": "Week",
				"interval": 1,
				"startTime": "2023-02-09T22:33:00",
				"timeZone": "Eastern Standard Time",
				"schedule": {
					"minutes": [
						30
					],
					"hours": [
						7
					],
					"weekDays": [
						"Monday",
						"Tuesday",
						"Wednesday",
						"Thursday",
						"Friday"
					]
				}
			}
		}
	}
}