{
	"name": "EDW_BBG_AIM_FX_PNL_Daily",
	"properties": {
		"annotations": [],
		"runtimeState": "Started",
		"pipelines": [
			{
				"pipelineReference": {
					"referenceName": "EDW Load - Main",
					"type": "PipelineReference"
				},
				"parameters": {
					"Source_System": "BBG_AIM_FX_PNL",
					"Load_Type": "DELTA",
					"Batch_Date": "1900-01-01"
				}
			}
		],
		"type": "ScheduleTrigger",
		"typeProperties": {
			"recurrence": {
				"frequency": "Week",
				"interval": 1,
				"startTime": "2024-04-29T18:56:00",
				"timeZone": "Eastern Standard Time",
				"schedule": {
					"minutes": [
						30
					],
					"hours": [
						8
					],
					"weekDays": [
						"Monday",
						"Tuesday",
						"Wednesday",
						"Thursday",
						"Friday"
					]
				}
			}
		}
	}
}