{
	"name": "EDW_BBG_CorpAction_PE_Pool_Daily",
	"properties": {
		"annotations": [],
		"runtimeState": "Started",
		"pipelines": [
			{
				"pipelineReference": {
					"referenceName": "EDW Load - Main",
					"type": "PipelineReference"
				},
				"parameters": {
					"Source_System": "SFTP_BBG_Corp_Action_PE",
					"Load_Type": "CA_PE_Pool",
					"Batch_Date": "1900-01-01"
				}
			}
		],
		"type": "ScheduleTrigger",
		"typeProperties": {
			"recurrence": {
				"frequency": "Week",
				"interval": 1,
				"startTime": "2022-09-13T20:41:00",
				"timeZone": "Eastern Standard Time",
				"schedule": {
					"minutes": [
						40
					],
					"hours": [
						9
					],
					"weekDays": [
						"Monday",
						"Tuesday",
						"Wednesday",
						"Thursday",
						"Friday"
					]
				}
			}
		}
	}
}