{
	"name": "EDW_BarraOne_ESG_Weekly",
	"properties": {
		"annotations": [],
		"runtimeState": "Started",
		"pipelines": [
			{
				"pipelineReference": {
					"referenceName": "EDW Load - Main",
					"type": "PipelineReference"
				},
				"parameters": {
					"Source_System": "BarraOne_ESG",
					"Load_Type": "ALL",
					"Batch_Date": "1900-01-01"
				}
			}
		],
		"type": "ScheduleTrigger",
		"typeProperties": {
			"recurrence": {
				"frequency": "Week",
				"interval": 1,
				"startTime": "2023-10-25T15:53:00",
				"timeZone": "Eastern Standard Time",
				"schedule": {
					"minutes": [
						0
					],
					"hours": [
						15
					],
					"weekDays": [
						"Friday"
					]
				}
			}
		}
	}
}