{
	"name": "EDW_BBG_Eagle_Monthend",
	"properties": {
		"annotations": [],
		"runtimeState": "Started",
		"pipelines": [
			{
				"pipelineReference": {
					"referenceName": "EDW Load - Main",
					"type": "PipelineReference"
				},
				"parameters": {
					"Source_System": "SFTP_BBG_PX_Rates",
					"Load_Type": "PX_Rates",
					"Batch_Date": "1900-01-01"
				}
			}
		],
		"type": "ScheduleTrigger",
		"typeProperties": {
			"recurrence": {
				"frequency": "Month",
				"interval": 1,
				"startTime": "2022-03-23T19:14:00",
				"timeZone": "Eastern Standard Time",
				"schedule": {
					"minutes": [
						0
					],
					"hours": [
						19
					],
					"monthlyOccurrences": [
						{
							"day": "Monday",
							"occurrence": -1
						},
						{
							"day": "Tuesday",
							"occurrence": -1
						},
						{
							"day": "Wednesday",
							"occurrence": -1
						},
						{
							"day": "Thursday",
							"occurrence": -1
						},
						{
							"day": "Friday",
							"occurrence": -1
						}
					]
				}
			}
		}
	}
}