{
	"$schema": "http://schema.management.azure.com/schemas/2015-01-01/deploymentTemplate.json#",
	"contentVersion": "1.0.0.0",
	"parameters": {
		"factoryName": {
			"type": "string",
			"metadata": "Data Factory name",
			"defaultValue": "imcnoimdmsadf01"
		},
		"AzureBlobStorage1_connectionString": {
			"type": "secureString",
			"metadata": "Secure string for 'connectionString' of 'AzureBlobStorage1'"
		},
		"AzureDataLakeStorage1_accountKey": {
			"type": "secureString",
			"metadata": "Secure string for 'accountKey' of 'AzureDataLakeStorage1'"
		},
		"IDPFunction_functionKey": {
			"type": "secureString",
			"metadata": "Secure string for 'functionKey' of 'IDPFunction'"
		},
		"dataFactory_properties_globalParameters_SSAS_Region_value": {
			"type": "string",
			"defaultValue": "canadacentral"
		},
		"dataFactory_properties_globalParameters_SSAS_Server_value": {
			"type": "string",
			"defaultValue": "imcnoimdmsanlys1"
		},
		"dataFactory_properties_globalParameters_SSAS_DatabaseName_value": {
			"type": "string",
			"defaultValue": "RiskDataMart"
		},
		"dataFactory_properties_globalParameters_Azure_Subscription_Id_value": {
			"type": "string",
			"defaultValue": "fdeb04f6-576f-42ce-9ecc-6fd428df3a88"
		},
		"dataFactory_properties_globalParameters_Azure_Resource_Group_value": {
			"type": "string",
			"defaultValue": "INVINV106626"
		},
		"dataFactory_properties_globalParameters_Mail_To_value": {
			"type": "string",
			"defaultValue": "Johnny.Lu@imcoinvest.com;Jason.Lee@imcoinvest.com;Francis.nguyenpham@imcoinvest.com"
		},
		"dataFactory_properties_globalParameters_Env_value": {
			"type": "string",
			"defaultValue": "dev"
		},
		"dataFactory_properties_globalParameters_Eagle_Initial_Load_Start_Date_value": {
			"type": "string",
			"defaultValue": "2021-01-01"
		},
		"dataFactory_properties_globalParameters_Azure_FunctionApp_URL_value": {
			"type": "string",
			"defaultValue": "https://imcnoimdmsfun02.azurewebsites.net"
		},
		"dataFactory_properties_globalParameters_Azure_Function_SendEmail_Key_value": {
			"type": "string",
			"defaultValue": "3zsIDR20vFRuAhooip/Rr0uQXNbKwSVe6uMiZwXv062hjkRyCdqSJA=="
		},
		"dataFactory_properties_globalParameters_Source_System_to_Refresh_SSAS_value": {
			"type": "string",
			"defaultValue": "BarraOne,StateStreet,RiskManual,Eagle"
		},
		"dataFactory_location": {
			"type": "string",
			"defaultValue": "canadacentral"
		},
		"AzureDataLakeStorage1_properties_typeProperties_url": {
			"type": "string",
			"defaultValue": "https://imcnoimdaiald01.dfs.core.windows.net"
		},
		"AzureKeyVault1_properties_typeProperties_baseUrl": {
			"type": "string",
			"defaultValue": "https://imcodevkv.vault.azure.net/"
		},
		"HttpServer_SharePoint_properties_typeProperties_url": {
			"type": "string",
			"defaultValue": "@{concat(linkedService().SharePoint_URL,'/_api/web/GetFileByServerRelativeUrl(''', linkedService().Document_Path,linkedService().Document_Name,''')/$value')}"
		},
		"IDPFunction_properties_typeProperties_functionAppUrl": {
			"type": "string",
			"defaultValue": "https://imcnoimdmsfun01.azurewebsites.net"
		},
		"LS_Polybase_Staging_properties_typeProperties_serviceEndpoint": {
			"type": "string",
			"defaultValue": "https://imcnoimdaiald01.blob.core.windows.net"
		},
		"triggerTPVDriftingBM_properties_typeProperties_scope": {
			"type": "string",
			"defaultValue": "/subscriptions/fdeb04f6-576f-42ce-9ecc-6fd428df3a88/resourceGroups/INVINV106626/providers/Microsoft.Storage/storageAccounts/imcnoimdaiald01"
		}
	},
	"variables": {
		"factoryId": "[concat('Microsoft.DataFactory/factories/', parameters('factoryName'))]"
	},
	"resources": [
		{
			"name": "[parameters('factoryName')]",
			"type": "Microsoft.DataFactory/factories",
			"apiVersion": "2018-06-01",
			"properties": {
				"globalParameters": {
					"SSAS_Region": {
						"type": "string",
						"value": "[parameters('dataFactory_properties_globalParameters_SSAS_Region_value')]"
					},
					"SSAS_Server": {
						"type": "string",
						"value": "[parameters('dataFactory_properties_globalParameters_SSAS_Server_value')]"
					},
					"SSAS_DatabaseName": {
						"type": "string",
						"value": "[parameters('dataFactory_properties_globalParameters_SSAS_DatabaseName_value')]"
					},
					"Azure_Subscription_Id": {
						"type": "string",
						"value": "[parameters('dataFactory_properties_globalParameters_Azure_Subscription_Id_value')]"
					},
					"Azure_Resource_Group": {
						"type": "string",
						"value": "[parameters('dataFactory_properties_globalParameters_Azure_Resource_Group_value')]"
					},
					"Mail_To": {
						"type": "string",
						"value": "[parameters('dataFactory_properties_globalParameters_Mail_To_value')]"
					},
					"Env": {
						"type": "string",
						"value": "[parameters('dataFactory_properties_globalParameters_Env_value')]"
					},
					"Eagle_Initial_Load_Start_Date": {
						"type": "string",
						"value": "[parameters('dataFactory_properties_globalParameters_Eagle_Initial_Load_Start_Date_value')]"
					},
					"Azure_FunctionApp_URL": {
						"type": "string",
						"value": "[parameters('dataFactory_properties_globalParameters_Azure_FunctionApp_URL_value')]"
					},
					"Azure_Function_SendEmail_Key": {
						"type": "string",
						"value": "[parameters('dataFactory_properties_globalParameters_Azure_Function_SendEmail_Key_value')]"
					},
					"Source_System_to_Refresh_SSAS": {
						"type": "string",
						"value": "[parameters('dataFactory_properties_globalParameters_Source_System_to_Refresh_SSAS_value')]"
					}
				}
			},
			"dependsOn": [],
			"location": "[parameters('dataFactory_location')]"
		},
		{
			"name": "[concat(parameters('factoryName'), '/AzureBlobStorage1')]",
			"type": "Microsoft.DataFactory/factories/linkedServices",
			"apiVersion": "2018-06-01",
			"properties": {
				"annotations": [],
				"type": "AzureBlobStorage",
				"typeProperties": {
					"connectionString": "[parameters('AzureBlobStorage1_connectionString')]"
				}
			},
			"dependsOn": []
		},
		{
			"name": "[concat(parameters('factoryName'), '/AzureDataLakeStorage1')]",
			"type": "Microsoft.DataFactory/factories/linkedServices",
			"apiVersion": "2018-06-01",
			"properties": {
				"annotations": [],
				"type": "AzureBlobFS",
				"typeProperties": {
					"url": "[parameters('AzureDataLakeStorage1_properties_typeProperties_url')]",
					"accountKey": {
						"type": "SecureString",
						"value": "[parameters('AzureDataLakeStorage1_accountKey')]"
					}
				}
			},
			"dependsOn": []
		},
		{
			"name": "[concat(parameters('factoryName'), '/AzureKeyVault1')]",
			"type": "Microsoft.DataFactory/factories/linkedServices",
			"apiVersion": "2018-06-01",
			"properties": {
				"annotations": [],
				"type": "AzureKeyVault",
				"typeProperties": {
					"baseUrl": "[parameters('AzureKeyVault1_properties_typeProperties_baseUrl')]"
				}
			},
			"dependsOn": []
		},
		{
			"name": "[concat(parameters('factoryName'), '/HttpServer_SharePoint')]",
			"type": "Microsoft.DataFactory/factories/linkedServices",
			"apiVersion": "2018-06-01",
			"properties": {
				"parameters": {
					"SharePoint_URL": {
						"type": "string",
						"defaultValue": "https://imcoinvest.sharepoint.com/sites/RiSKTPMShared"
					},
					"Document_Path": {
						"type": "string",
						"defaultValue": "/sites/RISKTPMShared/Shared Documents/General/trades files/"
					},
					"Document_Name": {
						"type": "string",
						"defaultValue": "AAA trades 2021-07-28.xlsx"
					}
				},
				"annotations": [],
				"type": "HttpServer",
				"typeProperties": {
					"url": "[parameters('HttpServer_SharePoint_properties_typeProperties_url')]",
					"enableServerCertificateValidation": true,
					"authenticationType": "Anonymous"
				}
			},
			"dependsOn": []
		},
		{
			"name": "[concat(parameters('factoryName'), '/IDPFunction')]",
			"type": "Microsoft.DataFactory/factories/linkedServices",
			"apiVersion": "2018-06-01",
			"properties": {
				"annotations": [],
				"type": "AzureFunction",
				"typeProperties": {
					"functionAppUrl": "[parameters('IDPFunction_properties_typeProperties_functionAppUrl')]",
					"functionKey": {
						"type": "SecureString",
						"value": "[parameters('IDPFunction_functionKey')]"
					},
					"authentication": "Anonymous"
				}
			},
			"dependsOn": []
		},
		{
			"name": "[concat(parameters('factoryName'), '/LS_Polybase_Staging')]",
			"type": "Microsoft.DataFactory/factories/linkedServices",
			"apiVersion": "2018-06-01",
			"properties": {
				"annotations": [],
				"type": "AzureBlobStorage",
				"typeProperties": {
					"serviceEndpoint": "[parameters('LS_Polybase_Staging_properties_typeProperties_serviceEndpoint')]",
					"accountKind": "StorageV2"
				}
			},
			"dependsOn": []
		},
		{
			"name": "[concat(parameters('factoryName'), '/triggerTPVDriftingBM')]",
			"type": "Microsoft.DataFactory/factories/triggers",
			"apiVersion": "2018-06-01",
			"properties": {
				"description": "File trigger drifting BM",
				"annotations": [],
				"runtimeState": "Stopped",
				"pipelines": [],
				"type": "BlobEventsTrigger",
				"typeProperties": {
					"blobPathBeginsWith": "/raw/blobs/jlee/tpv/tpvsource/driftingbm/",
					"blobPathEndsWith": ".csv",
					"ignoreEmptyBlobs": true,
					"scope": "[parameters('triggerTPVDriftingBM_properties_typeProperties_scope')]",
					"events": [
						"Microsoft.Storage.BlobCreated"
					]
				}
			},
			"dependsOn": []
		},
		{
			"name": "[concat(parameters('factoryName'), '/adf-linkedruntime')]",
			"type": "Microsoft.DataFactory/factories/integrationRuntimes",
			"apiVersion": "2018-06-01",
			"properties": {
				"type": "SelfHosted",
				"typeProperties": {}
			},
			"dependsOn": []
		},
		{
			"name": "[concat(parameters('factoryName'), '/Barra_Allocation_Selection')]",
			"type": "Microsoft.DataFactory/factories/datasets",
			"apiVersion": "2018-06-01",
			"properties": {
				"linkedServiceName": {
					"referenceName": "AzureDataLakeStorage1",
					"type": "LinkedServiceReference"
				},
				"folder": {
					"name": "Datawarehouse/ADLS"
				},
				"annotations": [],
				"type": "DelimitedText",
				"typeProperties": {
					"location": {
						"type": "AzureBlobFSLocation",
						"fileName": "Barra_Allocation_Selection.csv",
						"folderPath": "staging/Risk",
						"fileSystem": "dev"
					},
					"columnDelimiter": ",",
					"escapeChar": "\\",
					"firstRowAsHeader": true,
					"quoteChar": "\""
				},
				"schema": [
					{
						"name": "BatchID",
						"type": "String"
					},
					{
						"name": "Batch_Date",
						"type": "String"
					},
					{
						"name": "begin_batch",
						"type": "String"
					},
					{
						"name": "Portfolio",
						"type": "String"
					},
					{
						"name": "Port_Type",
						"type": "String"
					},
					{
						"name": "Benchmark",
						"type": "String"
					},
					{
						"name": "Model",
						"type": "String"
					},
					{
						"name": "Reported",
						"type": "String"
					},
					{
						"name": "Client",
						"type": "String"
					},
					{
						"name": "Report",
						"type": "String"
					},
					{
						"name": "Analysis_Date",
						"type": "String"
					},
					{
						"name": "Covariance_Date",
						"type": "String"
					},
					{
						"name": "Strategy",
						"type": "String"
					},
					{
						"name": "Allocation_Relative_Sector_Vol",
						"type": "String"
					},
					{
						"name": "Allocation_Relative_Sector_VaR_Pct",
						"type": "String"
					},
					{
						"name": "Allocation_Relative_Sector_Correlation",
						"type": "String"
					},
					{
						"name": "Allocation_MCAR",
						"type": "String"
					},
					{
						"name": "Allocation_Risk_Contr",
						"type": "String"
					},
					{
						"name": "Selection_Active_Sector_Vol",
						"type": "String"
					},
					{
						"name": "Selection_Active_Sector_VaR_Pct",
						"type": "String"
					},
					{
						"name": "Selection_MCAR",
						"type": "String"
					},
					{
						"name": "Selection_Active_Sector_Correlation",
						"type": "String"
					},
					{
						"name": "Selection_Risk_Contr",
						"type": "String"
					},
					{
						"name": "Active_Risk",
						"type": "String"
					},
					{
						"name": "Active_Variance",
						"type": "String"
					},
					{
						"name": "Active_Risk_MC",
						"type": "String"
					},
					{
						"name": "Active_Risk_Contr_Pct",
						"type": "String"
					},
					{
						"name": "Effective_Weight",
						"type": "String"
					},
					{
						"name": "Effective_BM_Weight",
						"type": "String"
					},
					{
						"name": "Effective_Active_Weight",
						"type": "String"
					},
					{
						"name": "Weight",
						"type": "String"
					},
					{
						"name": "BM_Weight",
						"type": "String"
					},
					{
						"name": "Active_Weight",
						"type": "String"
					},
					{
						"name": "Active_Risk_Contr",
						"type": "String"
					},
					{
						"name": "Allocation_Relative_Sector_Volatility_ex_Currency",
						"type": "String"
					},
					{
						"name": "Allocation_Relative_Sector_Correlation_ex_Currency",
						"type": "String"
					},
					{
						"name": "Allocation_Risk_Contr_ex_Currency",
						"type": "String"
					},
					{
						"name": "Allocation_MCAR_ex_Currency",
						"type": "String"
					},
					{
						"name": "Selection_Active_Sector_Volatility_ex_Currency",
						"type": "String"
					},
					{
						"name": "Selection_Active_Sector_Correlation_ex_Currency",
						"type": "String"
					},
					{
						"name": "Selection_Risk_Contribution_ex_Currency",
						"type": "String"
					},
					{
						"name": "Interaction_Risk_Contribution_ex_Currency",
						"type": "String"
					},
					{
						"name": "Selection_MCAR_ex_Currency",
						"type": "String"
					},
					{
						"name": "Active_Local_Market_Risk",
						"type": "String"
					},
					{
						"name": "Active_Local_Market_Risk_Contr",
						"type": "String"
					},
					{
						"name": "Active_Currency_Risk",
						"type": "String"
					},
					{
						"name": "Active_Currency_Risk_Contr",
						"type": "String"
					}
				]
			},
			"dependsOn": [
				"[concat(variables('factoryId'), '/linkedServices/AzureDataLakeStorage1')]"
			]
		},
		{
			"name": "[concat(parameters('factoryName'), '/DS_TPVArchiveFile')]",
			"type": "Microsoft.DataFactory/factories/datasets",
			"apiVersion": "2018-06-01",
			"properties": {
				"linkedServiceName": {
					"referenceName": "AzureBlobStorage1",
					"type": "LinkedServiceReference"
				},
				"parameters": {
					"foldername": {
						"type": "string",
						"defaultValue": "DriftingBM"
					}
				},
				"folder": {
					"name": "IDP POC/JL-TPV"
				},
				"annotations": [],
				"type": "Binary",
				"typeProperties": {
					"location": {
						"type": "AzureBlobStorageLocation",
						"folderPath": {
							"value": "@concat('JLee/TPV/TPVArchive/',dataset().foldername,'/',formatDateTime(utcnow(),'yyyy-MM-dd'))",
							"type": "Expression"
						},
						"container": "raw"
					}
				}
			},
			"dependsOn": [
				"[concat(variables('factoryId'), '/linkedServices/AzureBlobStorage1')]"
			]
		},
		{
			"name": "[concat(parameters('factoryName'), '/DS_TPVOPBPositions')]",
			"type": "Microsoft.DataFactory/factories/datasets",
			"apiVersion": "2018-06-01",
			"properties": {
				"linkedServiceName": {
					"referenceName": "AzureBlobStorage1",
					"type": "LinkedServiceReference"
				},
				"folder": {
					"name": "IDP POC/JL-TPV"
				},
				"annotations": [],
				"type": "DelimitedText",
				"typeProperties": {
					"location": {
						"type": "AzureBlobStorageLocation",
						"folderPath": "JLee/TPV/TPVSource/OPBPositions",
						"container": "raw"
					},
					"columnDelimiter": ",",
					"escapeChar": "\\",
					"firstRowAsHeader": true,
					"quoteChar": "\""
				},
				"schema": [
					{
						"name": "EFFECTIVE_DATE",
						"type": "String"
					},
					{
						"name": "ENTITY_ID",
						"type": "String"
					},
					{
						"name": "SECURITY_ALIAS",
						"type": "String"
					},
					{
						"name": "ISSUE_NAME",
						"type": "String"
					},
					{
						"name": "ISSUE_DESCRIPTION",
						"type": "String"
					},
					{
						"name": "INVESTMENTTYPENAME",
						"type": "String"
					},
					{
						"name": "SECURITYTYPENAME",
						"type": "String"
					},
					{
						"name": "ID_SEDOL",
						"type": "String"
					},
					{
						"name": "ID_CUSIP",
						"type": "String"
					},
					{
						"name": "ID_ISIN",
						"type": "String"
					},
					{
						"name": "ID_TICKER",
						"type": "String"
					},
					{
						"name": "ID_ACCOUNTING",
						"type": "String"
					},
					{
						"name": "NOTIONALAMOUNT",
						"type": "String"
					},
					{
						"name": "NUMBEROFSHARES",
						"type": "String"
					},
					{
						"name": "MARKETVALUE_LOCAL",
						"type": "String"
					},
					{
						"name": "MVI",
						"type": "String"
					},
					{
						"name": "UVM",
						"type": "String"
					},
					{
						"name": "CURRENCY_CODE",
						"type": "String"
					},
					{
						"name": "FX_RATE",
						"type": "String"
					},
					{
						"name": "PRICE_ACCOUNTING",
						"type": "String"
					},
					{
						"name": "PRICE_MULTIPLIER",
						"type": "String"
					},
					{
						"name": "CONTRACT_SIZE",
						"type": "String"
					}
				]
			},
			"dependsOn": [
				"[concat(variables('factoryId'), '/linkedServices/AzureBlobStorage1')]"
			]
		},
		{
			"name": "[concat(parameters('factoryName'), '/DS_TPVOPBPositionsOutput')]",
			"type": "Microsoft.DataFactory/factories/datasets",
			"apiVersion": "2018-06-01",
			"properties": {
				"linkedServiceName": {
					"referenceName": "AzureBlobStorage1",
					"type": "LinkedServiceReference"
				},
				"folder": {
					"name": "IDP POC/JL-TPV"
				},
				"annotations": [],
				"type": "DelimitedText",
				"typeProperties": {
					"location": {
						"type": "AzureBlobStorageLocation",
						"folderPath": {
							"value": "@concat('JLee/TPV/TPVTarget/OPBPositions/',formatDateTime(utcnow(),'yyyy-MM-dd'),'/')",
							"type": "Expression"
						},
						"container": "raw"
					},
					"columnDelimiter": "|",
					"escapeChar": "\\",
					"firstRowAsHeader": true,
					"quoteChar": "\""
				},
				"schema": []
			},
			"dependsOn": [
				"[concat(variables('factoryId'), '/linkedServices/AzureBlobStorage1')]"
			]
		},
		{
			"name": "[concat(parameters('factoryName'), '/DS_TPVSourceFile')]",
			"type": "Microsoft.DataFactory/factories/datasets",
			"apiVersion": "2018-06-01",
			"properties": {
				"linkedServiceName": {
					"referenceName": "AzureBlobStorage1",
					"type": "LinkedServiceReference"
				},
				"parameters": {
					"foldername": {
						"type": "string"
					}
				},
				"folder": {
					"name": "IDP POC/JL-TPV"
				},
				"annotations": [],
				"type": "Binary",
				"typeProperties": {
					"location": {
						"type": "AzureBlobStorageLocation",
						"folderPath": {
							"value": "@concat('JLee/TPV/TPVSource/',dataset().foldername)",
							"type": "Expression"
						},
						"container": "raw"
					}
				}
			},
			"dependsOn": [
				"[concat(variables('factoryId'), '/linkedServices/AzureBlobStorage1')]"
			]
		},
		{
			"name": "[concat(parameters('factoryName'), '/Deep_Macro_Destination')]",
			"type": "Microsoft.DataFactory/factories/datasets",
			"apiVersion": "2018-06-01",
			"properties": {
				"linkedServiceName": {
					"referenceName": "AzureBlobStorage1",
					"type": "LinkedServiceReference"
				},
				"parameters": {
					"environment": {
						"type": "string",
						"defaultValue": "dev"
					}
				},
				"folder": {
					"name": "PMA/Deep Macro"
				},
				"annotations": [],
				"type": "DelimitedText",
				"typeProperties": {
					"location": {
						"type": "AzureBlobStorageLocation",
						"folderPath": "staging/pma/deep_macro",
						"container": {
							"value": "@dataset().environment",
							"type": "Expression"
						}
					},
					"columnDelimiter": ",",
					"escapeChar": "\\",
					"firstRowAsHeader": true,
					"quoteChar": "\""
				},
				"schema": [
					{
						"type": "String"
					},
					{
						"type": "String"
					}
				]
			},
			"dependsOn": [
				"[concat(variables('factoryId'), '/linkedServices/AzureBlobStorage1')]"
			]
		},
		{
			"name": "[concat(parameters('factoryName'), '/DelimitedText2')]",
			"type": "Microsoft.DataFactory/factories/datasets",
			"apiVersion": "2018-06-01",
			"properties": {
				"linkedServiceName": {
					"referenceName": "AzureBlobStorage1",
					"type": "LinkedServiceReference"
				},
				"folder": {
					"name": "IDP POC/Accenture"
				},
				"annotations": [],
				"type": "DelimitedText",
				"typeProperties": {
					"location": {
						"type": "AzureBlobStorageLocation",
						"folderPath": "research",
						"container": "raw"
					},
					"columnDelimiter": ",",
					"escapeChar": "\\",
					"quoteChar": "\""
				},
				"schema": [
					{
						"type": "String"
					},
					{
						"type": "String"
					},
					{
						"type": "String"
					},
					{
						"type": "String"
					},
					{
						"type": "String"
					},
					{
						"type": "String"
					},
					{
						"type": "String"
					},
					{
						"type": "String"
					},
					{
						"type": "String"
					},
					{
						"type": "String"
					},
					{
						"type": "String"
					}
				]
			},
			"dependsOn": [
				"[concat(variables('factoryId'), '/linkedServices/AzureBlobStorage1')]"
			]
		},
		{
			"name": "[concat(parameters('factoryName'), '/FileClient')]",
			"type": "Microsoft.DataFactory/factories/datasets",
			"apiVersion": "2018-06-01",
			"properties": {
				"linkedServiceName": {
					"referenceName": "AzureBlobStorage1",
					"type": "LinkedServiceReference"
				},
				"folder": {
					"name": "IDP POC/TPV Export"
				},
				"annotations": [],
				"type": "DelimitedText",
				"typeProperties": {
					"location": {
						"type": "AzureBlobStorageLocation",
						"fileName": "Client.csv",
						"folderPath": "JLee/TPV/Export",
						"container": "raw"
					},
					"columnDelimiter": "|",
					"escapeChar": "\\",
					"firstRowAsHeader": true,
					"quoteChar": "\""
				},
				"schema": []
			},
			"dependsOn": [
				"[concat(variables('factoryId'), '/linkedServices/AzureBlobStorage1')]"
			]
		},
		{
			"name": "[concat(parameters('factoryName'), '/FilePortfolio')]",
			"type": "Microsoft.DataFactory/factories/datasets",
			"apiVersion": "2018-06-01",
			"properties": {
				"linkedServiceName": {
					"referenceName": "AzureBlobStorage1",
					"type": "LinkedServiceReference"
				},
				"folder": {
					"name": "IDP POC/TPV Export"
				},
				"annotations": [],
				"type": "DelimitedText",
				"typeProperties": {
					"location": {
						"type": "AzureBlobStorageLocation",
						"fileName": "Portfolio.csv",
						"folderPath": "JLee/TPV/Export",
						"container": "raw"
					},
					"columnDelimiter": "|",
					"escapeChar": "\\",
					"firstRowAsHeader": true,
					"quoteChar": "\""
				},
				"schema": []
			},
			"dependsOn": [
				"[concat(variables('factoryId'), '/linkedServices/AzureBlobStorage1')]"
			]
		},
		{
			"name": "[concat(parameters('factoryName'), '/FileSecurityDetail')]",
			"type": "Microsoft.DataFactory/factories/datasets",
			"apiVersion": "2018-06-01",
			"properties": {
				"linkedServiceName": {
					"referenceName": "AzureBlobStorage1",
					"type": "LinkedServiceReference"
				},
				"folder": {
					"name": "IDP POC/TPV Export"
				},
				"annotations": [],
				"type": "DelimitedText",
				"typeProperties": {
					"location": {
						"type": "AzureBlobStorageLocation",
						"fileName": "SecurityDetail.csv",
						"folderPath": "JLee/TPV/Export",
						"container": "raw"
					},
					"columnDelimiter": "|",
					"escapeChar": "\\",
					"firstRowAsHeader": true,
					"quoteChar": "\""
				},
				"schema": []
			},
			"dependsOn": [
				"[concat(variables('factoryId'), '/linkedServices/AzureBlobStorage1')]"
			]
		},
		{
			"name": "[concat(parameters('factoryName'), '/FileStrategy')]",
			"type": "Microsoft.DataFactory/factories/datasets",
			"apiVersion": "2018-06-01",
			"properties": {
				"linkedServiceName": {
					"referenceName": "AzureBlobStorage1",
					"type": "LinkedServiceReference"
				},
				"folder": {
					"name": "IDP POC/TPV Export"
				},
				"annotations": [],
				"type": "DelimitedText",
				"typeProperties": {
					"location": {
						"type": "AzureBlobStorageLocation",
						"fileName": "Strategy.csv",
						"folderPath": "JLee/TPV/Export",
						"container": "raw"
					},
					"columnDelimiter": "|",
					"escapeChar": "\\",
					"firstRowAsHeader": true,
					"quoteChar": "\""
				},
				"schema": []
			},
			"dependsOn": [
				"[concat(variables('factoryId'), '/linkedServices/AzureBlobStorage1')]"
			]
		}
	]
}