{
	"$schema": "http://schema.management.azure.com/schemas/2015-01-01/deploymentTemplate.json#",
	"contentVersion": "1.0.0.0",
	"parameters": {
		"factoryName": {
			"type": "string",
			"metadata": "Data Factory name",
			"defaultValue": "imcnoimdmsadf01"
		}
	},
	"variables": {
		"factoryId": "[concat('Microsoft.DataFactory/factories/', parameters('factoryName'))]"
	},
	"resources": [
		{
			"name": "[concat(parameters('factoryName'), '/Process Diversified Markets')]",
			"type": "Microsoft.DataFactory/factories/pipelines",
			"apiVersion": "2018-06-01",
			"properties": {
				"activities": [
					{
						"name": "ForEach Client and Portfolio",
						"description": "",
						"type": "ForEach",
						"dependsOn": [],
						"userProperties": [],
						"typeProperties": {
							"items": {
								"value": "@variables('valueArray')",
								"type": "Expression"
							},
							"isSequential": false,
							"activities": [
								{
									"name": "Execute Process DM notebook",
									"description": "",
									"type": "DatabricksNotebook",
									"dependsOn": [],
									"policy": {
										"timeout": "7.00:00:00",
										"retry": 0,
										"retryIntervalInSeconds": 30,
										"secureOutput": false,
										"secureInput": false
									},
									"userProperties": [],
									"typeProperties": {
										"notebookPath": "/Users/malay.dave@imcoinvest.com/ips/create_ips_check_dm",
										"baseParameters": {
											"analysis_date": {
												"value": "@pipeline().parameters.analysis_date",
												"type": "Expression"
											},
											"batchDateTime": {
												"value": "@pipeline().parameters.batchDateTime",
												"type": "Expression"
											},
											"input": {
												"value": "@item()",
												"type": "Expression"
											}
										}
									},
									"linkedServiceName": {
										"referenceName": "AzureDatabricks2",
										"type": "LinkedServiceReference"
									}
								}
							]
						}
					}
				],
				"parameters": {
					"analysis_date": {
						"type": "string",
						"defaultValue": "2020-01-28"
					},
					"batchDateTime": {
						"type": "string",
						"defaultValue": "2020-02-07T23:59:21.4061448Z"
					}
				},
				"variables": {
					"valueArray": {
						"type": "Array",
						"defaultValue": [
							"WSIB|Diversified Markets"
						]
					}
				},
				"folder": {
					"name": "IDP POC/IPS-UC1"
				},
				"annotations": [],
				"lastPublishTime": "2020-05-04T22:05:49Z"
			},
			"dependsOn": []
		},
		{
			"name": "[concat(parameters('factoryName'), '/Process Global Credit')]",
			"type": "Microsoft.DataFactory/factories/pipelines",
			"apiVersion": "2018-06-01",
			"properties": {
				"activities": [
					{
						"name": "ForEach Client and Portfolio",
						"description": "",
						"type": "ForEach",
						"dependsOn": [],
						"userProperties": [],
						"typeProperties": {
							"items": {
								"value": "@variables('valueArray')",
								"type": "Expression"
							},
							"isSequential": false,
							"batchCount": 2,
							"activities": [
								{
									"name": "Execute Process Global Credit notebook",
									"description": "",
									"type": "DatabricksNotebook",
									"dependsOn": [],
									"policy": {
										"timeout": "7.00:00:00",
										"retry": 0,
										"retryIntervalInSeconds": 30,
										"secureOutput": false,
										"secureInput": false
									},
									"userProperties": [],
									"typeProperties": {
										"notebookPath": "/Users/malay.dave@imcoinvest.com/ips/create_check_global_credit",
										"baseParameters": {
											"analysis_date": {
												"value": "@pipeline().parameters.analysis_date",
												"type": "Expression"
											},
											"batchDateTime": {
												"value": "@pipeline().parameters.batchDateTime",
												"type": "Expression"
											},
											"input": {
												"value": "@item()",
												"type": "Expression"
											}
										}
									},
									"linkedServiceName": {
										"referenceName": "AzureDatabricks2",
										"type": "LinkedServiceReference"
									}
								}
							]
						}
					}
				],
				"parameters": {
					"analysis_date": {
						"type": "string",
						"defaultValue": "2020-01-28"
					},
					"batchDateTime": {
						"type": "string",
						"defaultValue": "2020-02-07T23:59:21.4061448Z"
					}
				},
				"variables": {
					"valueArray": {
						"type": "Array",
						"defaultValue": [
							"OPB|Global Credit",
							"WSIB|Global Credit"
						]
					}
				},
				"folder": {
					"name": "IDP POC/IPS-UC1"
				},
				"annotations": [],
				"lastPublishTime": "2020-05-04T22:05:49Z"
			},
			"dependsOn": []
		},
		{
			"name": "[concat(parameters('factoryName'), '/Process Money Market')]",
			"type": "Microsoft.DataFactory/factories/pipelines",
			"apiVersion": "2018-06-01",
			"properties": {
				"activities": [
					{
						"name": "ForEach Client and Portfolio",
						"description": "",
						"type": "ForEach",
						"dependsOn": [],
						"userProperties": [],
						"typeProperties": {
							"items": {
								"value": "@variables('valueArray')",
								"type": "Expression"
							},
							"isSequential": false,
							"batchCount": 2,
							"activities": [
								{
									"name": "Execute Process MM notebook",
									"description": "",
									"type": "DatabricksNotebook",
									"dependsOn": [],
									"policy": {
										"timeout": "7.00:00:00",
										"retry": 0,
										"retryIntervalInSeconds": 30,
										"secureOutput": false,
										"secureInput": false
									},
									"userProperties": [],
									"typeProperties": {
										"notebookPath": "/Users/malay.dave@imcoinvest.com/ips/create_check_mm",
										"baseParameters": {
											"analysis_date": {
												"value": "@pipeline().parameters.analysis_date",
												"type": "Expression"
											},
											"batchDateTime": {
												"value": "@pipeline().parameters.batchDateTime",
												"type": "Expression"
											},
											"input": {
												"value": "@item()",
												"type": "Expression"
											}
										}
									},
									"linkedServiceName": {
										"referenceName": "AzureDatabricks2",
										"type": "LinkedServiceReference"
									}
								}
							]
						}
					}
				],
				"parameters": {
					"analysis_date": {
						"type": "string",
						"defaultValue": "2020-01-28"
					},
					"batchDateTime": {
						"type": "string",
						"defaultValue": "2020-02-07T23:59:21.4061448Z"
					}
				},
				"variables": {
					"valueArray": {
						"type": "Array",
						"defaultValue": [
							"OPB|Money Market",
							"WSIB|Money Market"
						]
					}
				},
				"folder": {
					"name": "IDP POC/IPS-UC1"
				},
				"annotations": [],
				"lastPublishTime": "2020-05-04T22:05:49Z"
			},
			"dependsOn": []
		},
		{
			"name": "[concat(parameters('factoryName'), '/Process PMA')]",
			"type": "Microsoft.DataFactory/factories/pipelines",
			"apiVersion": "2018-06-01",
			"properties": {
				"activities": [
					{
						"name": "ForEach Client and Portfolio",
						"description": "",
						"type": "ForEach",
						"dependsOn": [],
						"userProperties": [],
						"typeProperties": {
							"items": {
								"value": "@variables('valueArray')",
								"type": "Expression"
							},
							"isSequential": false,
							"batchCount": 2,
							"activities": [
								{
									"name": "Execute Process PMA notebook",
									"description": "",
									"type": "DatabricksNotebook",
									"dependsOn": [],
									"policy": {
										"timeout": "7.00:00:00",
										"retry": 0,
										"retryIntervalInSeconds": 30,
										"secureOutput": false,
										"secureInput": false
									},
									"userProperties": [],
									"typeProperties": {
										"notebookPath": "/Users/malay.dave@imcoinvest.com/ips/create_check_pma",
										"baseParameters": {
											"analysis_date": {
												"value": "@pipeline().parameters.analysis_date",
												"type": "Expression"
											},
											"batchDateTime": {
												"value": "@pipeline().parameters.batchDateTime",
												"type": "Expression"
											},
											"input": {
												"value": "@item()",
												"type": "Expression"
											}
										}
									},
									"linkedServiceName": {
										"referenceName": "AzureDatabricks2",
										"type": "LinkedServiceReference"
									}
								}
							]
						}
					}
				],
				"parameters": {
					"analysis_date": {
						"type": "string",
						"defaultValue": "2020-01-28"
					},
					"batchDateTime": {
						"type": "string",
						"defaultValue": "2020-02-07T23:59:21.4061448Z"
					}
				},
				"variables": {
					"valueArray": {
						"type": "Array",
						"defaultValue": [
							"OPB|Internal PMA",
							"WSIB|External PMA"
						]
					}
				},
				"folder": {
					"name": "IDP POC/IPS-UC1"
				},
				"annotations": [],
				"lastPublishTime": "2020-05-04T22:05:49Z"
			},
			"dependsOn": []
		},
		{
			"name": "[concat(parameters('factoryName'), '/Process Public EQ')]",
			"type": "Microsoft.DataFactory/factories/pipelines",
			"apiVersion": "2018-06-01",
			"properties": {
				"activities": [
					{
						"name": "ForEach Client and Portfolio",
						"description": "All 6 combinations of client and portfolio will be processed in parallel",
						"type": "ForEach",
						"dependsOn": [],
						"userProperties": [],
						"typeProperties": {
							"items": {
								"value": "@variables('valueArray')",
								"type": "Expression"
							},
							"isSequential": false,
							"batchCount": 5,
							"activities": [
								{
									"name": "Execute Process Public Equity",
									"description": "",
									"type": "DatabricksNotebook",
									"dependsOn": [],
									"policy": {
										"timeout": "7.00:00:00",
										"retry": 1,
										"retryIntervalInSeconds": 30,
										"secureOutput": false,
										"secureInput": false
									},
									"userProperties": [],
									"typeProperties": {
										"notebookPath": "/Users/malay.dave@imcoinvest.com/ips/create_check_public_eq",
										"baseParameters": {
											"analysis_date": {
												"value": "@pipeline().parameters.analysis_date",
												"type": "Expression"
											},
											"batchDateTime": {
												"value": "@pipeline().parameters.batchDateTime",
												"type": "Expression"
											},
											"input": {
												"value": "@item()",
												"type": "Expression"
											}
										}
									},
									"linkedServiceName": {
										"referenceName": "AzureDatabricks2",
										"type": "LinkedServiceReference"
									}
								}
							]
						}
					}
				],
				"parameters": {
					"analysis_date": {
						"type": "string",
						"defaultValue": "2020-01-28"
					},
					"batchDateTime": {
						"type": "string",
						"defaultValue": "2020-02-07T23:59:21.4061448Z"
					}
				},
				"variables": {
					"valueArray": {
						"type": "Array",
						"defaultValue": [
							"OPB|Canadian Equity",
							"OPB|Global Equity",
							"OPB|EM Equity",
							"WSIB|Canadian Equity",
							"WSIB|Global Equity"
						]
					}
				},
				"folder": {
					"name": "IDP POC/IPS-UC1"
				},
				"annotations": [],
				"lastPublishTime": "2020-05-04T22:05:49Z"
			},
			"dependsOn": []
		},
		{
			"name": "[concat(parameters('factoryName'), '/AzureSynapseAdmin')]",
			"type": "Microsoft.DataFactory/factories/datasets",
			"apiVersion": "2018-06-01",
			"properties": {
				"linkedServiceName": {
					"referenceName": "AzureSynapseDWAdmin",
					"type": "LinkedServiceReference"
				},
				"folder": {
					"name": "Admin"
				},
				"annotations": [],
				"type": "AzureSqlDWTable",
				"schema": [],
				"typeProperties": {}
			},
			"dependsOn": []
		},
		{
			"name": "[concat(parameters('factoryName'), '/AzureSynapseSecurityDetail')]",
			"type": "Microsoft.DataFactory/factories/datasets",
			"apiVersion": "2018-06-01",
			"properties": {
				"linkedServiceName": {
					"referenceName": "AzureSynapseDW",
					"type": "LinkedServiceReference"
				},
				"folder": {
					"name": "IDP POC/TPV Export"
				},
				"annotations": [],
				"type": "AzureSqlDWTable",
				"schema": [],
				"typeProperties": {}
			},
			"dependsOn": []
		},
		{
			"name": "[concat(parameters('factoryName'), '/Azure_DW')]",
			"type": "Microsoft.DataFactory/factories/datasets",
			"apiVersion": "2018-06-01",
			"properties": {
				"linkedServiceName": {
					"referenceName": "AzureSynapseDW",
					"type": "LinkedServiceReference"
				},
				"parameters": {
					"schema": {
						"type": "string"
					},
					"table": {
						"type": "string"
					}
				},
				"folder": {
					"name": "Datawarehouse"
				},
				"annotations": [],
				"type": "AzureSqlDWTable",
				"schema": [],
				"typeProperties": {
					"schema": {
						"value": "@dataset().schema",
						"type": "Expression"
					},
					"table": {
						"value": "@dataset().table",
						"type": "Expression"
					}
				}
			},
			"dependsOn": []
		},
		{
			"name": "[concat(parameters('factoryName'), '/Deep_Macro_Source')]",
			"type": "Microsoft.DataFactory/factories/datasets",
			"apiVersion": "2018-06-01",
			"properties": {
				"linkedServiceName": {
					"referenceName": "DeepMacro",
					"type": "LinkedServiceReference"
				},
				"folder": {
					"name": "PMA/Deep Macro"
				},
				"annotations": [],
				"type": "DelimitedText",
				"typeProperties": {
					"location": {
						"type": "AmazonS3Location",
						"bucketName": "dm.cust.a4b045e"
					},
					"columnDelimiter": ",",
					"escapeChar": "\\",
					"firstRowAsHeader": true,
					"quoteChar": "\""
				},
				"schema": [
					{
						"name": "date",
						"type": "String"
					},
					{
						"name": "ScanInf",
						"type": "String"
					}
				]
			},
			"dependsOn": []
		},
		{
			"name": "[concat(parameters('factoryName'), '/DelimitedText1')]",
			"type": "Microsoft.DataFactory/factories/datasets",
			"apiVersion": "2018-06-01",
			"properties": {
				"linkedServiceName": {
					"referenceName": "Sftp1",
					"type": "LinkedServiceReference"
				},
				"folder": {
					"name": "IDP POC/Accenture"
				},
				"annotations": [],
				"type": "DelimitedText",
				"typeProperties": {
					"location": {
						"type": "SftpLocation",
						"folderPath": "/sftpuser1/Research"
					},
					"columnDelimiter": ",",
					"escapeChar": "\\",
					"quoteChar": "\""
				},
				"schema": [
					{
						"type": "String"
					},
					{
						"type": "String"
					},
					{
						"type": "String"
					},
					{
						"type": "String"
					},
					{
						"type": "String"
					},
					{
						"type": "String"
					},
					{
						"type": "String"
					},
					{
						"type": "String"
					},
					{
						"type": "String"
					},
					{
						"type": "String"
					},
					{
						"type": "String"
					},
					{
						"type": "String"
					},
					{
						"type": "String"
					},
					{
						"type": "String"
					},
					{
						"type": "String"
					},
					{
						"type": "String"
					},
					{
						"type": "String"
					},
					{
						"type": "String"
					},
					{
						"type": "String"
					},
					{
						"type": "String"
					},
					{
						"type": "String"
					},
					{
						"type": "String"
					},
					{
						"type": "String"
					},
					{
						"type": "String"
					},
					{
						"type": "String"
					},
					{
						"type": "String"
					},
					{
						"type": "String"
					},
					{
						"type": "String"
					},
					{
						"type": "String"
					},
					{
						"type": "String"
					},
					{
						"type": "String"
					},
					{
						"type": "String"
					},
					{
						"type": "String"
					},
					{
						"type": "String"
					},
					{
						"type": "String"
					},
					{
						"type": "String"
					},
					{
						"type": "String"
					},
					{
						"type": "String"
					},
					{
						"type": "String"
					},
					{
						"type": "String"
					},
					{
						"type": "String"
					},
					{
						"type": "String"
					},
					{
						"type": "String"
					},
					{
						"type": "String"
					},
					{
						"type": "String"
					},
					{
						"type": "String"
					},
					{
						"type": "String"
					},
					{
						"type": "String"
					},
					{
						"type": "String"
					},
					{
						"type": "String"
					},
					{
						"type": "String"
					},
					{
						"type": "String"
					},
					{
						"type": "String"
					},
					{
						"type": "String"
					},
					{
						"type": "String"
					},
					{
						"type": "String"
					},
					{
						"type": "String"
					},
					{
						"type": "String"
					},
					{
						"type": "String"
					},
					{
						"type": "String"
					}
				]
			},
			"dependsOn": []
		},
		{
			"name": "[concat(parameters('factoryName'), '/EagleEntity')]",
			"type": "Microsoft.DataFactory/factories/datasets",
			"apiVersion": "2018-06-01",
			"properties": {
				"linkedServiceName": {
					"referenceName": "AzureSynapseDW",
					"type": "LinkedServiceReference"
				},
				"folder": {
					"name": "Datawarehouse/Eagle Staging"
				},
				"annotations": [],
				"type": "AzureSqlDWTable",
				"schema": [
					{
						"name": "UPD_DATE",
						"type": "datetime2",
						"scale": 7
					},
					{
						"name": "ENTITY_ID",
						"type": "char"
					},
					{
						"name": "ENTITY_NAME",
						"type": "char"
					},
					{
						"name": "ENTITY_TYPE",
						"type": "char"
					},
					{
						"name": "STATE_CODE",
						"type": "char"
					},
					{
						"name": "BASE_CURRENCY",
						"type": "char"
					},
					{
						"name": "PORTFOLIO_TYPE_CODE",
						"type": "char"
					},
					{
						"name": "ENTITY_LONG_NAME",
						"type": "char"
					},
					{
						"name": "UPD_USER",
						"type": "char"
					},
					{
						"name": "TAX_STATUS",
						"type": "char"
					},
					{
						"name": "STYLE",
						"type": "char"
					},
					{
						"name": "ENTITY_ALIAS",
						"type": "decimal",
						"precision": 18,
						"scale": 0
					},
					{
						"name": "MANAGER_NAME",
						"type": "char"
					},
					{
						"name": "CLIENT_ID",
						"type": "decimal",
						"precision": 18,
						"scale": 0
					},
					{
						"name": "LEGAL_NAME",
						"type": "varchar"
					},
					{
						"name": "INCEPTION_DATE",
						"type": "datetime2",
						"scale": 7
					},
					{
						"name": "CUSTODY_BANK",
						"type": "varchar"
					},
					{
						"name": "USER_FIELD1",
						"type": "varchar"
					},
					{
						"name": "ACTIVE_STATUS",
						"type": "varchar"
					},
					{
						"name": "USER_FIELD2",
						"type": "varchar"
					},
					{
						"name": "USER_FIELD3",
						"type": "varchar"
					},
					{
						"name": "INCEPTION_VALUE",
						"type": "decimal",
						"precision": 28,
						"scale": 12
					},
					{
						"name": "CASH_BALANCE",
						"type": "decimal",
						"precision": 28,
						"scale": 12
					},
					{
						"name": "USER_DATE1",
						"type": "datetime2",
						"scale": 7
					},
					{
						"name": "USER_DATE2",
						"type": "datetime2",
						"scale": 7
					},
					{
						"name": "USER_DATE3",
						"type": "datetime2",
						"scale": 7
					},
					{
						"name": "USER_DATE4",
						"type": "datetime2",
						"scale": 7
					},
					{
						"name": "USER_FLOAT1",
						"type": "decimal",
						"precision": 28,
						"scale": 12
					},
					{
						"name": "USER_FLOAT2",
						"type": "decimal",
						"precision": 28,
						"scale": 12
					},
					{
						"name": "TERMINATION_DATE",
						"type": "datetime2",
						"scale": 7
					},
					{
						"name": "USER_FLOAT3",
						"type": "decimal",
						"precision": 28,
						"scale": 12
					},
					{
						"name": "FISCAL_END_DATE",
						"type": "datetime2",
						"scale": 7
					},
					{
						"name": "USER_FIELD4",
						"type": "varchar"
					},
					{
						"name": "USER_FIELD5",
						"type": "varchar"
					},
					{
						"name": "ENTITY_BUILD_FLAG",
						"type": "char"
					},
					{
						"name": "USER_FLOAT4",
						"type": "decimal",
						"precision": 28,
						"scale": 12
					},
					{
						"name": "USER_FLOAT5",
						"type": "decimal",
						"precision": 28,
						"scale": 12
					},
					{
						"name": "USER_FLOAT6",
						"type": "decimal",
						"precision": 28,
						"scale": 12
					},
					{
						"name": "USER_FLOAT7",
						"type": "decimal",
						"precision": 28,
						"scale": 12
					},
					{
						"name": "USER_FLOAT8",
						"type": "decimal",
						"precision": 28,
						"scale": 12
					},
					{
						"name": "USER_FLOAT9",
						"type": "decimal",
						"precision": 28,
						"scale": 12
					},
					{
						"name": "USER_FLOAT10",
						"type": "decimal",
						"precision": 28,
						"scale": 12
					},
					{
						"name": "SRC_INTFC_INST",
						"type": "decimal",
						"precision": 18,
						"scale": 0
					},
					{
						"name": "USER_FIELD6",
						"type": "varchar"
					},
					{
						"name": "USER_FIELD7",
						"type": "varchar"
					},
					{
						"name": "USER_FIELD8",
						"type": "varchar"
					},
					{
						"name": "USER_FIELD9",
						"type": "varchar"
					},
					{
						"name": "USER_FIELD10",
						"type": "varchar"
					},
					{
						"name": "USER_FIELD11",
						"type": "varchar"
					},
					{
						"name": "USER_FIELD12",
						"type": "varchar"
					},
					{
						"name": "USER_FIELD13",
						"type": "varchar"
					},
					{
						"name": "USER_FIELD14",
						"type": "varchar"
					},
					{
						"name": "USER_FIELD15",
						"type": "varchar"
					},
					{
						"name": "USER_FIELD16",
						"type": "varchar"
					},
					{
						"name": "USER_FIELD17",
						"type": "varchar"
					},
					{
						"name": "USER_FIELD18",
						"type": "varchar"
					},
					{
						"name": "USER_FIELD19",
						"type": "varchar"
					},
					{
						"name": "USER_FIELD20",
						"type": "varchar"
					},
					{
						"name": "USER_FIELD21",
						"type": "varchar"
					},
					{
						"name": "USER_FIELD22",
						"type": "varchar"
					},
					{
						"name": "USER_FIELD23",
						"type": "varchar"
					},
					{
						"name": "USER_FIELD24",
						"type": "varchar"
					},
					{
						"name": "USER_FIELD25",
						"type": "varchar"
					},
					{
						"name": "USER_DATE5",
						"type": "datetime2",
						"scale": 7
					},
					{
						"name": "DYNAGG_FLAG",
						"type": "decimal",
						"precision": 18,
						"scale": 0
					},
					{
						"name": "ACCOUNTING_BASIS",
						"type": "varchar"
					},
					{
						"name": "COST_METHOD",
						"type": "varchar"
					},
					{
						"name": "LOT_SELECTION_METHOD",
						"type": "varchar"
					},
					{
						"name": "TRADE_STATUS",
						"type": "varchar"
					},
					{
						"name": "TECHNICAL_SHORT_INDICATOR",
						"type": "varchar"
					},
					{
						"name": "AUTO_SETTLE_INDICATOR",
						"type": "varchar"
					},
					{
						"name": "AMORTIZATION_METHOD",
						"type": "varchar"
					},
					{
						"name": "WASH_SALE_INHIBIT_INDICATOR",
						"type": "varchar"
					},
					{
						"name": "AMORTIZATION_INDICATOR",
						"type": "varchar"
					},
					{
						"name": "PRICE_SOURCE",
						"type": "char"
					},
					{
						"name": "CON_CASH_TYPE",
						"type": "varchar"
					},
					{
						"name": "STAR_PARTITION",
						"type": "decimal",
						"precision": 38,
						"scale": 0
					},
					{
						"name": "TAX_ID_NUMBER",
						"type": "varchar"
					},
					{
						"name": "COUNTRY_OF_TAX",
						"type": "varchar"
					},
					{
						"name": "FX_SOURCE",
						"type": "char"
					},
					{
						"name": "COA_NAME",
						"type": "varchar"
					},
					{
						"name": "GAIN_LOSS_PYDN",
						"type": "char"
					},
					{
						"name": "PRICE_METHOD",
						"type": "char"
					},
					{
						"name": "FRONT_END_LOAD",
						"type": "decimal",
						"precision": 28,
						"scale": 12
					},
					{
						"name": "CDSC_LOAD_YEAR_1",
						"type": "decimal",
						"precision": 28,
						"scale": 12
					},
					{
						"name": "CDSC_LOAD_YEAR_2",
						"type": "decimal",
						"precision": 28,
						"scale": 12
					},
					{
						"name": "CDSC_LOAD_YEAR_3",
						"type": "decimal",
						"precision": 28,
						"scale": 12
					},
					{
						"name": "CDSC_LOAD_YEAR_4",
						"type": "decimal",
						"precision": 28,
						"scale": 12
					},
					{
						"name": "CDSC_LOAD_YEAR_5",
						"type": "decimal",
						"precision": 28,
						"scale": 12
					},
					{
						"name": "CDSC_LOAD_YEAR_6",
						"type": "decimal",
						"precision": 28,
						"scale": 12
					},
					{
						"name": "PIN_NUMBER",
						"type": "char"
					},
					{
						"name": "MARKETING_OPEN_DATE",
						"type": "datetime2",
						"scale": 7
					},
					{
						"name": "LAST_CUST_TRN_DATE",
						"type": "datetime2",
						"scale": 7
					},
					{
						"name": "LAST_SYS_TRN_DATE",
						"type": "datetime2",
						"scale": 7
					},
					{
						"name": "ACC_SYS_OPENING_DATE",
						"type": "datetime2",
						"scale": 7
					},
					{
						"name": "TO_DDA_TRUST_TRANSFER_ACC",
						"type": "char"
					},
					{
						"name": "FROM_DDA_TRUST_TRANSFER_ACC",
						"type": "char"
					},
					{
						"name": "PRINCIPAL_SUSPENSE_ACC",
						"type": "char"
					},
					{
						"name": "INT_FEE_SUSPENSE_ACC",
						"type": "char"
					},
					{
						"name": "CAPITAL_SUSPENSE_ACC",
						"type": "char"
					},
					{
						"name": "DETAILS_ON_DEFAULT_VALUES",
						"type": "varchar"
					},
					{
						"name": "LEGAL_STATUS",
						"type": "char"
					},
					{
						"name": "DORMANCY_STATUS",
						"type": "char"
					},
					{
						"name": "BANK_BRANCH_CODE",
						"type": "char"
					},
					{
						"name": "CUSTOMER_TYPE",
						"type": "char"
					},
					{
						"name": "MARKETING_GROUP",
						"type": "char"
					},
					{
						"name": "PARENT_COUNTRY_CODE",
						"type": "char"
					},
					{
						"name": "RISK_COUNTRY_CODE",
						"type": "char"
					},
					{
						"name": "LANGUAGE",
						"type": "char"
					},
					{
						"name": "CLOSED_FLAG",
						"type": "char"
					},
					{
						"name": "INACTIVE_FLAG",
						"type": "char"
					},
					{
						"name": "UNIT_OFFICER",
						"type": "char"
					},
					{
						"name": "VISITING_OFFICER",
						"type": "char"
					},
					{
						"name": "ACCOUNT_ORIGINATOR",
						"type": "char"
					},
					{
						"name": "SUNDRY_CODE",
						"type": "char"
					},
					{
						"name": "ACCOUNT_STATUS",
						"type": "char"
					},
					{
						"name": "ANALYSIS_CODE",
						"type": "char"
					},
					{
						"name": "TRANSFER_METHOD",
						"type": "char"
					},
					{
						"name": "MESSAGE_CODE",
						"type": "char"
					},
					{
						"name": "INTEREST_PAY_CODE",
						"type": "char"
					},
					{
						"name": "THIRD_PARTY_REFERRAL",
						"type": "char"
					},
					{
						"name": "EARN_PROCESS_FREQ",
						"type": "varchar"
					},
					{
						"name": "VAR_RATE_SOURCE",
						"type": "varchar"
					},
					{
						"name": "PORT_COMP_TYPE",
						"type": "varchar"
					},
					{
						"name": "ACCNT_DT_RULE_GRP",
						"type": "char"
					},
					{
						"name": "ACCT_DT_RULE_PRIORITY",
						"type": "decimal",
						"precision": 18,
						"scale": 0
					},
					{
						"name": "FLOATWEIGHT_FLAG",
						"type": "decimal",
						"precision": 18,
						"scale": 0
					},
					{
						"name": "ALTERNATE_TO_CURRENCY",
						"type": "char"
					},
					{
						"name": "ENTITY_CODE",
						"type": "varchar"
					},
					{
						"name": "RELEASE_STATUS",
						"type": "varchar"
					},
					{
						"name": "BANK_ACCOUNT_NUMBER",
						"type": "varchar"
					},
					{
						"name": "CONFIDENTIALITY_IND",
						"type": "varchar"
					},
					{
						"name": "ERISA_IND",
						"type": "varchar"
					},
					{
						"name": "ENTITY_SUB_TYPE",
						"type": "varchar"
					},
					{
						"name": "POOLED_FUND_TYPE",
						"type": "varchar"
					},
					{
						"name": "BUSINESS_SECTOR",
						"type": "varchar"
					},
					{
						"name": "MOST_FAVORED_NATIONS_IND",
						"type": "varchar"
					},
					{
						"name": "ODD_MONTH_END_IND",
						"type": "varchar"
					},
					{
						"name": "PRIMARY_TRADING_SYSTEM",
						"type": "varchar"
					},
					{
						"name": "PRIOR_YEAR_REVENUE",
						"type": "decimal",
						"precision": 28,
						"scale": 12
					},
					{
						"name": "SUB_ADVISORY_ACCOUNT_IND",
						"type": "varchar"
					},
					{
						"name": "TERMINATION_MARKET_VALUE",
						"type": "decimal",
						"precision": 28,
						"scale": 12
					},
					{
						"name": "INCENTIVE_FEE",
						"type": "decimal",
						"precision": 28,
						"scale": 12
					},
					{
						"name": "YTD_REVENUE",
						"type": "decimal",
						"precision": 28,
						"scale": 12
					},
					{
						"name": "VOTE_PROXY_IND",
						"type": "varchar"
					},
					{
						"name": "TRUST_ACCOUNT_IND",
						"type": "varchar"
					},
					{
						"name": "ACCOUNT_LEGAL_FORM",
						"type": "varchar"
					},
					{
						"name": "DIRECT_ACCOUNT_IND",
						"type": "varchar"
					},
					{
						"name": "ORIG_ACCNT_NUMBER",
						"type": "varchar"
					},
					{
						"name": "ORIG_SOURCE_SYSTEM",
						"type": "varchar"
					},
					{
						"name": "NAV_ROUNDING",
						"type": "varchar"
					},
					{
						"name": "NUMBER_OF_NAV_DIGITS",
						"type": "decimal",
						"precision": 38,
						"scale": 0
					},
					{
						"name": "REPORTING_NAME",
						"type": "varchar"
					},
					{
						"name": "AMORTIZATION_METHOD_TE",
						"type": "varchar"
					},
					{
						"name": "AMORT_METHOD_MKT_DISC",
						"type": "varchar"
					},
					{
						"name": "AMORT_METHOD_MKT_DISC_TAX_EX",
						"type": "varchar"
					},
					{
						"name": "REPORTING_BASIS",
						"type": "varchar"
					},
					{
						"name": "ASSET_CLASS",
						"type": "varchar"
					},
					{
						"name": "LEGAL_AGREEMENT_WITH",
						"type": "varchar"
					},
					{
						"name": "INVEST_ADR_IND",
						"type": "varchar"
					},
					{
						"name": "INVEST_FOREIGN_IND",
						"type": "varchar"
					},
					{
						"name": "QUALIFIED_BUYER_IND",
						"type": "varchar"
					},
					{
						"name": "FUNDING_METHOD",
						"type": "varchar"
					},
					{
						"name": "MAINTAIN_PROXY_LOG_IND",
						"type": "varchar"
					},
					{
						"name": "EFFECTIVE_TAX_RATE1",
						"type": "decimal",
						"precision": 28,
						"scale": 12
					},
					{
						"name": "EFFECTIVE_TAX_RATE2",
						"type": "decimal",
						"precision": 28,
						"scale": 12
					},
					{
						"name": "TE_ELECTION",
						"type": "varchar"
					},
					{
						"name": "TE_LEVEL",
						"type": "varchar"
					},
					{
						"name": "TE_PROFILE",
						"type": "varchar"
					},
					{
						"name": "CDSC_LOAD_YEAR_7",
						"type": "decimal",
						"precision": 28,
						"scale": 12
					},
					{
						"name": "CDSC_LOAD_YEAR_8",
						"type": "decimal",
						"precision": 28,
						"scale": 12
					},
					{
						"name": "CDSC_LOAD_YEAR_9",
						"type": "decimal",
						"precision": 28,
						"scale": 12
					},
					{
						"name": "CDSC_LOAD_YEAR_10",
						"type": "decimal",
						"precision": 28,
						"scale": 12
					},
					{
						"name": "FX_DAYS_OFFSET",
						"type": "decimal",
						"precision": 38,
						"scale": 0
					},
					{
						"name": "FX_SOURCE_RULE_ID",
						"type": "decimal",
						"precision": 38,
						"scale": 0
					},
					{
						"name": "MF_PARENT_ID",
						"type": "char"
					},
					{
						"name": "COSTCASH_BULKING",
						"type": "varchar"
					},
					{
						"name": "PLEDGED_QTY_CHECK_FLAG",
						"type": "varchar"
					},
					{
						"name": "LEI",
						"type": "varchar"
					},
					{
						"name": "MONEY_MARKET_TYPE",
						"type": "varchar"
					},
					{
						"name": "FINAL_NPORT_FILING_DATE",
						"type": "datetime2",
						"scale": 7
					},
					{
						"name": "EXCHANGE",
						"type": "varchar"
					},
					{
						"name": "PROSPECTUS",
						"type": "varchar"
					},
					{
						"name": "ENTITY_FUND_TYPE",
						"type": "varchar"
					},
					{
						"name": "DEFAULT_DERIV_REASON",
						"type": "varchar"
					},
					{
						"name": "MIL_RATE_ROUNDING",
						"type": "varchar"
					},
					{
						"name": "NUMBER_OF_MIL_RATE_DIGITS",
						"type": "decimal",
						"precision": 38,
						"scale": 0
					},
					{
						"name": "BLENDED_MILL_RATE",
						"type": "varchar"
					}
				],
				"typeProperties": {
					"schema": {
						"value": "DataWarehouse_Staging",
						"type": "Expression"
					},
					"table": {
						"value": "Eagle_ENTITY",
						"type": "Expression"
					}
				}
			},
			"dependsOn": []
		},
		{
			"name": "[concat(parameters('factoryName'), '/Eagle_Staging')]",
			"type": "Microsoft.DataFactory/factories/datasets",
			"apiVersion": "2018-06-01",
			"properties": {
				"linkedServiceName": {
					"referenceName": "Oracle_EagleIDW",
					"type": "LinkedServiceReference"
				},
				"folder": {
					"name": "Datawarehouse"
				},
				"annotations": [],
				"type": "OracleTable",
				"schema": [],
				"typeProperties": {}
			},
			"dependsOn": []
		},
		{
			"name": "[concat(parameters('factoryName'), '/HubPortfolio')]",
			"type": "Microsoft.DataFactory/factories/datasets",
			"apiVersion": "2018-06-01",
			"properties": {
				"linkedServiceName": {
					"referenceName": "AzureSynapseDW",
					"type": "LinkedServiceReference"
				},
				"folder": {
					"name": "Datawarehouse/Hub"
				},
				"annotations": [],
				"type": "AzureSqlDWTable",
				"schema": [
					{
						"name": "Portfolio_Key",
						"type": "varbinary"
					},
					{
						"name": "Portfolio_ID",
						"type": "varchar"
					},
					{
						"name": "Portfolio_Name",
						"type": "varchar"
					},
					{
						"name": "Load_DTS",
						"type": "datetime2",
						"scale": 7
					},
					{
						"name": "Process_ID",
						"type": "int",
						"precision": 10
					},
					{
						"name": "Record_Src",
						"type": "varchar"
					}
				],
				"typeProperties": {
					"schema": {
						"value": "DataWarehouse_DVRAW",
						"type": "Expression"
					},
					"table": {
						"value": "Hub_Portfolio_POC",
						"type": "Expression"
					}
				}
			},
			"dependsOn": []
		},
		{
			"name": "[concat(parameters('factoryName'), '/JobProcess')]",
			"type": "Microsoft.DataFactory/factories/datasets",
			"apiVersion": "2018-06-01",
			"properties": {
				"linkedServiceName": {
					"referenceName": "AzureSynapseDW",
					"type": "LinkedServiceReference"
				},
				"folder": {
					"name": "Datawarehouse/ControlTables"
				},
				"annotations": [],
				"type": "AzureSqlDWTable",
				"schema": [
					{
						"name": "Job_ID",
						"type": "int",
						"precision": 10
					},
					{
						"name": "Process_Name",
						"type": "varchar"
					},
					{
						"name": "Process_Status",
						"type": "varchar"
					},
					{
						"name": "Process_Start_DTS",
						"type": "datetime2",
						"scale": 7
					},
					{
						"name": "Process_End_DTS",
						"type": "datetime2",
						"scale": 7
					},
					{
						"name": "ExceptionMessage",
						"type": "nvarchar"
					}
				],
				"typeProperties": {
					"schema": {
						"value": "DataWarehouse_Staging",
						"type": "Expression"
					},
					"table": {
						"value": "Job_Process",
						"type": "Expression"
					}
				}
			},
			"dependsOn": []
		},
		{
			"name": "[concat(parameters('factoryName'), '/KeyErrors')]",
			"type": "Microsoft.DataFactory/factories/datasets",
			"apiVersion": "2018-06-01",
			"properties": {
				"linkedServiceName": {
					"referenceName": "AzureSynapseDW",
					"type": "LinkedServiceReference"
				},
				"folder": {
					"name": "Datawarehouse/ControlTables"
				},
				"annotations": [],
				"type": "AzureSqlDWTable",
				"schema": [
					{
						"name": "Error_Desc",
						"type": "varchar"
					},
					{
						"name": "Source_System",
						"type": "varchar"
					},
					{
						"name": "Table",
						"type": "varchar"
					},
					{
						"name": "Query",
						"type": "varchar"
					},
					{
						"name": "Key",
						"type": "varchar"
					},
					{
						"name": "Dup_Count",
						"type": "int",
						"precision": 10
					},
					{
						"name": "Check_Date",
						"type": "datetime2",
						"scale": 7
					}
				],
				"typeProperties": {
					"schema": {
						"value": "DataWarehouse_DVRAW",
						"type": "Expression"
					},
					"table": {
						"value": "Key_Errors",
						"type": "Expression"
					}
				}
			},
			"dependsOn": []
		},
		{
			"name": "[concat(parameters('factoryName'), '/Morgan_Stanley_SFTP_Dataset')]",
			"type": "Microsoft.DataFactory/factories/datasets",
			"apiVersion": "2018-06-01",
			"properties": {
				"linkedServiceName": {
					"referenceName": "SFTP_Morgan_Stanley",
					"type": "LinkedServiceReference"
				},
				"folder": {
					"name": "PMA/Morgan Stanley"
				},
				"annotations": [],
				"type": "DelimitedText",
				"typeProperties": {
					"location": {
						"type": "SftpLocation",
						"folderPath": "/download"
					},
					"columnDelimiter": ",",
					"escapeChar": "\\",
					"firstRowAsHeader": true,
					"quoteChar": "\""
				},
				"schema": [
					{
						"name": "AS_OF_DATE",
						"type": "String"
					},
					{
						"name": "IDENTIFIER",
						"type": "String"
					},
					{
						"name": "FLOMO",
						"type": "String"
					},
					{
						"name": "SRC_UPDATE_DATETIME",
						"type": "String"
					},
					{
						"name": "RUN_TIMESTAMP",
						"type": "String"
					}
				]
			},
			"dependsOn": []
		},
		{
			"name": "[concat(parameters('factoryName'), '/OPBSAAAdjustedSpreadsheetBinary')]",
			"type": "Microsoft.DataFactory/factories/datasets",
			"apiVersion": "2018-06-01",
			"properties": {
				"description": "Dataset for OPB SAA Adjusted Excel Spreadsheet - from source SFTP server",
				"linkedServiceName": {
					"referenceName": "Sftp1",
					"type": "LinkedServiceReference"
				},
				"folder": {
					"name": "IDP POC/Accenture"
				},
				"annotations": [],
				"type": "Binary",
				"typeProperties": {
					"location": {
						"type": "SftpLocation",
						"fileName": "*IPS Asset Mix*xlsx",
						"folderPath": "/sftpuser1/TPV/WD3_OPB_SAA"
					}
				}
			},
			"dependsOn": []
		},
		{
			"name": "[concat(parameters('factoryName'), '/OPB_positions_export')]",
			"type": "Microsoft.DataFactory/factories/datasets",
			"apiVersion": "2018-06-01",
			"properties": {
				"description": "Dataset for opb_positions_export.csv  - from source SFTP server",
				"linkedServiceName": {
					"referenceName": "Sftp1",
					"type": "LinkedServiceReference"
				},
				"folder": {
					"name": "IDP POC/Accenture"
				},
				"annotations": [],
				"type": "Binary",
				"typeProperties": {
					"location": {
						"type": "SftpLocation",
						"fileName": "opb_positions_export.csv",
						"folderPath": "/sftpuser1/TPV/opb_positions_export"
					}
				}
			},
			"dependsOn": []
		},
		{
			"name": "[concat(parameters('factoryName'), '/SQL_Staging')]",
			"type": "Microsoft.DataFactory/factories/datasets",
			"apiVersion": "2018-06-01",
			"properties": {
				"linkedServiceName": {
					"referenceName": "SQServer_IMCO_2",
					"type": "LinkedServiceReference",
					"parameters": {
						"Database": {
							"value": "@dataset().DatabaseName",
							"type": "Expression"
						}
					}
				},
				"parameters": {
					"DatabaseName": {
						"type": "string"
					}
				},
				"folder": {
					"name": "Datawarehouse"
				},
				"annotations": [],
				"type": "SqlServerTable",
				"schema": [],
				"typeProperties": {}
			},
			"dependsOn": []
		},
		{
			"name": "[concat(parameters('factoryName'), '/SQL_Target')]",
			"type": "Microsoft.DataFactory/factories/datasets",
			"apiVersion": "2018-06-01",
			"properties": {
				"linkedServiceName": {
					"referenceName": "SqlServer_Target",
					"type": "LinkedServiceReference",
					"parameters": {
						"Target_Database": {
							"value": "@dataset().DatabaseName",
							"type": "Expression"
						},
						"Schema_Name": {
							"value": "@dataset().Target_Schema",
							"type": "Expression"
						},
						"Table_Name": {
							"value": "@dataset().Target_Table",
							"type": "Expression"
						}
					}
				},
				"parameters": {
					"DatabaseName": {
						"type": "string"
					},
					"Target_Table": {
						"type": "string"
					},
					"Target_Schema": {
						"type": "string"
					}
				},
				"folder": {
					"name": "Datawarehouse"
				},
				"annotations": [],
				"type": "SqlServerTable",
				"schema": [],
				"typeProperties": {
					"schema": {
						"value": "@dataset().Target_Schema",
						"type": "Expression"
					},
					"table": {
						"value": "@dataset().Target_Table",
						"type": "Expression"
					}
				}
			},
			"dependsOn": []
		}
	]
}