{
	"$schema": "http://schema.management.azure.com/schemas/2015-01-01/deploymentTemplate.json#",
	"contentVersion": "1.0.0.0",
	"parameters": {
		"factoryName": {
			"type": "string",
			"metadata": "Data Factory name",
			"defaultValue": "imcnoimdmsadf01"
		},
		"AzureSynapseDW_connectionString": {
			"type": "secureString",
			"metadata": "Secure string for 'connectionString' of 'AzureSynapseDW'"
		},
		"AzureSynapseDWAdmin_connectionString": {
			"type": "secureString",
			"metadata": "Secure string for 'connectionString' of 'AzureSynapseDWAdmin'"
		},
		"Oracle_EagleIDW_connectionString": {
			"type": "secureString",
			"metadata": "Secure string for 'connectionString' of 'Oracle_EagleIDW'"
		},
		"SQServer_IMCO_2_connectionString": {
			"type": "secureString",
			"metadata": "Secure string for 'connectionString' of 'SQServer_IMCO_2'"
		},
		"Sftp1_password": {
			"type": "secureString",
			"metadata": "Secure string for 'password' of 'Sftp1'"
		},
		"SqlServer_Target_connectionString": {
			"type": "secureString",
			"metadata": "Secure string for 'connectionString' of 'SqlServer_Target'"
		},
		"DeepMacro_properties_typeProperties_accessKeyId": {
			"type": "string",
			"defaultValue": "AKIAYMKVTFKELGE63Q74"
		},
		"SFTP_Morgan_Stanley_properties_typeProperties_host": {
			"type": "string",
			"defaultValue": "sftp-wl.morganstanley.com"
		},
		"SFTP_Morgan_Stanley_properties_typeProperties_userName": {
			"type": "string",
			"defaultValue": "agliriaw"
		},
		"Sftp1_properties_typeProperties_host": {
			"type": "string",
			"defaultValue": "10.168.116.7"
		},
		"Sftp1_properties_typeProperties_userName": {
			"type": "string",
			"defaultValue": "sftpuser1"
		}
	},
	"variables": {
		"factoryId": "[concat('Microsoft.DataFactory/factories/', parameters('factoryName'))]"
	},
	"resources": [
		{
			"name": "[concat(parameters('factoryName'), '/AzureDatabricks2')]",
			"type": "Microsoft.DataFactory/factories/linkedServices",
			"apiVersion": "2018-06-01",
			"properties": {
				"annotations": [],
				"type": "AzureDatabricks",
				"typeProperties": {
					"domain": "https://canadacentral.azuredatabricks.net",
					"accessToken": {
						"type": "AzureKeyVaultSecret",
						"store": {
							"referenceName": "AzureKeyVault1",
							"type": "LinkedServiceReference"
						},
						"secretName": "databricks-token"
					},
					"existingClusterId": "1205-224604-horns92"
				}
			},
			"dependsOn": []
		},
		{
			"name": "[concat(parameters('factoryName'), '/AzureSynapseDW')]",
			"type": "Microsoft.DataFactory/factories/linkedServices",
			"apiVersion": "2018-06-01",
			"properties": {
				"annotations": [],
				"type": "AzureSqlDW",
				"typeProperties": {
					"connectionString": "[parameters('AzureSynapseDW_connectionString')]",
					"password": {
						"type": "AzureKeyVaultSecret",
						"store": {
							"referenceName": "AzureKeyVault1",
							"type": "LinkedServiceReference"
						},
						"secretName": "SynapseADFUserPassword"
					}
				}
			},
			"dependsOn": []
		},
		{
			"name": "[concat(parameters('factoryName'), '/AzureSynapseDWAdmin')]",
			"type": "Microsoft.DataFactory/factories/linkedServices",
			"apiVersion": "2018-06-01",
			"properties": {
				"annotations": [],
				"type": "AzureSqlDW",
				"typeProperties": {
					"connectionString": "[parameters('AzureSynapseDWAdmin_connectionString')]",
					"password": {
						"type": "AzureKeyVaultSecret",
						"store": {
							"referenceName": "AzureKeyVault1",
							"type": "LinkedServiceReference"
						},
						"secretName": "SynapseSqlAdminPassword"
					}
				}
			},
			"dependsOn": []
		},
		{
			"name": "[concat(parameters('factoryName'), '/DeepMacro')]",
			"type": "Microsoft.DataFactory/factories/linkedServices",
			"apiVersion": "2018-06-01",
			"properties": {
				"annotations": [],
				"type": "AmazonS3",
				"typeProperties": {
					"serviceUrl": "",
					"accessKeyId": "[parameters('DeepMacro_properties_typeProperties_accessKeyId')]",
					"secretAccessKey": {
						"type": "AzureKeyVaultSecret",
						"store": {
							"referenceName": "AzureKeyVault1",
							"type": "LinkedServiceReference"
						},
						"secretName": "DeepMacroSecretKey"
					},
					"authenticationType": "AccessKey"
				}
			},
			"dependsOn": []
		},
		{
			"name": "[concat(parameters('factoryName'), '/Oracle_EagleIDW')]",
			"type": "Microsoft.DataFactory/factories/linkedServices",
			"apiVersion": "2018-06-01",
			"properties": {
				"annotations": [],
				"type": "Oracle",
				"typeProperties": {
					"connectionString": "[parameters('Oracle_EagleIDW_connectionString')]",
					"password": {
						"type": "AzureKeyVaultSecret",
						"store": {
							"referenceName": "AzureKeyVault1",
							"type": "LinkedServiceReference"
						},
						"secretName": "EagleIDWPassword"
					}
				},
				"connectVia": {
					"referenceName": "adf-linkedruntime",
					"type": "IntegrationRuntimeReference"
				}
			},
			"dependsOn": []
		},
		{
			"name": "[concat(parameters('factoryName'), '/SFTP_Morgan_Stanley')]",
			"type": "Microsoft.DataFactory/factories/linkedServices",
			"apiVersion": "2018-06-01",
			"properties": {
				"annotations": [],
				"type": "Sftp",
				"typeProperties": {
					"host": "[parameters('SFTP_Morgan_Stanley_properties_typeProperties_host')]",
					"port": 22,
					"skipHostKeyValidation": true,
					"authenticationType": "Basic",
					"userName": "[parameters('SFTP_Morgan_Stanley_properties_typeProperties_userName')]",
					"password": {
						"type": "AzureKeyVaultSecret",
						"store": {
							"referenceName": "AzureKeyVault1",
							"type": "LinkedServiceReference"
						},
						"secretName": "SFTPMorganStanleyPassword"
					}
				},
				"connectVia": {
					"referenceName": "adf-linkedruntime",
					"type": "IntegrationRuntimeReference"
				}
			},
			"dependsOn": []
		},
		{
			"name": "[concat(parameters('factoryName'), '/SQServer_IMCO_2')]",
			"type": "Microsoft.DataFactory/factories/linkedServices",
			"apiVersion": "2018-06-01",
			"properties": {
				"parameters": {
					"Database": {
						"type": "string"
					}
				},
				"annotations": [],
				"type": "SqlServer",
				"typeProperties": {
					"connectionString": "[parameters('SQServer_IMCO_2_connectionString')]",
					"password": {
						"type": "AzureKeyVaultSecret",
						"store": {
							"referenceName": "AzureKeyVault1",
							"type": "LinkedServiceReference"
						},
						"secretName": "SQLServerUserPassword"
					}
				},
				"connectVia": {
					"referenceName": "adf-linkedruntime",
					"type": "IntegrationRuntimeReference"
				}
			},
			"dependsOn": []
		},
		{
			"name": "[concat(parameters('factoryName'), '/Sftp1')]",
			"type": "Microsoft.DataFactory/factories/linkedServices",
			"apiVersion": "2018-06-01",
			"properties": {
				"annotations": [],
				"type": "Sftp",
				"typeProperties": {
					"host": "[parameters('Sftp1_properties_typeProperties_host')]",
					"port": "2222",
					"skipHostKeyValidation": true,
					"authenticationType": "Basic",
					"userName": "[parameters('Sftp1_properties_typeProperties_userName')]",
					"password": {
						"type": "SecureString",
						"value": "[parameters('Sftp1_password')]"
					}
				},
				"connectVia": {
					"referenceName": "adf-linkedruntime",
					"type": "IntegrationRuntimeReference"
				}
			},
			"dependsOn": []
		},
		{
			"name": "[concat(parameters('factoryName'), '/SqlServer_Target')]",
			"type": "Microsoft.DataFactory/factories/linkedServices",
			"apiVersion": "2018-06-01",
			"properties": {
				"parameters": {
					"Target_Database": {
						"type": "string"
					},
					"Schema_Name": {
						"type": "string"
					},
					"Table_Name": {
						"type": "string"
					}
				},
				"annotations": [],
				"type": "SqlServer",
				"typeProperties": {
					"connectionString": "[parameters('SqlServer_Target_connectionString')]",
					"password": {
						"type": "AzureKeyVaultSecret",
						"store": {
							"referenceName": "AzureKeyVault1",
							"type": "LinkedServiceReference"
						},
						"secretName": "SQLServerUserPassword"
					}
				},
				"connectVia": {
					"referenceName": "adf-linkedruntime",
					"type": "IntegrationRuntimeReference"
				}
			},
			"dependsOn": []
		},
		{
			"name": "[concat(parameters('factoryName'), '/Get Extract BarraOne Risk Data')]",
			"type": "Microsoft.DataFactory/factories/pipelines",
			"apiVersion": "2018-06-01",
			"properties": {
				"activities": [
					{
						"name": "Parallelize per ExportSet",
						"type": "ForEach",
						"dependsOn": [],
						"userProperties": [],
						"typeProperties": {
							"items": {
								"value": "@pipeline().parameters.exportSetArray",
								"type": "Expression"
							},
							"isSequential": false,
							"batchCount": 8,
							"activities": [
								{
									"name": "DownloadZipFromBarraOne",
									"type": "DatabricksNotebook",
									"dependsOn": [],
									"policy": {
										"timeout": "7.00:00:00",
										"retry": 0,
										"retryIntervalInSeconds": 30,
										"secureOutput": false,
										"secureInput": false
									},
									"userProperties": [],
									"typeProperties": {
										"notebookPath": "/Users/malay.dave@imcoinvest.com/ips/zip_download",
										"baseParameters": {
											"exportSet": {
												"value": "@item()",
												"type": "Expression"
											},
											"analysis_date": {
												"value": "@pipeline().parameters.analysis_date",
												"type": "Expression"
											}
										}
									},
									"linkedServiceName": {
										"referenceName": "AzureDatabricks1",
										"type": "LinkedServiceReference"
									}
								}
							]
						}
					},
					{
						"name": "Extract data",
						"type": "DatabricksNotebook",
						"dependsOn": [
							{
								"activity": "Parallelize per ExportSet",
								"dependencyConditions": [
									"Succeeded"
								]
							}
						],
						"policy": {
							"timeout": "7.00:00:00",
							"retry": 0,
							"retryIntervalInSeconds": 30,
							"secureOutput": false,
							"secureInput": false
						},
						"userProperties": [],
						"typeProperties": {
							"notebookPath": "/Users/malay.dave@imcoinvest.com/ips/zip_extract",
							"baseParameters": {
								"analysis_date": {
									"value": "@pipeline().parameters.analysis_date",
									"type": "Expression"
								}
							}
						},
						"linkedServiceName": {
							"referenceName": "AzureDatabricks1",
							"type": "LinkedServiceReference"
						}
					}
				],
				"parameters": {
					"analysis_date": {
						"type": "string",
						"defaultValue": "2020-01-30"
					},
					"exportSetArray": {
						"type": "array",
						"defaultValue": [
							"AB-301XL-Current",
							"AB-301XL-Current_TOP",
							"AB-301L-Current",
							"AB-301L-Current_TOP",
							"AllOPB_301L_Current",
							"AllOPB_301XL_Current",
							"AOPB_301L_Current",
							"AOPB_301XL_Current",
							"APOPB-301L-Current",
							"APOPB-301L-Current_TOP",
							"APOPB-301XLa-Current",
							"APOPB-301XLa-Current_TOP",
							"APOPB-301XLb-Current",
							"APOPB-301XLb-Current_TOP",
							"AWSIB_301L_Current",
							"AWSIB_301XL_Current",
							"R B-301L-Current",
							"R B-301L-Current_TOP",
							"R B-301XL-Current",
							"R B-301XL-Current_TOP",
							"R P-301XLa-Current",
							"R P-301XLa-Current_TOP",
							"R P-301XLb-Current",
							"R P-301XLb-Current_TOP",
							"RWSIB_301L_Current",
							"RWSIB_301XL_Current",
							"T R-301L-Current",
							"T R-301L-Current_TOP",
							"T R-301XL-Current",
							"T R-301XL-Current_TOP"
						]
					}
				},
				"folder": {
					"name": "IDP POC/IPS-UC1"
				},
				"annotations": [],
				"lastPublishTime": "2020-05-04T22:05:49Z"
			},
			"dependsOn": []
		},
		{
			"name": "[concat(parameters('factoryName'), '/GetConsEco')]",
			"type": "Microsoft.DataFactory/factories/pipelines",
			"apiVersion": "2018-06-01",
			"properties": {
				"activities": [
					{
						"name": "Get_Datastream",
						"type": "DatabricksNotebook",
						"dependsOn": [],
						"policy": {
							"timeout": "7.00:00:00",
							"retry": 0,
							"retryIntervalInSeconds": 30,
							"secureOutput": false,
							"secureInput": false
						},
						"userProperties": [],
						"typeProperties": {
							"notebookPath": "/PMA/prod/etl/datastream/get_datastream_cons_eco",
							"baseParameters": {
								"env": {
									"value": "@pipeline().globalParameters.Env",
									"type": "Expression"
								}
							}
						},
						"linkedServiceName": {
							"referenceName": "AzureDatabricks1",
							"type": "LinkedServiceReference"
						}
					},
					{
						"name": "SQLDW Load_Datastream_Raw",
						"description": "",
						"type": "SqlServerStoredProcedure",
						"dependsOn": [
							{
								"activity": "Get_Datastream",
								"dependencyConditions": [
									"Succeeded"
								]
							}
						],
						"policy": {
							"timeout": "7.00:00:00",
							"retry": 0,
							"retryIntervalInSeconds": 30,
							"secureOutput": false,
							"secureInput": false
						},
						"userProperties": [],
						"typeProperties": {
							"storedProcedureName": "[[pmastage].[Load_Datastream_Cons_Eco_Raw]"
						},
						"linkedServiceName": {
							"referenceName": "AzureSynapseDW",
							"type": "LinkedServiceReference"
						}
					},
					{
						"name": "SQLDW Load_Securities_Raw",
						"description": "",
						"type": "SqlServerStoredProcedure",
						"dependsOn": [
							{
								"activity": "SQLDW Load_Datastream_Raw",
								"dependencyConditions": [
									"Succeeded"
								]
							}
						],
						"policy": {
							"timeout": "7.00:00:00",
							"retry": 0,
							"retryIntervalInSeconds": 30,
							"secureOutput": false,
							"secureInput": false
						},
						"userProperties": [],
						"typeProperties": {
							"storedProcedureName": "[[pmastage].[Load_Securities_Raw]"
						},
						"linkedServiceName": {
							"referenceName": "AzureSynapseDW",
							"type": "LinkedServiceReference"
						}
					}
				],
				"folder": {
					"name": "PMA/1_DEV/Datastream"
				},
				"annotations": []
			},
			"dependsOn": [
				"[concat(variables('factoryId'), '/linkedServices/AzureSynapseDW')]"
			]
		},
		{
			"name": "[concat(parameters('factoryName'), '/GetDSNCLFuturePrices')]",
			"type": "Microsoft.DataFactory/factories/pipelines",
			"apiVersion": "2018-06-01",
			"properties": {
				"activities": [
					{
						"name": "DS_GetFuturesNCL",
						"description": "Get the open, high, low, close, volume and open interest data of NCL futures contracts that expire in the next two years",
						"type": "DatabricksNotebook",
						"dependsOn": [],
						"policy": {
							"timeout": "7.00:00:00",
							"retry": 0,
							"retryIntervalInSeconds": 30,
							"secureOutput": false,
							"secureInput": false
						},
						"userProperties": [],
						"typeProperties": {
							"notebookPath": "/Users/francis.nguyenpham@imcoinvest.com/Datastream/DS_GetFuturesNCL"
						},
						"linkedServiceName": {
							"referenceName": "AzureDatabricks2",
							"type": "LinkedServiceReference"
						}
					}
				],
				"folder": {
					"name": "PMA/4_Misc"
				},
				"annotations": [],
				"lastPublishTime": "2020-05-04T22:05:49Z"
			},
			"dependsOn": [
				"[concat(variables('factoryId'), '/linkedServices/AzureDatabricks2')]"
			]
		},
		{
			"name": "[concat(parameters('factoryName'), '/GetDeepMacroDaily')]",
			"type": "Microsoft.DataFactory/factories/pipelines",
			"apiVersion": "2018-06-01",
			"properties": {
				"activities": [
					{
						"name": "S3 to ADLS Staging",
						"type": "DatabricksNotebook",
						"dependsOn": [],
						"policy": {
							"timeout": "7.00:00:00",
							"retry": 0,
							"retryIntervalInSeconds": 30,
							"secureOutput": false,
							"secureInput": false
						},
						"userProperties": [],
						"typeProperties": {
							"notebookPath": "/PMA/prod/etl/deep_macro/get_deep_macro_historical",
							"baseParameters": {
								"numberOfDays": {
									"value": "@pipeline().parameters.num_of_days",
									"type": "Expression"
								},
								"env": {
									"value": "@pipeline().globalParameters.Env",
									"type": "Expression"
								}
							}
						},
						"linkedServiceName": {
							"referenceName": "AzureDatabricks1",
							"type": "LinkedServiceReference"
						}
					},
					{
						"name": "ADLS Staging to DW Staging",
						"type": "DatabricksNotebook",
						"dependsOn": [
							{
								"activity": "S3 to ADLS Staging",
								"dependencyConditions": [
									"Succeeded"
								]
							}
						],
						"policy": {
							"timeout": "7.00:00:00",
							"retry": 0,
							"retryIntervalInSeconds": 30,
							"secureOutput": false,
							"secureInput": false
						},
						"userProperties": [],
						"typeProperties": {
							"notebookPath": "/PMA/prod/etl/deep_macro/deep_macro_to_staging",
							"baseParameters": {
								"env": {
									"value": "@pipeline().globalParameters.Env",
									"type": "Expression"
								}
							}
						},
						"linkedServiceName": {
							"referenceName": "AzureDatabricks1",
							"type": "LinkedServiceReference"
						}
					},
					{
						"name": "SQLDW Load_Deep_Macro_Raw",
						"description": "Call Stored Procedure and pass batch id.",
						"type": "SqlServerStoredProcedure",
						"dependsOn": [
							{
								"activity": "ADLS Staging to DW Staging",
								"dependencyConditions": [
									"Succeeded"
								]
							}
						],
						"policy": {
							"timeout": "7.00:00:00",
							"retry": 0,
							"retryIntervalInSeconds": 30,
							"secureOutput": false,
							"secureInput": false
						},
						"userProperties": [],
						"typeProperties": {
							"storedProcedureName": "[[pmastage].[Load_Deep_Macro_Securities_Raw]"
						},
						"linkedServiceName": {
							"referenceName": "AzureSynapseDW",
							"type": "LinkedServiceReference"
						}
					},
					{
						"name": "Archive ADLS Staging",
						"type": "DatabricksNotebook",
						"dependsOn": [
							{
								"activity": "SQLDW Load_Securities_Raw",
								"dependencyConditions": [
									"Succeeded"
								]
							}
						],
						"policy": {
							"timeout": "7.00:00:00",
							"retry": 0,
							"retryIntervalInSeconds": 30,
							"secureOutput": false,
							"secureInput": false
						},
						"userProperties": [],
						"typeProperties": {
							"notebookPath": "/PMA/prod/etl/deep_macro/deep_macro_file_archive",
							"baseParameters": {
								"env": {
									"value": "@pipeline().globalParameters.Env",
									"type": "Expression"
								}
							}
						},
						"linkedServiceName": {
							"referenceName": "AzureDatabricks1",
							"type": "LinkedServiceReference"
						}
					},
					{
						"name": "SQLDW Load_Securities_Raw",
						"description": "Call Stored Procedure and pass batch id.",
						"type": "SqlServerStoredProcedure",
						"dependsOn": [
							{
								"activity": "SQLDW Load_Deep_Macro_Raw",
								"dependencyConditions": [
									"Succeeded"
								]
							}
						],
						"policy": {
							"timeout": "7.00:00:00",
							"retry": 0,
							"retryIntervalInSeconds": 30,
							"secureOutput": false,
							"secureInput": false
						},
						"userProperties": [],
						"typeProperties": {
							"storedProcedureName": "[[pmastage].[Load_Securities_Raw]"
						},
						"linkedServiceName": {
							"referenceName": "AzureSynapseDW",
							"type": "LinkedServiceReference"
						}
					}
				],
				"parameters": {
					"num_of_days": {
						"type": "string",
						"defaultValue": "5"
					}
				},
				"variables": {
					"numberOfDays": {
						"type": "String"
					}
				},
				"folder": {
					"name": "PMA/1_DEV/Deep Macro"
				},
				"annotations": [],
				"lastPublishTime": "2020-12-04T19:14:15Z"
			},
			"dependsOn": [
				"[concat(variables('factoryId'), '/linkedServices/AzureSynapseDW')]"
			]
		},
		{
			"name": "[concat(parameters('factoryName'), '/GetIBES')]",
			"type": "Microsoft.DataFactory/factories/pipelines",
			"apiVersion": "2018-06-01",
			"properties": {
				"activities": [
					{
						"name": "Get_Datastream",
						"type": "DatabricksNotebook",
						"dependsOn": [],
						"policy": {
							"timeout": "7.00:00:00",
							"retry": 0,
							"retryIntervalInSeconds": 30,
							"secureOutput": false,
							"secureInput": false
						},
						"userProperties": [],
						"typeProperties": {
							"notebookPath": "/PMA/prod/etl/datastream/get_datastream_ibes",
							"baseParameters": {
								"env": {
									"value": "@pipeline().globalParameters.Env",
									"type": "Expression"
								}
							}
						},
						"linkedServiceName": {
							"referenceName": "AzureDatabricks1",
							"type": "LinkedServiceReference"
						}
					},
					{
						"name": "SQLDW Load_Datastream_Raw",
						"description": "",
						"type": "SqlServerStoredProcedure",
						"dependsOn": [
							{
								"activity": "Get_Datastream",
								"dependencyConditions": [
									"Succeeded"
								]
							}
						],
						"policy": {
							"timeout": "7.00:00:00",
							"retry": 0,
							"retryIntervalInSeconds": 30,
							"secureOutput": false,
							"secureInput": false
						},
						"userProperties": [],
						"typeProperties": {
							"storedProcedureName": "[[pmastage].[Load_Datastream_IBES_Raw]"
						},
						"linkedServiceName": {
							"referenceName": "AzureSynapseDW",
							"type": "LinkedServiceReference"
						}
					},
					{
						"name": "SQLDW Load_Securities_Raw",
						"description": "",
						"type": "SqlServerStoredProcedure",
						"dependsOn": [
							{
								"activity": "SQLDW Load_Datastream_Raw",
								"dependencyConditions": [
									"Succeeded"
								]
							}
						],
						"policy": {
							"timeout": "7.00:00:00",
							"retry": 0,
							"retryIntervalInSeconds": 30,
							"secureOutput": false,
							"secureInput": false
						},
						"userProperties": [],
						"typeProperties": {
							"storedProcedureName": "[[pmastage].[Load_Securities_Raw]"
						},
						"linkedServiceName": {
							"referenceName": "AzureSynapseDW",
							"type": "LinkedServiceReference"
						}
					}
				],
				"folder": {
					"name": "PMA/1_DEV/Datastream"
				},
				"annotations": []
			},
			"dependsOn": [
				"[concat(variables('factoryId'), '/linkedServices/AzureSynapseDW')]"
			]
		},
		{
			"name": "[concat(parameters('factoryName'), '/LoadSecurityAndFuturesRaw_Dev')]",
			"type": "Microsoft.DataFactory/factories/pipelines",
			"apiVersion": "2018-06-01",
			"properties": {
				"activities": [
					{
						"name": "Load Raw",
						"description": "",
						"type": "SqlServerStoredProcedure",
						"dependsOn": [
							{
								"activity": "Create Future Master file",
								"dependencyConditions": [
									"Succeeded"
								]
							}
						],
						"policy": {
							"timeout": "7.00:00:00",
							"retry": 0,
							"retryIntervalInSeconds": 30,
							"secureOutput": false,
							"secureInput": false
						},
						"userProperties": [],
						"typeProperties": {
							"storedProcedureName": "[[pmastage].[Load_PMA_Raw]"
						},
						"linkedServiceName": {
							"referenceName": "AzureSynapseDW",
							"type": "LinkedServiceReference"
						}
					},
					{
						"name": "Archive data files",
						"type": "Copy",
						"dependsOn": [
							{
								"activity": "Load Raw",
								"dependencyConditions": [
									"Succeeded"
								]
							}
						],
						"policy": {
							"timeout": "7.00:00:00",
							"retry": 0,
							"retryIntervalInSeconds": 30,
							"secureOutput": false,
							"secureInput": false
						},
						"userProperties": [],
						"typeProperties": {
							"source": {
								"type": "BinarySource",
								"storeSettings": {
									"type": "AzureBlobStorageReadSettings",
									"recursive": true,
									"wildcardFileName": "*.csv"
								}
							},
							"sink": {
								"type": "BinarySink",
								"storeSettings": {
									"type": "AzureBlobStorageWriteSettings",
									"copyBehavior": "PreserveHierarchy"
								}
							},
							"enableStaging": false
						},
						"inputs": [
							{
								"referenceName": "PMADataStaging",
								"type": "DatasetReference",
								"parameters": {
									"foldername": {
										"value": "@pipeline().parameters.foldername",
										"type": "Expression"
									},
									"env": {
										"value": "@pipeline().parameters.env",
										"type": "Expression"
									}
								}
							}
						],
						"outputs": [
							{
								"referenceName": "PMADataArchive",
								"type": "DatasetReference",
								"parameters": {
									"foldername": {
										"value": "@pipeline().parameters.foldername",
										"type": "Expression"
									},
									"env": {
										"value": "@pipeline().parameters.env",
										"type": "Expression"
									}
								}
							}
						]
					},
					{
						"name": "Create Future Master file",
						"type": "AzureFunctionActivity",
						"dependsOn": [
							{
								"activity": "Copy Raw to Staging",
								"dependencyConditions": [
									"Succeeded"
								]
							}
						],
						"policy": {
							"timeout": "7.00:00:00",
							"retry": 0,
							"retryIntervalInSeconds": 30,
							"secureOutput": false,
							"secureInput": false
						},
						"userProperties": [],
						"typeProperties": {
							"functionName": "FuturesMasterFileCreate",
							"method": "GET",
							"headers": {
								"sourcefolder": {
									"value": "@concat(pipeline().parameters.env,'/raw/pma/data_loader')",
									"type": "Expression"
								},
								"targetfolder": {
									"value": "@concat(pipeline().parameters.env,'/staging/pma/data/master')",
									"type": "Expression"
								}
							}
						},
						"linkedServiceName": {
							"referenceName": "IDPFunction",
							"type": "LinkedServiceReference"
						}
					},
					{
						"name": "Copy Raw to Staging",
						"type": "Copy",
						"dependsOn": [
							{
								"activity": "Delete Staging",
								"dependencyConditions": [
									"Succeeded"
								]
							}
						],
						"policy": {
							"timeout": "7.00:00:00",
							"retry": 0,
							"retryIntervalInSeconds": 30,
							"secureOutput": false,
							"secureInput": false
						},
						"userProperties": [],
						"typeProperties": {
							"source": {
								"type": "BinarySource",
								"storeSettings": {
									"type": "AzureBlobStorageReadSettings",
									"recursive": true,
									"wildcardFileName": "*.csv"
								}
							},
							"sink": {
								"type": "BinarySink",
								"storeSettings": {
									"type": "AzureBlobStorageWriteSettings",
									"copyBehavior": "PreserveHierarchy"
								}
							},
							"enableStaging": false
						},
						"inputs": [
							{
								"referenceName": "PMADataRaw",
								"type": "DatasetReference",
								"parameters": {
									"foldername": {
										"value": "@pipeline().parameters.foldername",
										"type": "Expression"
									},
									"env": {
										"value": "@pipeline().parameters.env",
										"type": "Expression"
									}
								}
							}
						],
						"outputs": [
							{
								"referenceName": "PMADataStaging",
								"type": "DatasetReference",
								"parameters": {
									"foldername": {
										"value": "@pipeline().parameters.foldername",
										"type": "Expression"
									},
									"env": {
										"value": "@pipeline().parameters.env",
										"type": "Expression"
									}
								}
							}
						]
					},
					{
						"name": "Delete Staging",
						"type": "Delete",
						"dependsOn": [],
						"policy": {
							"timeout": "7.00:00:00",
							"retry": 0,
							"retryIntervalInSeconds": 30,
							"secureOutput": false,
							"secureInput": false
						},
						"userProperties": [],
						"typeProperties": {
							"dataset": {
								"referenceName": "PMADataStaging",
								"type": "DatasetReference",
								"parameters": {
									"foldername": {
										"value": "@pipeline().parameters.foldername",
										"type": "Expression"
									},
									"env": {
										"value": "@pipeline().parameters.env",
										"type": "Expression"
									}
								}
							},
							"enableLogging": false,
							"storeSettings": {
								"type": "AzureBlobStorageReadSettings",
								"recursive": true,
								"wildcardFileName": "*.csv"
							}
						}
					}
				],
				"parameters": {
					"env": {
						"type": "string",
						"defaultValue": "dev"
					},
					"foldername": {
						"type": "string",
						"defaultValue": "data"
					},
					"azure_database": {
						"type": "string",
						"defaultValue": "imcnoimdmssql01"
					}
				},
				"folder": {
					"name": "PMA/1_DEV/Security Load"
				},
				"annotations": [],
				"lastPublishTime": "2020-05-12T01:03:50Z"
			},
			"dependsOn": [
				"[concat(variables('factoryId'), '/linkedServices/AzureSynapseDW')]"
			]
		},
		{
			"name": "[concat(parameters('factoryName'), '/PL_MonthlyBM')]",
			"type": "Microsoft.DataFactory/factories/pipelines",
			"apiVersion": "2018-06-01",
			"properties": {
				"activities": [
					{
						"name": "Copy and Create BM File",
						"description": "Copy and Create Drift File",
						"type": "AzureFunctionActivity",
						"dependsOn": [],
						"policy": {
							"timeout": "7.00:00:00",
							"retry": 0,
							"retryIntervalInSeconds": 30,
							"secureOutput": false,
							"secureInput": false
						},
						"userProperties": [],
						"typeProperties": {
							"functionName": "MonthlyBMFileCreate",
							"method": "GET",
							"headers": {
								"sourcefolder": "raw/JLee/TPV/TPVSource/MonthlyBM",
								"targetfolder": "raw/JLee/TPV/TPVTarget/SAA"
							}
						},
						"linkedServiceName": {
							"referenceName": "IDPFunction",
							"type": "LinkedServiceReference"
						}
					},
					{
						"name": "Call Stored Procedure in SQLDW",
						"description": "Call Stored Procedure and pass batch id.",
						"type": "SqlServerStoredProcedure",
						"dependsOn": [
							{
								"activity": "Set batchid",
								"dependencyConditions": [
									"Succeeded"
								]
							}
						],
						"policy": {
							"timeout": "7.00:00:00",
							"retry": 0,
							"retryIntervalInSeconds": 30,
							"secureOutput": false,
							"secureInput": false
						},
						"userProperties": [],
						"typeProperties": {
							"storedProcedureName": "[[jlee].[LOAD_STRATEGY_SAA]",
							"storedProcedureParameters": {
								"P_ID": {
									"value": {
										"value": "@variables('batch_id')",
										"type": "Expression"
									},
									"type": "Int32"
								}
							}
						},
						"linkedServiceName": {
							"referenceName": "AzureSynapseDW",
							"type": "LinkedServiceReference"
						}
					},
					{
						"name": "Set batchid",
						"type": "SetVariable",
						"dependsOn": [
							{
								"activity": "Copy and Create BM File",
								"dependencyConditions": [
									"Succeeded"
								]
							}
						],
						"userProperties": [],
						"typeProperties": {
							"variableName": "batch_id",
							"value": {
								"value": "@activity('Copy and Create BM File').output.batchid",
								"type": "Expression"
							}
						}
					},
					{
						"name": "Archive",
						"type": "Copy",
						"dependsOn": [
							{
								"activity": "Call Stored Procedure in SQLDW",
								"dependencyConditions": [
									"Succeeded"
								]
							}
						],
						"policy": {
							"timeout": "7.00:00:00",
							"retry": 0,
							"retryIntervalInSeconds": 30,
							"secureOutput": false,
							"secureInput": false
						},
						"userProperties": [],
						"typeProperties": {
							"source": {
								"type": "BinarySource",
								"storeSettings": {
									"type": "AzureBlobStorageReadSettings",
									"maxConcurrentConnections": 1,
									"recursive": true,
									"wildcardFileName": "*.csv"
								}
							},
							"sink": {
								"type": "BinarySink",
								"storeSettings": {
									"type": "AzureBlobStorageWriteSettings"
								}
							},
							"enableStaging": false
						},
						"inputs": [
							{
								"referenceName": "DS_TPVSourceFile",
								"type": "DatasetReference",
								"parameters": {
									"foldername": "MonthlyBM"
								}
							}
						],
						"outputs": [
							{
								"referenceName": "DS_TPVArchiveFile",
								"type": "DatasetReference",
								"parameters": {
									"foldername": "MonthlyBM"
								}
							}
						]
					},
					{
						"name": "DeleteSource",
						"type": "Delete",
						"dependsOn": [
							{
								"activity": "Archive",
								"dependencyConditions": [
									"Succeeded"
								]
							}
						],
						"policy": {
							"timeout": "7.00:00:00",
							"retry": 0,
							"retryIntervalInSeconds": 30,
							"secureOutput": false,
							"secureInput": false
						},
						"userProperties": [],
						"typeProperties": {
							"dataset": {
								"referenceName": "DS_TPVSourceFile",
								"type": "DatasetReference",
								"parameters": {
									"foldername": "MonthlyBM"
								}
							},
							"logStorageSettings": {
								"linkedServiceName": {
									"referenceName": "AzureBlobStorage1",
									"type": "LinkedServiceReference"
								},
								"path": "raw/JLee/TPV/Log"
							},
							"enableLogging": true,
							"storeSettings": {
								"type": "AzureBlobStorageReadSettings",
								"recursive": true,
								"wildcardFileName": "*.csv"
							}
						}
					}
				],
				"variables": {
					"batch_id": {
						"type": "String"
					}
				},
				"folder": {
					"name": "IDP POC/JL-TPV (Use Case 3)"
				},
				"annotations": [],
				"lastPublishTime": "2020-12-04T19:14:15Z"
			},
			"dependsOn": [
				"[concat(variables('factoryId'), '/linkedServices/AzureSynapseDW')]"
			]
		},
		{
			"name": "[concat(parameters('factoryName'), '/PMA_model_databricks')]",
			"type": "Microsoft.DataFactory/factories/pipelines",
			"apiVersion": "2018-06-01",
			"properties": {
				"activities": [
					{
						"name": "fx_arp_signalCreation",
						"type": "DatabricksNotebook",
						"dependsOn": [],
						"policy": {
							"timeout": "7.00:00:00",
							"retry": 0,
							"retryIntervalInSeconds": 30,
							"secureOutput": false,
							"secureInput": false
						},
						"userProperties": [],
						"typeProperties": {
							"notebookPath": {
								"value": "@concat('/PMA/',pipeline().parameters.env,'/pmawf/fx_arp_signalCreation_prod')\n",
								"type": "Expression"
							}
						},
						"linkedServiceName": {
							"referenceName": "AzureDatabricks1",
							"type": "LinkedServiceReference"
						}
					}
				],
				"parameters": {
					"env": {
						"type": "string",
						"defaultValue": "dev"
					}
				},
				"folder": {
					"name": "PMA/1_DEV/Databricks"
				},
				"annotations": [],
				"lastPublishTime": "2020-05-25T18:18:07Z"
			},
			"dependsOn": []
		},
		{
			"name": "[concat(parameters('factoryName'), '/Process AAA')]",
			"type": "Microsoft.DataFactory/factories/pipelines",
			"apiVersion": "2018-06-01",
			"properties": {
				"activities": [
					{
						"name": "ForEach Client and Portfolio",
						"description": "",
						"type": "ForEach",
						"dependsOn": [],
						"userProperties": [],
						"typeProperties": {
							"items": {
								"value": "@variables('valueArray')",
								"type": "Expression"
							},
							"isSequential": false,
							"batchCount": 3,
							"activities": [
								{
									"name": "Execute Process AAA notebook",
									"description": "",
									"type": "DatabricksNotebook",
									"dependsOn": [],
									"policy": {
										"timeout": "7.00:00:00",
										"retry": 0,
										"retryIntervalInSeconds": 30,
										"secureOutput": false,
										"secureInput": false
									},
									"userProperties": [],
									"typeProperties": {
										"notebookPath": "/Users/malay.dave@imcoinvest.com/ips/create_ips_check_aaa",
										"baseParameters": {
											"analysis_date": {
												"value": "@pipeline().parameters.analysis_date",
												"type": "Expression"
											},
											"batchDateTime": {
												"value": "@pipeline().parameters.batchDateTime",
												"type": "Expression"
											},
											"input": {
												"value": "@item()",
												"type": "Expression"
											}
										}
									},
									"linkedServiceName": {
										"referenceName": "AzureDatabricks2",
										"type": "LinkedServiceReference"
									}
								}
							]
						}
					}
				],
				"parameters": {
					"analysis_date": {
						"type": "string",
						"defaultValue": "2020-01-28"
					},
					"batchDateTime": {
						"type": "string",
						"defaultValue": "2020-02-07T23:59:21.4061448Z"
					}
				},
				"variables": {
					"valueArray": {
						"type": "Array",
						"defaultValue": [
							"OPB|Active Asset Allocation",
							"WSIB|Active Asset Allocation"
						]
					}
				},
				"folder": {
					"name": "IDP POC/IPS-UC1"
				},
				"annotations": [],
				"lastPublishTime": "2020-05-04T22:05:49Z"
			},
			"dependsOn": [
				"[concat(variables('factoryId'), '/linkedServices/AzureDatabricks2')]"
			]
		},
		{
			"name": "[concat(parameters('factoryName'), '/Process Barra Data')]",
			"type": "Microsoft.DataFactory/factories/pipelines",
			"apiVersion": "2018-06-01",
			"properties": {
				"activities": [
					{
						"name": "Parallelize per strategy",
						"type": "ForEach",
						"dependsOn": [],
						"userProperties": [],
						"typeProperties": {
							"items": {
								"value": "@pipeline().parameters.strategyArray",
								"type": "Expression"
							},
							"batchCount": 6,
							"activities": [
								{
									"name": "Parse Barra data",
									"type": "DatabricksNotebook",
									"dependsOn": [],
									"policy": {
										"timeout": "7.00:00:00",
										"retry": 0,
										"retryIntervalInSeconds": 30,
										"secureOutput": false,
										"secureInput": false
									},
									"userProperties": [],
									"typeProperties": {
										"notebookPath": "/Users/malay.dave@imcoinvest.com/ips/parse_portfolio_insert_to_staging",
										"baseParameters": {
											"strategy": {
												"value": "@item()",
												"type": "Expression"
											},
											"analysis_date": {
												"value": "@pipeline().parameters.analysis_date",
												"type": "Expression"
											},
											"batchDateTime": {
												"value": "@pipeline().parameters.batchDateTIme",
												"type": "Expression"
											}
										}
									},
									"linkedServiceName": {
										"referenceName": "AzureDatabricks2",
										"type": "LinkedServiceReference"
									}
								}
							]
						}
					}
				],
				"parameters": {
					"strategyArray": {
						"type": "array",
						"defaultValue": [
							"Analytics_EQ",
							"Analytics_FI",
							"Analytics_KRD_Notional",
							"Analytics_OP",
							"Analytics_Position",
							"Characteristics_Derivatives",
							"Characteristics_FI",
							"Characteristics_Rating",
							"Characteristics_Sector",
							"Risk_View_Total",
							"Allocation_Selection",
							"Analytics_KRD",
							"Characteristics"
						]
					},
					"analysis_date": {
						"type": "string",
						"defaultValue": "2020-01-30"
					},
					"batchDateTIme": {
						"type": "string",
						"defaultValue": "2020-02-06T11:00:00.4061448Z"
					}
				},
				"folder": {
					"name": "IDP POC/IPS-UC1"
				},
				"annotations": [],
				"lastPublishTime": "2020-05-04T22:05:49Z"
			},
			"dependsOn": [
				"[concat(variables('factoryId'), '/linkedServices/AzureDatabricks2')]"
			]
		},
		{
			"name": "[concat(parameters('factoryName'), '/Process Bonds')]",
			"type": "Microsoft.DataFactory/factories/pipelines",
			"apiVersion": "2018-06-01",
			"properties": {
				"activities": [
					{
						"name": "ForEach Client and Portfolio",
						"description": "",
						"type": "ForEach",
						"dependsOn": [],
						"userProperties": [],
						"typeProperties": {
							"items": {
								"value": "@variables('valueArray')",
								"type": "Expression"
							},
							"isSequential": false,
							"batchCount": 7,
							"activities": [
								{
									"name": "Execute Process Bonds notebook",
									"description": "",
									"type": "DatabricksNotebook",
									"dependsOn": [],
									"policy": {
										"timeout": "7.00:00:00",
										"retry": 1,
										"retryIntervalInSeconds": 30,
										"secureOutput": false,
										"secureInput": false
									},
									"userProperties": [],
									"typeProperties": {
										"notebookPath": "/Users/malay.dave@imcoinvest.com/ips/create_ips_check_rates",
										"baseParameters": {
											"analysis_date": {
												"value": "@pipeline().parameters.analysis_date",
												"type": "Expression"
											},
											"batchDateTime": {
												"value": "@pipeline().parameters.batchDateTime",
												"type": "Expression"
											},
											"input": {
												"value": "@item()",
												"type": "Expression"
											}
										}
									},
									"linkedServiceName": {
										"referenceName": "AzureDatabricks2",
										"type": "LinkedServiceReference"
									}
								}
							]
						}
					}
				],
				"parameters": {
					"analysis_date": {
						"type": "string",
						"defaultValue": "2020-01-28"
					},
					"batchDateTime": {
						"type": "string",
						"defaultValue": "2020-02-07T23:59:21.4061448Z"
					}
				},
				"variables": {
					"valueArray": {
						"type": "Array",
						"defaultValue": [
							"OPB|Long Bonds",
							"OPB|Mid Bonds",
							"OPB|Short Bonds",
							"OPB|ILB",
							"WSIB|Long Bonds",
							"WSIB|Mid Bonds",
							"WSIB|Short Bonds"
						]
					}
				},
				"folder": {
					"name": "IDP POC/IPS-UC1"
				},
				"annotations": [],
				"lastPublishTime": "2020-05-04T22:05:49Z"
			},
			"dependsOn": [
				"[concat(variables('factoryId'), '/linkedServices/AzureDatabricks2')]"
			]
		}
	]
}