{
	"$schema": "http://schema.management.azure.com/schemas/2015-01-01/deploymentTemplate.json#",
	"contentVersion": "1.0.0.0",
	"parameters": {
		"factoryName": {
			"type": "string",
			"metadata": "Data Factory name",
			"defaultValue": "imcnoimdmsadf01"
		},
		"AzureBlobStorage1_connectionString": {
			"type": "secureString",
			"metadata": "Secure string for 'connectionString' of 'AzureBlobStorage1'"
		},
		"AzureDataLakeStorage1_accountKey": {
			"type": "secureString",
			"metadata": "Secure string for 'accountKey' of 'AzureDataLakeStorage1'"
		},
		"AzureSynapseDW_connectionString": {
			"type": "secureString",
			"metadata": "Secure string for 'connectionString' of 'AzureSynapseDW'"
		},
		"AzureSynapseDWAdmin_connectionString": {
			"type": "secureString",
			"metadata": "Secure string for 'connectionString' of 'AzureSynapseDWAdmin'"
		},
		"IDPFunction_functionKey": {
			"type": "secureString",
			"metadata": "Secure string for 'functionKey' of 'IDPFunction'"
		},
		"Oracle_EagleIDW_connectionString": {
			"type": "secureString",
			"metadata": "Secure string for 'connectionString' of 'Oracle_EagleIDW'"
		},
		"SQServer_IMCO_2_connectionString": {
			"type": "secureString",
			"metadata": "Secure string for 'connectionString' of 'SQServer_IMCO_2'"
		},
		"Sftp1_password": {
			"type": "secureString",
			"metadata": "Secure string for 'password' of 'Sftp1'"
		},
		"SqlServer_Target_connectionString": {
			"type": "secureString",
			"metadata": "Secure string for 'connectionString' of 'SqlServer_Target'"
		},
		"AzureDataLakeStorage1_properties_typeProperties_url": {
			"type": "string",
			"defaultValue": "https://imcnoimdaiald01.dfs.core.windows.net"
		},
		"AzureKeyVault1_properties_typeProperties_baseUrl": {
			"type": "string",
			"defaultValue": "https://imcodevkv.vault.azure.net/"
		},
		"DeepMacro_properties_typeProperties_accessKeyId": {
			"type": "string",
			"defaultValue": "AKIAYMKVTFKELGE63Q74"
		},
		"HttpServer_SharePoint_properties_typeProperties_url": {
			"type": "string",
			"defaultValue": "@{concat(linkedService().SharePoint_URL,'/_api/web/GetFileByServerRelativeUrl(''', linkedService().Document_Path,linkedService().Document_Name,''')/$value')}"
		},
		"IDPFunction_properties_typeProperties_functionAppUrl": {
			"type": "string",
			"defaultValue": "https://imcnoimdmsfun01.azurewebsites.net"
		},
		"LS_Polybase_Staging_properties_typeProperties_serviceEndpoint": {
			"type": "string",
			"defaultValue": "https://imcnoimdaiald01.blob.core.windows.net"
		},
		"SFTP_Morgan_Stanley_properties_typeProperties_host": {
			"type": "string",
			"defaultValue": "sftp-wl.morganstanley.com"
		},
		"SFTP_Morgan_Stanley_properties_typeProperties_userName": {
			"type": "string",
			"defaultValue": "agliriaw"
		},
		"Sftp1_properties_typeProperties_host": {
			"type": "string",
			"defaultValue": "10.168.116.7"
		},
		"Sftp1_properties_typeProperties_userName": {
			"type": "string",
			"defaultValue": "sftpuser1"
		},
		"Azure Synapse Non-Prod DB Scaling down daily 9pm_properties_Azure_Synapse_DB_Scaling_Non_Prod_parameters_License_Type": {
			"type": "string",
			"defaultValue": "DW100C"
		},
		"Azure Synapse Non-Prod DB scaling up daily 9am_properties_Azure_Synapse_DB_Scaling_Non_Prod_parameters_License_Type": {
			"type": "string",
			"defaultValue": "DW500C"
		},
		"BUS_Transform_Client_Perct_Daily_10am_properties_Risk - DW_Load Business Transformation_parameters_Batch_Date": {
			"type": "string",
			"defaultValue": "1900-01-01"
		},
		"BUS_Transform_Client_Perct_Daily_10am_properties_Risk - DW_Load Business Transformation_parameters_Process_Name": {
			"type": "string",
			"defaultValue": "Client_Perct"
		},
		"BUS_Transform_Client_Perct_Daily_10am_properties_Risk - DW_Load Business Transformation_parameters_Load_Type": {
			"type": "string",
			"defaultValue": "DELTA_AUTO_TRIGGER"
		},
		"BUS_Transform_WSIB_Benchmark_Daily_10am_properties_Risk - DW_Load Business Transformation_parameters_Batch_Date": {
			"type": "string",
			"defaultValue": "1900-01-01"
		},
		"BUS_Transform_WSIB_Benchmark_Daily_10am_properties_Risk - DW_Load Business Transformation_parameters_Process_Name": {
			"type": "string",
			"defaultValue": "WSIB_Benchmark"
		},
		"BUS_Transform_WSIB_Benchmark_Daily_10am_properties_Risk - DW_Load Business Transformation_parameters_Load_Type": {
			"type": "string",
			"defaultValue": "DELTA_AUTO_TRIGGER"
		},
		"DailyTrigger_properties_WSIB HOLDINGS Pipeline_parameters_file_folder": {
			"type": "string",
			"defaultValue": "WSIB_HOLDINGS"
		},
		"DailyTrigger_properties_DAILY SAA Pipeline_parameters_file_folder": {
			"type": "string",
			"defaultValue": "DAILY_OPB_SAA"
		},
		"DailyTrigger_properties_OPB Positions Pipeline_parameters_file_folder": {
			"type": "string",
			"defaultValue": "OPB_POSITIONS"
		},
		"EDW_Eagle_Daily_properties_EDW Load - Main_parameters_Source_System": {
			"type": "string",
			"defaultValue": "PSA_Eagle"
		},
		"EDW_Eagle_Daily_properties_EDW Load - Main_parameters_Load_Type": {
			"type": "string",
			"defaultValue": "DELTA"
		},
		"EDW_Eagle_Daily_properties_EDW Load - Main_parameters_Batch_Date": {
			"type": "string",
			"defaultValue": "1900-01-01"
		},
		"EDW_IMCOManual_Daily_properties_EDW Load - Main_parameters_Source_System": {
			"type": "string",
			"defaultValue": "PSA_IMCOManual"
		},
		"EDW_IMCOManual_Daily_properties_EDW Load - Main_parameters_Load_Type": {
			"type": "string",
			"defaultValue": "DELTA"
		},
		"EDW_IMCOManual_Daily_properties_EDW Load - Main_parameters_Batch_Date": {
			"type": "string",
			"defaultValue": "1900-01-01"
		},
		"EDW_SharePoint_TPM_SAA_Daily_properties_EDW Load - Main_parameters_Source_System": {
			"type": "string",
			"defaultValue": "SharePoint_TPM_SAA"
		},
		"EDW_SharePoint_TPM_SAA_Daily_properties_EDW Load - Main_parameters_Load_Type": {
			"type": "string",
			"defaultValue": "DELTA"
		},
		"EDW_SharePoint_TPM_SAA_Daily_properties_EDW Load - Main_parameters_Batch_Date": {
			"type": "string",
			"defaultValue": "1900-01-01"
		},
		"EagleDailyRun_properties_Risk - DW_Main_parameters_SQLServer_Database": {
			"type": "string",
			"defaultValue": "Risk"
		},
		"EagleDailyRun_properties_Risk - DW_Main_parameters_Batch_Date": {
			"type": "string",
			"defaultValue": "1900-01-01"
		},
		"EagleDailyRun_properties_Risk - DW_Main_parameters_Source_System": {
			"type": "string",
			"defaultValue": "Eagle"
		},
		"EagleDailyRun_properties_Risk - DW_Main_parameters_Load_Type": {
			"type": "string",
			"defaultValue": "DELTA"
		},
		"Eagle_Daily_Sync_properties_Risk - DW_Main_parameters_SQLServer_Database": {
			"type": "string",
			"defaultValue": "Risk"
		},
		"Eagle_Daily_Sync_properties_Risk - DW_Main_parameters_Batch_Date": {
			"type": "string",
			"defaultValue": "1900-01-01"
		},
		"Eagle_Daily_Sync_properties_Risk - DW_Main_parameters_Source_System": {
			"type": "string",
			"defaultValue": "Eagle"
		},
		"Eagle_Daily_Sync_properties_Risk - DW_Main_parameters_Load_Type": {
			"type": "string",
			"defaultValue": "SYNC"
		},
		"IMCOManual_Daily_properties_Risk - DW_Main_parameters_SQLServer_Database": {
			"type": "string",
			"defaultValue": "IMCO_Manual"
		},
		"IMCOManual_Daily_properties_Risk - DW_Main_parameters_Batch_Date": {
			"type": "string",
			"defaultValue": "1900-01-01"
		},
		"IMCOManual_Daily_properties_Risk - DW_Main_parameters_Source_System": {
			"type": "string",
			"defaultValue": "IMCOManual"
		},
		"IMCOManual_Daily_properties_Risk - DW_Main_parameters_Load_Type": {
			"type": "string",
			"defaultValue": "DELTA"
		},
		"Monthly SAA_properties_BD1 SAA Pipeline_parameters_file_folder": {
			"type": "string",
			"defaultValue": "BD1_SAA"
		},
		"PMA_Daily_properties_GetDeepMacroDaily_parameters_num_of_days": {
			"type": "string",
			"defaultValue": "5"
		},
		"StateStreet_Daily_properties_Risk - DW_Main_parameters_SQLServer_Database": {
			"type": "string",
			"defaultValue": "Master_DM"
		},
		"StateStreet_Daily_properties_Risk - DW_Main_parameters_Batch_Date": {
			"type": "string",
			"defaultValue": "1900-01-01"
		},
		"StateStreet_Daily_properties_Risk - DW_Main_parameters_Source_System": {
			"type": "string",
			"defaultValue": "StateStreet"
		},
		"StateStreet_Daily_properties_Risk - DW_Main_parameters_Load_Type": {
			"type": "string",
			"defaultValue": "DELTA"
		},
		"WeeklySAA_properties_WD3 OPB SAA Pipeline_parameters_file_folder": {
			"type": "string",
			"defaultValue": "WD3_OPB_SAA"
		},
		"triggerTPVDriftingBM_properties_typeProperties_scope": {
			"type": "string",
			"defaultValue": "/subscriptions/fdeb04f6-576f-42ce-9ecc-6fd428df3a88/resourceGroups/INVINV106626/providers/Microsoft.Storage/storageAccounts/imcnoimdaiald01"
		},
		"dataFactory_properties_globalParameters_SSAS_Region_value": {
			"type": "string",
			"defaultValue": "canadacentral"
		},
		"dataFactory_properties_globalParameters_SSAS_Server_value": {
			"type": "string",
			"defaultValue": "imcnoimdmsanlys1"
		},
		"dataFactory_properties_globalParameters_SSAS_DatabaseName_value": {
			"type": "string",
			"defaultValue": "RiskDataMart"
		},
		"dataFactory_properties_globalParameters_Azure_Subscription_Id_value": {
			"type": "string",
			"defaultValue": "fdeb04f6-576f-42ce-9ecc-6fd428df3a88"
		},
		"dataFactory_properties_globalParameters_Azure_Resource_Group_value": {
			"type": "string",
			"defaultValue": "INVINV106626"
		},
		"dataFactory_properties_globalParameters_Mail_To_value": {
			"type": "string",
			"defaultValue": "Johnny.Lu@imcoinvest.com;Jason.Lee@imcoinvest.com;Francis.nguyenpham@imcoinvest.com"
		},
		"dataFactory_properties_globalParameters_Env_value": {
			"type": "string",
			"defaultValue": "dev"
		},
		"dataFactory_properties_globalParameters_Eagle_Initial_Load_Start_Date_value": {
			"type": "string",
			"defaultValue": "2021-01-01"
		},
		"dataFactory_properties_globalParameters_Azure_FunctionApp_URL_value": {
			"type": "string",
			"defaultValue": "https://imcnoimdmsfun02.azurewebsites.net"
		},
		"dataFactory_properties_globalParameters_Azure_Function_SendEmail_Key_value": {
			"type": "string",
			"defaultValue": "3zsIDR20vFRuAhooip/Rr0uQXNbKwSVe6uMiZwXv062hjkRyCdqSJA=="
		},
		"dataFactory_properties_globalParameters_Source_System_to_Refresh_SSAS_value": {
			"type": "string",
			"defaultValue": "BarraOne,StateStreet,RiskManual,Eagle"
		},
		"dataFactory_location": {
			"type": "string",
			"defaultValue": "canadacentral"
		},
		"containerUri": {
			"type": "string",
			"metadata": "URI to storage account containing linked ARM templates"
		},
		"containerSasToken": {
			"type": "string",
			"metadata": "Sas token to storage account containing linked ARM templates"
		}
	},
	"variables": {
		"factoryId": "[concat('Microsoft.DataFactory/factories/', parameters('factoryName'))]"
	},
	"resources": [
		{
			"name": "imcnoimdmsadf01_ArmTemplate_0",
			"type": "Microsoft.Resources/deployments",
			"apiVersion": "2018-02-01",
			"properties": {
				"mode": "incremental",
				"templateLink": {
					"uri": "[concat(parameters('containerUri'), '/ArmTemplate_0.json', parameters('containerSasToken'))]",
					"contentVersion": "1.0.0.0"
				},
				"parameters": {
					"factoryName": {
						"value": "[parameters('factoryName')]"
					},
					"AzureBlobStorage1_connectionString": {
						"value": "[parameters('AzureBlobStorage1_connectionString')]"
					},
					"AzureDataLakeStorage1_accountKey": {
						"value": "[parameters('AzureDataLakeStorage1_accountKey')]"
					},
					"IDPFunction_functionKey": {
						"value": "[parameters('IDPFunction_functionKey')]"
					},
					"dataFactory_properties_globalParameters_SSAS_Region_value": {
						"value": "[parameters('dataFactory_properties_globalParameters_SSAS_Region_value')]"
					},
					"dataFactory_properties_globalParameters_SSAS_Server_value": {
						"value": "[parameters('dataFactory_properties_globalParameters_SSAS_Server_value')]"
					},
					"dataFactory_properties_globalParameters_SSAS_DatabaseName_value": {
						"value": "[parameters('dataFactory_properties_globalParameters_SSAS_DatabaseName_value')]"
					},
					"dataFactory_properties_globalParameters_Azure_Subscription_Id_value": {
						"value": "[parameters('dataFactory_properties_globalParameters_Azure_Subscription_Id_value')]"
					},
					"dataFactory_properties_globalParameters_Azure_Resource_Group_value": {
						"value": "[parameters('dataFactory_properties_globalParameters_Azure_Resource_Group_value')]"
					},
					"dataFactory_properties_globalParameters_Mail_To_value": {
						"value": "[parameters('dataFactory_properties_globalParameters_Mail_To_value')]"
					},
					"dataFactory_properties_globalParameters_Env_value": {
						"value": "[parameters('dataFactory_properties_globalParameters_Env_value')]"
					},
					"dataFactory_properties_globalParameters_Eagle_Initial_Load_Start_Date_value": {
						"value": "[parameters('dataFactory_properties_globalParameters_Eagle_Initial_Load_Start_Date_value')]"
					},
					"dataFactory_properties_globalParameters_Azure_FunctionApp_URL_value": {
						"value": "[parameters('dataFactory_properties_globalParameters_Azure_FunctionApp_URL_value')]"
					},
					"dataFactory_properties_globalParameters_Azure_Function_SendEmail_Key_value": {
						"value": "[parameters('dataFactory_properties_globalParameters_Azure_Function_SendEmail_Key_value')]"
					},
					"dataFactory_properties_globalParameters_Source_System_to_Refresh_SSAS_value": {
						"value": "[parameters('dataFactory_properties_globalParameters_Source_System_to_Refresh_SSAS_value')]"
					},
					"dataFactory_location": {
						"value": "[parameters('dataFactory_location')]"
					},
					"AzureDataLakeStorage1_properties_typeProperties_url": {
						"value": "[parameters('AzureDataLakeStorage1_properties_typeProperties_url')]"
					},
					"AzureKeyVault1_properties_typeProperties_baseUrl": {
						"value": "[parameters('AzureKeyVault1_properties_typeProperties_baseUrl')]"
					},
					"HttpServer_SharePoint_properties_typeProperties_url": {
						"value": "[parameters('HttpServer_SharePoint_properties_typeProperties_url')]"
					},
					"IDPFunction_properties_typeProperties_functionAppUrl": {
						"value": "[parameters('IDPFunction_properties_typeProperties_functionAppUrl')]"
					},
					"LS_Polybase_Staging_properties_typeProperties_serviceEndpoint": {
						"value": "[parameters('LS_Polybase_Staging_properties_typeProperties_serviceEndpoint')]"
					},
					"triggerTPVDriftingBM_properties_typeProperties_scope": {
						"value": "[parameters('triggerTPVDriftingBM_properties_typeProperties_scope')]"
					}
				}
			},
			"dependsOn": []
		},
		{
			"name": "imcnoimdmsadf01_ArmTemplate_1",
			"type": "Microsoft.Resources/deployments",
			"apiVersion": "2018-02-01",
			"properties": {
				"mode": "incremental",
				"templateLink": {
					"uri": "[concat(parameters('containerUri'), '/ArmTemplate_1.json', parameters('containerSasToken'))]",
					"contentVersion": "1.0.0.0"
				},
				"parameters": {
					"factoryName": {
						"value": "[parameters('factoryName')]"
					}
				}
			},
			"dependsOn": [
				"[resourceId('Microsoft.Resources/deployments', 'imcnoimdmsadf01_ArmTemplate_0')]"
			]
		},
		{
			"name": "imcnoimdmsadf01_ArmTemplate_2",
			"type": "Microsoft.Resources/deployments",
			"apiVersion": "2018-02-01",
			"properties": {
				"mode": "incremental",
				"templateLink": {
					"uri": "[concat(parameters('containerUri'), '/ArmTemplate_2.json', parameters('containerSasToken'))]",
					"contentVersion": "1.0.0.0"
				},
				"parameters": {
					"factoryName": {
						"value": "[parameters('factoryName')]"
					},
					"AzureSynapseDW_connectionString": {
						"value": "[parameters('AzureSynapseDW_connectionString')]"
					},
					"AzureSynapseDWAdmin_connectionString": {
						"value": "[parameters('AzureSynapseDWAdmin_connectionString')]"
					},
					"Oracle_EagleIDW_connectionString": {
						"value": "[parameters('Oracle_EagleIDW_connectionString')]"
					},
					"SQServer_IMCO_2_connectionString": {
						"value": "[parameters('SQServer_IMCO_2_connectionString')]"
					},
					"Sftp1_password": {
						"value": "[parameters('Sftp1_password')]"
					},
					"SqlServer_Target_connectionString": {
						"value": "[parameters('SqlServer_Target_connectionString')]"
					},
					"DeepMacro_properties_typeProperties_accessKeyId": {
						"value": "[parameters('DeepMacro_properties_typeProperties_accessKeyId')]"
					},
					"SFTP_Morgan_Stanley_properties_typeProperties_host": {
						"value": "[parameters('SFTP_Morgan_Stanley_properties_typeProperties_host')]"
					},
					"SFTP_Morgan_Stanley_properties_typeProperties_userName": {
						"value": "[parameters('SFTP_Morgan_Stanley_properties_typeProperties_userName')]"
					},
					"Sftp1_properties_typeProperties_host": {
						"value": "[parameters('Sftp1_properties_typeProperties_host')]"
					},
					"Sftp1_properties_typeProperties_userName": {
						"value": "[parameters('Sftp1_properties_typeProperties_userName')]"
					}
				}
			},
			"dependsOn": [
				"[resourceId('Microsoft.Resources/deployments', 'imcnoimdmsadf01_ArmTemplate_1')]"
			]
		},
		{
			"name": "imcnoimdmsadf01_ArmTemplate_3",
			"type": "Microsoft.Resources/deployments",
			"apiVersion": "2018-02-01",
			"properties": {
				"mode": "incremental",
				"templateLink": {
					"uri": "[concat(parameters('containerUri'), '/ArmTemplate_3.json', parameters('containerSasToken'))]",
					"contentVersion": "1.0.0.0"
				},
				"parameters": {
					"factoryName": {
						"value": "[parameters('factoryName')]"
					}
				}
			},
			"dependsOn": [
				"[resourceId('Microsoft.Resources/deployments', 'imcnoimdmsadf01_ArmTemplate_2')]"
			]
		},
		{
			"name": "imcnoimdmsadf01_ArmTemplate_4",
			"type": "Microsoft.Resources/deployments",
			"apiVersion": "2018-02-01",
			"properties": {
				"mode": "incremental",
				"templateLink": {
					"uri": "[concat(parameters('containerUri'), '/ArmTemplate_4.json', parameters('containerSasToken'))]",
					"contentVersion": "1.0.0.0"
				},
				"parameters": {
					"factoryName": {
						"value": "[parameters('factoryName')]"
					}
				}
			},
			"dependsOn": [
				"[resourceId('Microsoft.Resources/deployments', 'imcnoimdmsadf01_ArmTemplate_3')]"
			]
		},
		{
			"name": "imcnoimdmsadf01_ArmTemplate_5",
			"type": "Microsoft.Resources/deployments",
			"apiVersion": "2018-02-01",
			"properties": {
				"mode": "incremental",
				"templateLink": {
					"uri": "[concat(parameters('containerUri'), '/ArmTemplate_5.json', parameters('containerSasToken'))]",
					"contentVersion": "1.0.0.0"
				},
				"parameters": {
					"factoryName": {
						"value": "[parameters('factoryName')]"
					},
					"DailyTrigger_properties_WSIB HOLDINGS Pipeline_parameters_file_folder": {
						"value": "[parameters('DailyTrigger_properties_WSIB HOLDINGS Pipeline_parameters_file_folder')]"
					},
					"DailyTrigger_properties_DAILY SAA Pipeline_parameters_file_folder": {
						"value": "[parameters('DailyTrigger_properties_DAILY SAA Pipeline_parameters_file_folder')]"
					},
					"DailyTrigger_properties_OPB Positions Pipeline_parameters_file_folder": {
						"value": "[parameters('DailyTrigger_properties_OPB Positions Pipeline_parameters_file_folder')]"
					},
					"Monthly SAA_properties_BD1 SAA Pipeline_parameters_file_folder": {
						"value": "[parameters('Monthly SAA_properties_BD1 SAA Pipeline_parameters_file_folder')]"
					},
					"PMA_Daily_properties_GetDeepMacroDaily_parameters_num_of_days": {
						"value": "[parameters('PMA_Daily_properties_GetDeepMacroDaily_parameters_num_of_days')]"
					},
					"WeeklySAA_properties_WD3 OPB SAA Pipeline_parameters_file_folder": {
						"value": "[parameters('WeeklySAA_properties_WD3 OPB SAA Pipeline_parameters_file_folder')]"
					}
				}
			},
			"dependsOn": [
				"[resourceId('Microsoft.Resources/deployments', 'imcnoimdmsadf01_ArmTemplate_4')]"
			]
		},
		{
			"name": "imcnoimdmsadf01_ArmTemplate_6",
			"type": "Microsoft.Resources/deployments",
			"apiVersion": "2018-02-01",
			"properties": {
				"mode": "incremental",
				"templateLink": {
					"uri": "[concat(parameters('containerUri'), '/ArmTemplate_6.json', parameters('containerSasToken'))]",
					"contentVersion": "1.0.0.0"
				},
				"parameters": {
					"factoryName": {
						"value": "[parameters('factoryName')]"
					},
					"Azure Synapse Non-Prod DB Scaling down daily 9pm_properties_Azure_Synapse_DB_Scaling_Non_Prod_parameters_License_Type": {
						"value": "[parameters('Azure Synapse Non-Prod DB Scaling down daily 9pm_properties_Azure_Synapse_DB_Scaling_Non_Prod_parameters_License_Type')]"
					},
					"Azure Synapse Non-Prod DB scaling up daily 9am_properties_Azure_Synapse_DB_Scaling_Non_Prod_parameters_License_Type": {
						"value": "[parameters('Azure Synapse Non-Prod DB scaling up daily 9am_properties_Azure_Synapse_DB_Scaling_Non_Prod_parameters_License_Type')]"
					}
				}
			},
			"dependsOn": [
				"[resourceId('Microsoft.Resources/deployments', 'imcnoimdmsadf01_ArmTemplate_5')]"
			]
		},
		{
			"name": "imcnoimdmsadf01_ArmTemplate_7",
			"type": "Microsoft.Resources/deployments",
			"apiVersion": "2018-02-01",
			"properties": {
				"mode": "incremental",
				"templateLink": {
					"uri": "[concat(parameters('containerUri'), '/ArmTemplate_7.json', parameters('containerSasToken'))]",
					"contentVersion": "1.0.0.0"
				},
				"parameters": {
					"factoryName": {
						"value": "[parameters('factoryName')]"
					},
					"BUS_Transform_Client_Perct_Daily_10am_properties_Risk - DW_Load Business Transformation_parameters_Batch_Date": {
						"value": "[parameters('BUS_Transform_Client_Perct_Daily_10am_properties_Risk - DW_Load Business Transformation_parameters_Batch_Date')]"
					},
					"BUS_Transform_Client_Perct_Daily_10am_properties_Risk - DW_Load Business Transformation_parameters_Process_Name": {
						"value": "[parameters('BUS_Transform_Client_Perct_Daily_10am_properties_Risk - DW_Load Business Transformation_parameters_Process_Name')]"
					},
					"BUS_Transform_Client_Perct_Daily_10am_properties_Risk - DW_Load Business Transformation_parameters_Load_Type": {
						"value": "[parameters('BUS_Transform_Client_Perct_Daily_10am_properties_Risk - DW_Load Business Transformation_parameters_Load_Type')]"
					},
					"BUS_Transform_WSIB_Benchmark_Daily_10am_properties_Risk - DW_Load Business Transformation_parameters_Batch_Date": {
						"value": "[parameters('BUS_Transform_WSIB_Benchmark_Daily_10am_properties_Risk - DW_Load Business Transformation_parameters_Batch_Date')]"
					},
					"BUS_Transform_WSIB_Benchmark_Daily_10am_properties_Risk - DW_Load Business Transformation_parameters_Process_Name": {
						"value": "[parameters('BUS_Transform_WSIB_Benchmark_Daily_10am_properties_Risk - DW_Load Business Transformation_parameters_Process_Name')]"
					},
					"BUS_Transform_WSIB_Benchmark_Daily_10am_properties_Risk - DW_Load Business Transformation_parameters_Load_Type": {
						"value": "[parameters('BUS_Transform_WSIB_Benchmark_Daily_10am_properties_Risk - DW_Load Business Transformation_parameters_Load_Type')]"
					},
					"EDW_Eagle_Daily_properties_EDW Load - Main_parameters_Source_System": {
						"value": "[parameters('EDW_Eagle_Daily_properties_EDW Load - Main_parameters_Source_System')]"
					},
					"EDW_Eagle_Daily_properties_EDW Load - Main_parameters_Load_Type": {
						"value": "[parameters('EDW_Eagle_Daily_properties_EDW Load - Main_parameters_Load_Type')]"
					},
					"EDW_Eagle_Daily_properties_EDW Load - Main_parameters_Batch_Date": {
						"value": "[parameters('EDW_Eagle_Daily_properties_EDW Load - Main_parameters_Batch_Date')]"
					},
					"EDW_IMCOManual_Daily_properties_EDW Load - Main_parameters_Source_System": {
						"value": "[parameters('EDW_IMCOManual_Daily_properties_EDW Load - Main_parameters_Source_System')]"
					},
					"EDW_IMCOManual_Daily_properties_EDW Load - Main_parameters_Load_Type": {
						"value": "[parameters('EDW_IMCOManual_Daily_properties_EDW Load - Main_parameters_Load_Type')]"
					},
					"EDW_IMCOManual_Daily_properties_EDW Load - Main_parameters_Batch_Date": {
						"value": "[parameters('EDW_IMCOManual_Daily_properties_EDW Load - Main_parameters_Batch_Date')]"
					},
					"EDW_SharePoint_TPM_SAA_Daily_properties_EDW Load - Main_parameters_Source_System": {
						"value": "[parameters('EDW_SharePoint_TPM_SAA_Daily_properties_EDW Load - Main_parameters_Source_System')]"
					},
					"EDW_SharePoint_TPM_SAA_Daily_properties_EDW Load - Main_parameters_Load_Type": {
						"value": "[parameters('EDW_SharePoint_TPM_SAA_Daily_properties_EDW Load - Main_parameters_Load_Type')]"
					},
					"EDW_SharePoint_TPM_SAA_Daily_properties_EDW Load - Main_parameters_Batch_Date": {
						"value": "[parameters('EDW_SharePoint_TPM_SAA_Daily_properties_EDW Load - Main_parameters_Batch_Date')]"
					},
					"EagleDailyRun_properties_Risk - DW_Main_parameters_SQLServer_Database": {
						"value": "[parameters('EagleDailyRun_properties_Risk - DW_Main_parameters_SQLServer_Database')]"
					},
					"EagleDailyRun_properties_Risk - DW_Main_parameters_Batch_Date": {
						"value": "[parameters('EagleDailyRun_properties_Risk - DW_Main_parameters_Batch_Date')]"
					},
					"EagleDailyRun_properties_Risk - DW_Main_parameters_Source_System": {
						"value": "[parameters('EagleDailyRun_properties_Risk - DW_Main_parameters_Source_System')]"
					},
					"EagleDailyRun_properties_Risk - DW_Main_parameters_Load_Type": {
						"value": "[parameters('EagleDailyRun_properties_Risk - DW_Main_parameters_Load_Type')]"
					},
					"Eagle_Daily_Sync_properties_Risk - DW_Main_parameters_SQLServer_Database": {
						"value": "[parameters('Eagle_Daily_Sync_properties_Risk - DW_Main_parameters_SQLServer_Database')]"
					},
					"Eagle_Daily_Sync_properties_Risk - DW_Main_parameters_Batch_Date": {
						"value": "[parameters('Eagle_Daily_Sync_properties_Risk - DW_Main_parameters_Batch_Date')]"
					},
					"Eagle_Daily_Sync_properties_Risk - DW_Main_parameters_Source_System": {
						"value": "[parameters('Eagle_Daily_Sync_properties_Risk - DW_Main_parameters_Source_System')]"
					},
					"Eagle_Daily_Sync_properties_Risk - DW_Main_parameters_Load_Type": {
						"value": "[parameters('Eagle_Daily_Sync_properties_Risk - DW_Main_parameters_Load_Type')]"
					},
					"IMCOManual_Daily_properties_Risk - DW_Main_parameters_SQLServer_Database": {
						"value": "[parameters('IMCOManual_Daily_properties_Risk - DW_Main_parameters_SQLServer_Database')]"
					},
					"IMCOManual_Daily_properties_Risk - DW_Main_parameters_Batch_Date": {
						"value": "[parameters('IMCOManual_Daily_properties_Risk - DW_Main_parameters_Batch_Date')]"
					},
					"IMCOManual_Daily_properties_Risk - DW_Main_parameters_Source_System": {
						"value": "[parameters('IMCOManual_Daily_properties_Risk - DW_Main_parameters_Source_System')]"
					},
					"IMCOManual_Daily_properties_Risk - DW_Main_parameters_Load_Type": {
						"value": "[parameters('IMCOManual_Daily_properties_Risk - DW_Main_parameters_Load_Type')]"
					},
					"StateStreet_Daily_properties_Risk - DW_Main_parameters_SQLServer_Database": {
						"value": "[parameters('StateStreet_Daily_properties_Risk - DW_Main_parameters_SQLServer_Database')]"
					},
					"StateStreet_Daily_properties_Risk - DW_Main_parameters_Batch_Date": {
						"value": "[parameters('StateStreet_Daily_properties_Risk - DW_Main_parameters_Batch_Date')]"
					},
					"StateStreet_Daily_properties_Risk - DW_Main_parameters_Source_System": {
						"value": "[parameters('StateStreet_Daily_properties_Risk - DW_Main_parameters_Source_System')]"
					},
					"StateStreet_Daily_properties_Risk - DW_Main_parameters_Load_Type": {
						"value": "[parameters('StateStreet_Daily_properties_Risk - DW_Main_parameters_Load_Type')]"
					}
				}
			},
			"dependsOn": [
				"[resourceId('Microsoft.Resources/deployments', 'imcnoimdmsadf01_ArmTemplate_6')]"
			]
		}
	]
}