{
	"name": "Azure_Analysis_Service_Scalling_Non_Prod",
	"properties": {
		"activities": [
			{
				"name": "Check Env Non Prod",
				"type": "IfCondition",
				"dependsOn": [],
				"userProperties": [],
				"typeProperties": {
					"expression": {
						"value": "@or(equals(pipeline().globalParameters.Env,'dev'),equals(pipeline().globalParameters.Env,'uat'))",
						"type": "Expression"
					},
					"ifTrueActivities": [
						{
							"name": "Send Failure Notification",
							"type": "ExecutePipeline",
							"dependsOn": [
								{
									"activity": "Scale Analysis Service",
									"dependencyConditions": [
										"Failed"
									]
								}
							],
							"userProperties": [],
							"typeProperties": {
								"pipeline": {
									"referenceName": "Risk - Send Email Notification",
									"type": "PipelineReference"
								},
								"waitOnCompletion": true,
								"parameters": {
									"Process_Name": "IDP_ADF_Azure_DB_Scaling",
									"Email_Body_Addition": {
										"value": "@concat('<p>Scaling action details:</p><p>Database Environment: ',pipeline().globalParameters.Env, '</p><p>Scaling type: ',pipeline().parameters.License_Type,'</p>')",
										"type": "Expression"
									},
									"Success_Failure_Flag": "F"
								}
							}
						},
						{
							"name": "Scale Analysis Service",
							"type": "WebActivity",
							"dependsOn": [],
							"policy": {
								"timeout": "7.00:00:00",
								"retry": 0,
								"retryIntervalInSeconds": 30,
								"secureOutput": false,
								"secureInput": false
							},
							"userProperties": [],
							"typeProperties": {
								"url": {
									"value": "@concat('https://management.azure.com/subscriptions/', pipeline().globalParameters.Azure_Subscription_Id,'/resourceGroups/',pipeline().globalParameters.Azure_Resource_Group,'/providers/Microsoft.AnalysisServices/servers/',pipeline().globalParameters.SSAS_Server,'/?api-version=2017-08-01')",
									"type": "Expression"
								},
								"method": "PATCH",
								"body": {
									"value": "@concat('{\n   \"sku\":{\n      \"capacity\":1,\n      \"name\":\"',pipeline().parameters.License_Type,'\",\n      \"tier\":\"Standard\"\n   }\n}')",
									"type": "Expression"
								},
								"authentication": {
									"type": "MSI",
									"resource": "https://management.azure.com"
								}
							}
						}
					]
				}
			}
		],
		"parameters": {
			"License_Type": {
				"type": "string"
			}
		},
		"folder": {
			"name": "Admin"
		},
		"annotations": [],
		"lastPublishTime": "2022-02-23T19:49:47Z"
	},
	"type": "Microsoft.DataFactory/factories/pipelines"
}