{
	"name": "Azure_Synapse_DB_Scaling",
	"properties": {
		"activities": [
			{
				"name": "Scaling Azure Synapse DB",
				"type": "Lookup",
				"dependsOn": [
					{
						"activity": "Get Current Load Dates",
						"dependencyConditions": [
							"Succeeded"
						]
					}
				],
				"policy": {
					"timeout": "7.00:00:00",
					"retry": 0,
					"retryIntervalInSeconds": 30,
					"secureOutput": false,
					"secureInput": false
				},
				"userProperties": [],
				"typeProperties": {
					"source": {
						"type": "AzureSqlSource",
						"sqlReaderQuery": {
							"value": "@concat('Begin    \n      Declare @sql nvarchar(255)\n      Select @sql = N''ALTER DATABASE imcnoimpvmsql01 MODIFY (SERVICE_OBJECTIVE = ''''',pipeline().parameters.Load_Type,''''')''\n\tEXECUTE sp_executesql @sql\n\tWHILE\n\t(\n\t\tSELECT TOP 1 state_desc\n\t\tFROM sys.dm_operation_status\n\t\tWHERE\n\t\t\t1=1\n\t\t\tAND resource_type_desc = ''Database''\n\t\t\tAND major_resource_id = ''imcnoimpvmsql01''\n\t\t\tAND operation = ''ALTER DATABASE''\n\t\tORDER BY\n\t\t\tstart_time DESC\n\t) = ''IN_PROGRESS''\n\tBEGIN\n\t\tWAITFOR DELAY  ''00:00:30'';\n\tEND\n\n\tSelect ''Scaling Completed'' as Status\n\nEnd\n')",
							"type": "Expression"
						},
						"queryTimeout": "02:00:00",
						"partitionOption": "None"
					},
					"dataset": {
						"referenceName": "AzureSynapseAdmin",
						"type": "DatasetReference"
					}
				}
			},
			{
				"name": "Send Failure Notification",
				"type": "ExecutePipeline",
				"dependsOn": [
					{
						"activity": "Update Job Status Failed",
						"dependencyConditions": [
							"Completed"
						]
					}
				],
				"userProperties": [],
				"typeProperties": {
					"pipeline": {
						"referenceName": "Risk - Send Email Notification",
						"type": "PipelineReference"
					},
					"waitOnCompletion": true,
					"parameters": {
						"Email_Subject_Addition": "- Waiting for Job timeout",
						"Process_Name": "IDP_ADF_Azure_DB_Scaling",
						"Email_Body_Addition": {
							"value": "@concat('<p>Scaling action details:</p><p>Database Environment: ',pipeline().globalParameters.Env, '</p><p>Scaling type: ',pipeline().parameters.Load_Type,'</p>')",
							"type": "Expression"
						},
						"Success_Failure_Flag": "F"
					}
				}
			},
			{
				"name": "Set Initial run",
				"type": "SetVariable",
				"dependsOn": [],
				"policy": {
					"secureOutput": false,
					"secureInput": false
				},
				"userProperties": [],
				"typeProperties": {
					"variableName": "Initial_Run_Variable",
					"value": "T"
				}
			},
			{
				"name": "Wait for all job finish - disabled",
				"type": "Until",
				"dependsOn": [
					{
						"activity": "Set Initial run",
						"dependencyConditions": [
							"Succeeded"
						]
					}
				],
				"userProperties": [],
				"typeProperties": {
					"expression": {
						"value": "@equals(1, 1)",
						"type": "Expression"
					},
					"activities": [
						{
							"name": "wait if it is not first run",
							"type": "IfCondition",
							"dependsOn": [],
							"userProperties": [],
							"typeProperties": {
								"expression": {
									"value": "@equals(variables('Initial_Run_Variable'),'F')",
									"type": "Expression"
								},
								"ifTrueActivities": [
									{
										"name": "Wait for 1 mins",
										"type": "Wait",
										"dependsOn": [],
										"userProperties": [],
										"typeProperties": {
											"waitTimeInSeconds": 60
										}
									}
								]
							}
						},
						{
							"name": "Get in progress jobs",
							"type": "Lookup",
							"dependsOn": [
								{
									"activity": "wait if it is not first run",
									"dependencyConditions": [
										"Succeeded"
									]
								}
							],
							"policy": {
								"timeout": "7.00:00:00",
								"retry": 0,
								"retryIntervalInSeconds": 30,
								"secureOutput": false,
								"secureInput": false
							},
							"userProperties": [],
							"typeProperties": {
								"source": {
									"type": "SqlDWSource",
									"sqlReaderQuery": "Select count(Job_id) as Num_Of_Pending_Jobs\nFrom (\n\tSelect Job_Id \n\tFrom DataWarehouse_Staging.job_run\n\tWhere job_status in ('Not Started', 'In Progress')\n\tUnion\n\tSelect ETL_Load_Key as Job_Id\n\tFrom EDW_ETL.ETL_Load\n\tWhere Load_Status in ( 'Started', 'In_Progress')\n) t",
									"queryTimeout": "02:00:00",
									"partitionOption": "None"
								},
								"dataset": {
									"referenceName": "Azure_DW",
									"type": "DatasetReference",
									"parameters": {
										"schema": "DataWarehouse_Staging",
										"table": "Job_Run"
									}
								}
							}
						},
						{
							"name": "Set to after first run",
							"type": "SetVariable",
							"dependsOn": [
								{
									"activity": "Get in progress jobs",
									"dependencyConditions": [
										"Succeeded"
									]
								}
							],
							"policy": {
								"secureOutput": false,
								"secureInput": false
							},
							"userProperties": [],
							"typeProperties": {
								"variableName": "Initial_Run_Variable",
								"value": "F"
							}
						}
					],
					"timeout": "0.02:00:00"
				}
			},
			{
				"name": "Send Timeout Notification",
				"type": "ExecutePipeline",
				"dependsOn": [
					{
						"activity": "Wait for all job finish - disabled",
						"dependencyConditions": [
							"Failed"
						]
					}
				],
				"userProperties": [],
				"typeProperties": {
					"pipeline": {
						"referenceName": "Risk - Send Email Notification",
						"type": "PipelineReference"
					},
					"waitOnCompletion": true,
					"parameters": {
						"Email_Subject_Addition": "- Waiting for Job timeout",
						"Process_Name": "IDP_ADF_Azure_DB_Scaling",
						"Email_Body_Addition": {
							"value": "@concat('<p>Scaling action details:</p><p>Database Environment: ',pipeline().globalParameters.Env, '</p><p>Scaling type: ',pipeline().parameters.Load_Type,'</p><p>Wating for job to finish timed out, scaling job started, please check Datawarehouse_Staging.job_run and EDW_ETL.ETL_Load for any in process jobs</p>')",
							"type": "Expression"
						},
						"Success_Failure_Flag": "F"
					}
				}
			},
			{
				"name": "Update job to fail if still pending",
				"type": "Lookup",
				"dependsOn": [
					{
						"activity": "Wait for all job finish - disabled",
						"dependencyConditions": [
							"Completed"
						]
					}
				],
				"policy": {
					"timeout": "7.00:00:00",
					"retry": 0,
					"retryIntervalInSeconds": 30,
					"secureOutput": false,
					"secureInput": false
				},
				"userProperties": [],
				"typeProperties": {
					"source": {
						"type": "SqlDWSource",
						"sqlReaderQuery": {
							"value": "@concat('Begin    \n\t  Update edw_etl.etl_load Set Load_Status = ''Failed'', Load_End_DT = Getdate() Where Load_Status in (''Started'', ''In_Progress'')\n\t  Select ''Update Completed'' as Status\n\nEnd\n')",
							"type": "Expression"
						},
						"queryTimeout": "00:05:00",
						"partitionOption": "None"
					},
					"dataset": {
						"referenceName": "Azure_ConfigDB",
						"type": "DatasetReference",
						"parameters": {
							"schema": "DataWarehouse_Staging",
							"table": "Job_Run"
						}
					}
				}
			},
			{
				"name": "Wait 20 sec",
				"type": "Wait",
				"dependsOn": [
					{
						"activity": "Start New Load",
						"dependencyConditions": [
							"Succeeded"
						]
					}
				],
				"userProperties": [],
				"typeProperties": {
					"waitTimeInSeconds": 20
				}
			},
			{
				"name": "Start New Load",
				"type": "SqlServerStoredProcedure",
				"dependsOn": [
					{
						"activity": "Update job to fail if still pending",
						"dependencyConditions": [
							"Succeeded"
						]
					}
				],
				"policy": {
					"timeout": "7.00:00:00",
					"retry": 0,
					"retryIntervalInSeconds": 30,
					"secureOutput": false,
					"secureInput": false
				},
				"userProperties": [],
				"typeProperties": {
					"storedProcedureName": "[EDW_ETL].[Start_New_Load]",
					"storedProcedureParameters": {
						"Batch_Date": {
							"value": {
								"value": "@convertFromUtc(utcnow(),'Eastern Standard Time')",
								"type": "Expression"
							},
							"type": "String"
						},
						"Source_System": {
							"value": {
								"value": "@pipeline().parameters.Source_System",
								"type": "Expression"
							},
							"type": "String"
						},
						"Load_Type": {
							"value": {
								"value": "@pipeline().parameters.Load_Type",
								"type": "Expression"
							},
							"type": "String"
						},
						"Run_Pipeline_Id": {
							"value": {
								"value": "@pipeline().RunId",
								"type": "Expression"
							},
							"type": "String"
						}
					}
				},
				"linkedServiceName": {
					"referenceName": "AzureConfigDB",
					"type": "LinkedServiceReference"
				}
			},
			{
				"name": "Get Current Load Dates",
				"type": "Lookup",
				"dependsOn": [
					{
						"activity": "Wait 20 sec",
						"dependencyConditions": [
							"Succeeded"
						]
					}
				],
				"policy": {
					"timeout": "7.00:00:00",
					"retry": 0,
					"retryIntervalInSeconds": 30,
					"secureOutput": false,
					"secureInput": false
				},
				"userProperties": [],
				"typeProperties": {
					"source": {
						"type": "SqlDWSource",
						"sqlReaderQuery": {
							"value": "@concat('SELECT ETL_Load_Key,\n      replace(convert(varchar, [Batch_Date],102),''.'',''-'') as [Batch_Date]\n  FROM [EDW_ETL].ETL_Load\n  where [Load_Status] = ''Started''\n  and [Source_System] = ''DB_Scaling'' \n  Order by Batch_Date asc')",
							"type": "Expression"
						},
						"queryTimeout": "02:00:00",
						"partitionOption": "None"
					},
					"dataset": {
						"referenceName": "Azure_ConfigDB",
						"type": "DatasetReference",
						"parameters": {
							"schema": "EDW_ETL",
							"table": "ETL_Load"
						}
					},
					"firstRowOnly": true
				}
			},
			{
				"name": "Set Load Success",
				"type": "SqlServerStoredProcedure",
				"dependsOn": [
					{
						"activity": "Scaling Azure Synapse DB",
						"dependencyConditions": [
							"Succeeded"
						]
					}
				],
				"policy": {
					"timeout": "7.00:00:00",
					"retry": 0,
					"retryIntervalInSeconds": 30,
					"secureOutput": false,
					"secureInput": false
				},
				"userProperties": [],
				"typeProperties": {
					"storedProcedureName": "[EDW_ETL].[Update_ETL_Load_Status]",
					"storedProcedureParameters": {
						"ETL_Load_Key": {
							"value": {
								"value": "@activity('Get Current Load Dates').output.firstrow.ETL_Load_Key",
								"type": "Expression"
							},
							"type": "Int32"
						},
						"Status": {
							"value": {
								"value": "Completed",
								"type": "Expression"
							},
							"type": "String"
						}
					}
				},
				"linkedServiceName": {
					"referenceName": "AzureConfigDB",
					"type": "LinkedServiceReference"
				}
			},
			{
				"name": "Update Job Status Failed",
				"type": "SqlServerStoredProcedure",
				"dependsOn": [
					{
						"activity": "Scaling Azure Synapse DB",
						"dependencyConditions": [
							"Failed"
						]
					}
				],
				"policy": {
					"timeout": "7.00:00:00",
					"retry": 0,
					"retryIntervalInSeconds": 30,
					"secureOutput": false,
					"secureInput": false
				},
				"userProperties": [],
				"typeProperties": {
					"storedProcedureName": "[EDW_ETL].[Update_ETL_Load_Status]",
					"storedProcedureParameters": {
						"ETL_Load_Key": {
							"value": {
								"value": "@activity('Get Current Load Dates').output.firstrow.ETL_Load_Key",
								"type": "Expression"
							},
							"type": "Int32"
						},
						"Status": {
							"value": "Failed",
							"type": "String"
						}
					}
				},
				"linkedServiceName": {
					"referenceName": "AzureConfigDB",
					"type": "LinkedServiceReference"
				}
			}
		],
		"parameters": {
			"Load_Type": {
				"type": "string",
				"defaultValue": "DW100c"
			},
			"Source_System": {
				"type": "string",
				"defaultValue": "DB_Scaling"
			},
			"Batch_Date": {
				"type": "string"
			}
		},
		"variables": {
			"Initial_Run_Variable": {
				"type": "String",
				"defaultValue": "T"
			}
		},
		"folder": {
			"name": "Admin"
		},
		"annotations": [],
		"lastPublishTime": "2022-12-23T14:28:22Z"
	},
	"type": "Microsoft.DataFactory/factories/pipelines"
}