{
	"name": "BD1 SAA Pipeline",
	"properties": {
		"description": " Pipeline to source BD1 SAA file from BD1_SAA folder in SFTP server to Blob storage.\n- Picks up file(s) from BD1_SAA folder in SFTP server\n- Sets batchID as epoch time integer, ingestion_datetime as utcnow\n- Copies file to landing folder in Blob storage 'tpv/SAA/YYYYMMDDTHHMMSS/'\n- Processes spreadsheet data and creates CSV (pipe delimited) in 'tpv_source/SAA' folder\n- Moves source file to archive folder in SFTP server\n- calls SP with process_id = batch_id",
		"activities": [
			{
				"name": "GetFileList",
				"type": "GetMetadata",
				"dependsOn": [
					{
						"activity": "Set variable - Ingestion Date timestamp",
						"dependencyConditions": [
							"Succeeded"
						]
					}
				],
				"policy": {
					"timeout": "7.00:00:00",
					"retry": 0,
					"retryIntervalInSeconds": 30,
					"secureOutput": false,
					"secureInput": false
				},
				"userProperties": [],
				"typeProperties": {
					"dataset": {
						"referenceName": "TPV_SFTPSourceDataset_Folder",
						"type": "DatasetReference",
						"parameters": {
							"file_folder": {
								"value": "@pipeline().parameters.file_folder",
								"type": "Expression"
							}
						}
					},
					"fieldList": [
						"childItems"
					],
					"storeSettings": {
						"type": "SftpReadSettings",
						"recursive": true
					},
					"formatSettings": {
						"type": "BinaryReadSettings"
					}
				}
			},
			{
				"name": "ForEach - File",
				"type": "ForEach",
				"dependsOn": [
					{
						"activity": "GetFileList",
						"dependencyConditions": [
							"Succeeded"
						]
					}
				],
				"userProperties": [],
				"typeProperties": {
					"items": {
						"value": "@activity('GetFileList').output.childItems",
						"type": "Expression"
					},
					"isSequential": true,
					"activities": [
						{
							"name": "Set variable - Source File Name",
							"type": "SetVariable",
							"dependsOn": [
								{
									"activity": "Set variable - Batch ID",
									"dependencyConditions": [
										"Succeeded"
									]
								}
							],
							"userProperties": [],
							"typeProperties": {
								"variableName": "source_file_name",
								"value": {
									"value": "@item().name",
									"type": "Expression"
								}
							}
						},
						{
							"name": "Create Destination Folder on Blob Storage",
							"type": "DatabricksNotebook",
							"dependsOn": [
								{
									"activity": "Set variable - Source File Name",
									"dependencyConditions": [
										"Succeeded"
									]
								}
							],
							"policy": {
								"timeout": "7.00:00:00",
								"retry": 0,
								"retryIntervalInSeconds": 30,
								"secureOutput": false,
								"secureInput": false
							},
							"userProperties": [],
							"typeProperties": {
								"notebookPath": "/Users/malay.dave@imcoinvest.com/tpv/create_destination_folder",
								"baseParameters": {
									"ingestion_datetime": {
										"value": "@variables('ingestion_datetime')",
										"type": "Expression"
									},
									"file_name": {
										"value": "@variables('source_file_name')",
										"type": "Expression"
									},
									"file_folder": {
										"value": "@pipeline().parameters.file_folder",
										"type": "Expression"
									}
								}
							},
							"linkedServiceName": {
								"referenceName": "AzureDatabricks1",
								"type": "LinkedServiceReference"
							}
						},
						{
							"name": "Copy Activity - BD1_SAA File to Blob Storage",
							"type": "Copy",
							"dependsOn": [
								{
									"activity": "Create Destination Folder on Blob Storage",
									"dependencyConditions": [
										"Succeeded"
									]
								}
							],
							"policy": {
								"timeout": "7.00:00:00",
								"retry": 0,
								"retryIntervalInSeconds": 30,
								"secureOutput": false,
								"secureInput": false
							},
							"userProperties": [],
							"typeProperties": {
								"source": {
									"type": "BinarySource",
									"storeSettings": {
										"type": "SftpReadSettings",
										"maxConcurrentConnections": 1,
										"recursive": false
									},
									"formatSettings": {
										"type": "BinaryReadSettings"
									}
								},
								"sink": {
									"type": "BinarySink",
									"storeSettings": {
										"type": "AzureBlobStorageWriteSettings"
									}
								},
								"enableStaging": false
							},
							"inputs": [
								{
									"referenceName": "TPV_SFTPSourceDataset_File",
									"type": "DatasetReference",
									"parameters": {
										"source_file_name": {
											"value": "@variables('source_file_name')",
											"type": "Expression"
										},
										"file_folder": {
											"value": "@pipeline().parameters.file_folder",
											"type": "Expression"
										}
									}
								}
							],
							"outputs": [
								{
									"referenceName": "TPV_FileSinkToBlobStorage_ToTemp",
									"type": "DatasetReference",
									"parameters": {
										"ingestion_datetime": {
											"value": "@activity('Create Destination Folder on Blob Storage').output.runOutput",
											"type": "Expression"
										},
										"source_file_name": {
											"value": "@variables('source_file_name')",
											"type": "Expression"
										},
										"file_folder": {
											"value": "@pipeline().parameters.file_folder",
											"type": "Expression"
										}
									}
								}
							]
						},
						{
							"name": "Set variable - source file path",
							"type": "SetVariable",
							"dependsOn": [
								{
									"activity": "Copy Activity - BD1_SAA File to Blob Storage",
									"dependencyConditions": [
										"Succeeded"
									]
								}
							],
							"userProperties": [],
							"typeProperties": {
								"variableName": "source_file_path",
								"value": {
									"value": "@concat('/dbfs/mnt/raw/tpv/','/',pipeline().parameters.file_folder,'/',activity('Create Destination Folder on Blob Storage').output.runOutput,'/',variables('source_file_name'))",
									"type": "Expression"
								}
							}
						},
						{
							"name": "Call DB Notebook - process_BD1_SAA",
							"type": "DatabricksNotebook",
							"dependsOn": [
								{
									"activity": "Set variable - source file path",
									"dependencyConditions": [
										"Succeeded"
									]
								}
							],
							"policy": {
								"timeout": "7.00:00:00",
								"retry": 0,
								"retryIntervalInSeconds": 30,
								"secureOutput": false,
								"secureInput": false
							},
							"userProperties": [],
							"typeProperties": {
								"notebookPath": "/Users/malay.dave@imcoinvest.com/tpv/process_BD1_SAA_XLSX",
								"baseParameters": {
									"source_file_path": {
										"value": "@variables('source_file_path')",
										"type": "Expression"
									},
									"batch_id": {
										"value": "@variables('batch_id')",
										"type": "Expression"
									}
								}
							},
							"linkedServiceName": {
								"referenceName": "AzureDatabricks1",
								"type": "LinkedServiceReference"
							}
						},
						{
							"name": "Copy Source File to Archive",
							"type": "Copy",
							"dependsOn": [
								{
									"activity": "Call DB Notebook - process_BD1_SAA",
									"dependencyConditions": [
										"Succeeded"
									]
								}
							],
							"policy": {
								"timeout": "7.00:00:00",
								"retry": 0,
								"retryIntervalInSeconds": 30,
								"secureOutput": false,
								"secureInput": false
							},
							"userProperties": [],
							"typeProperties": {
								"source": {
									"type": "BinarySource",
									"storeSettings": {
										"type": "SftpReadSettings",
										"recursive": false
									}
								},
								"sink": {
									"type": "BinarySink",
									"storeSettings": {
										"type": "SftpWriteSettings",
										"operationTimeout": "01:00:00",
										"useTempFileRename": true
									}
								},
								"enableStaging": false
							},
							"inputs": [
								{
									"referenceName": "TPV_SFTPSourceDataset_File",
									"type": "DatasetReference",
									"parameters": {
										"source_file_name": {
											"value": "@variables('source_file_name')",
											"type": "Expression"
										},
										"file_folder": {
											"value": "@pipeline().parameters.file_folder",
											"type": "Expression"
										}
									}
								}
							],
							"outputs": [
								{
									"referenceName": "TPV_SFTPSinkDataset_Folder",
									"type": "DatasetReference",
									"parameters": {
										"ingestion_datetime": {
											"value": "@activity('Create Destination Folder on Blob Storage').output.runOutput",
											"type": "Expression"
										},
										"file_folder": {
											"value": "@pipeline().parameters.file_folder",
											"type": "Expression"
										}
									}
								}
							]
						},
						{
							"name": "Delete - Source File",
							"type": "Delete",
							"dependsOn": [
								{
									"activity": "Copy Source File to Archive",
									"dependencyConditions": [
										"Succeeded"
									]
								}
							],
							"policy": {
								"timeout": "7.00:00:00",
								"retry": 0,
								"retryIntervalInSeconds": 30,
								"secureOutput": false,
								"secureInput": false
							},
							"userProperties": [],
							"typeProperties": {
								"dataset": {
									"referenceName": "TPV_SFTPSourceDataset_File",
									"type": "DatasetReference",
									"parameters": {
										"source_file_name": {
											"value": "@variables('source_file_name')",
											"type": "Expression"
										},
										"file_folder": {
											"value": "@pipeline().parameters.file_folder",
											"type": "Expression"
										}
									}
								},
								"logStorageSettings": {
									"linkedServiceName": {
										"referenceName": "AzureBlobStorage1",
										"type": "LinkedServiceReference"
									},
									"path": "raw/delete_log"
								},
								"enableLogging": true,
								"storeSettings": {
									"type": "SftpReadSettings",
									"recursive": false
								}
							}
						},
						{
							"name": "Set variable - Batch ID",
							"description": "Sets Batch ID to the epoch date time",
							"type": "SetVariable",
							"dependsOn": [],
							"userProperties": [],
							"typeProperties": {
								"variableName": "batch_id",
								"value": {
									"value": "@{div(sub(ticks(adddays(utcNow(), -1)), ticks('1970-01-01')),10000000)}",
									"type": "Expression"
								}
							}
						},
						{
							"name": "Call Stored Procedure in SQLDW",
							"description": "Call Stored Procedure and pass batch id.",
							"type": "SqlServerStoredProcedure",
							"dependsOn": [
								{
									"activity": "Delete - Source File",
									"dependencyConditions": [
										"Succeeded"
									]
								}
							],
							"policy": {
								"timeout": "7.00:00:00",
								"retry": 0,
								"retryIntervalInSeconds": 30,
								"secureOutput": false,
								"secureInput": false
							},
							"userProperties": [],
							"typeProperties": {
								"storedProcedureName": "[dbo].[LOAD_STRATEGY_SAA]",
								"storedProcedureParameters": {
									"P_ID": {
										"value": {
											"value": "@variables('batch_id')",
											"type": "Expression"
										},
										"type": "Int32"
									}
								}
							},
							"linkedServiceName": {
								"referenceName": "AzureSynapseDW",
								"type": "LinkedServiceReference"
							}
						}
					]
				}
			},
			{
				"name": "Set variable - Ingestion Date timestamp",
				"type": "SetVariable",
				"dependsOn": [],
				"userProperties": [],
				"typeProperties": {
					"variableName": "ingestion_datetime",
					"value": {
						"value": "@utcnow()",
						"type": "Expression"
					}
				}
			}
		],
		"parameters": {
			"file_folder": {
				"type": "string",
				"defaultValue": "BD1_SAA"
			}
		},
		"variables": {
			"source_file_name": {
				"type": "String"
			},
			"batch_id": {
				"type": "String"
			},
			"ingestion_datetime": {
				"type": "String"
			},
			"source_file_path": {
				"type": "String"
			}
		},
		"folder": {
			"name": "IDP POC/TPV-UC3"
		},
		"annotations": [],
		"lastPublishTime": "2022-02-23T19:49:47Z"
	},
	"type": "Microsoft.DataFactory/factories/pipelines"
}