{
	"name": "DW Load Backfill",
	"properties": {
		"activities": [
			{
				"name": "Lookup Dates",
				"type": "Lookup",
				"dependsOn": [
					{
						"activity": "Set Backfill dates for the source",
						"dependencyConditions": [
							"Succeeded"
						]
					}
				],
				"policy": {
					"timeout": "7.00:00:00",
					"retry": 0,
					"retryIntervalInSeconds": 30,
					"secureOutput": false,
					"secureInput": false
				},
				"userProperties": [],
				"typeProperties": {
					"source": {
						"type": "SqlDWSource",
						"sqlReaderQuery": {
							"value": "@concat('SELECT [Job_ID]\n      ,[Load_DTS]\n      ,replace(convert(varchar, [Batch_Date],102),''.'',''-'') as [Batch_Date]\n      ,[Job_Status]\n  FROM [DataWarehouse_Staging].[Job_Run]\n  where [Job_Status] = ''Not Started''\n  and [Job_Run] = ''', pipeline().parameters.Source_System, ''' Order by Batch_Date asc')",
							"type": "Expression"
						},
						"queryTimeout": "02:00:00",
						"partitionOption": "None"
					},
					"dataset": {
						"referenceName": "Azure_DW",
						"type": "DatasetReference",
						"parameters": {
							"schema": "[DataWarehouse_Staging]",
							"table": "[Job_Run]"
						}
					},
					"firstRowOnly": false
				}
			},
			{
				"name": "ForEach - Date Execute ETL",
				"type": "ForEach",
				"dependsOn": [
					{
						"activity": "Lookup Dates",
						"dependencyConditions": [
							"Succeeded"
						]
					}
				],
				"userProperties": [],
				"typeProperties": {
					"items": {
						"value": "@activity('Lookup Dates').output.value",
						"type": "Expression"
					},
					"isSequential": true,
					"activities": [
						{
							"name": "Create Job Run Process",
							"type": "SqlServerStoredProcedure",
							"dependsOn": [
								{
									"activity": "truncate staging",
									"dependencyConditions": [
										"Succeeded"
									]
								}
							],
							"policy": {
								"timeout": "7.00:00:00",
								"retry": 0,
								"retryIntervalInSeconds": 30,
								"secureOutput": false,
								"secureInput": false
							},
							"userProperties": [],
							"typeProperties": {
								"storedProcedureName": "[DataWarehouse_DVRAW].[Create_Job_Run_Process]",
								"storedProcedureParameters": {
									"Job_ID": {
										"value": {
											"value": "@item().Job_ID",
											"type": "Expression"
										},
										"type": "Int32"
									},
									"Source_System": {
										"value": {
											"value": "@pipeline().parameters.Source_System",
											"type": "Expression"
										},
										"type": "String"
									}
								}
							},
							"linkedServiceName": {
								"referenceName": "AzureSynapseDW",
								"type": "LinkedServiceReference"
							}
						},
						{
							"name": "truncate staging",
							"type": "SqlServerStoredProcedure",
							"dependsOn": [],
							"policy": {
								"timeout": "7.00:00:00",
								"retry": 0,
								"retryIntervalInSeconds": 30,
								"secureOutput": false,
								"secureInput": false
							},
							"userProperties": [],
							"typeProperties": {
								"storedProcedureName": "[DataWarehouse_DVRAW].[Truncate_Staging]",
								"storedProcedureParameters": {
									"SourceSystem": {
										"value": {
											"value": "@pipeline().parameters.Source_System",
											"type": "Expression"
										},
										"type": "String"
									}
								}
							},
							"linkedServiceName": {
								"referenceName": "AzureSynapseDW",
								"type": "LinkedServiceReference"
							}
						},
						{
							"name": "SP DF forloop",
							"type": "ExecutePipeline",
							"dependsOn": [
								{
									"activity": "Risk - DW Create Raw Temp Storage",
									"dependencyConditions": [
										"Succeeded"
									]
								}
							],
							"userProperties": [],
							"typeProperties": {
								"pipeline": {
									"referenceName": "Risk - DW_Call SP ADF",
									"type": "PipelineReference"
								},
								"waitOnCompletion": true,
								"parameters": {
									"Batch_DTS": {
										"value": "@item().Load_DTS",
										"type": "Expression"
									},
									"Job_ID": {
										"value": "@item().Job_ID",
										"type": "Expression"
									},
									"Parent_Run_ID": {
										"value": "@pipeline().RunId",
										"type": "Expression"
									},
									"Source_System": {
										"value": "@pipeline().parameters.Source_System",
										"type": "Expression"
									}
								}
							}
						},
						{
							"name": "Update Job Status",
							"type": "SqlServerStoredProcedure",
							"dependsOn": [
								{
									"activity": "Create Job Run Process",
									"dependencyConditions": [
										"Succeeded"
									]
								}
							],
							"policy": {
								"timeout": "7.00:00:00",
								"retry": 0,
								"retryIntervalInSeconds": 30,
								"secureOutput": false,
								"secureInput": false
							},
							"userProperties": [],
							"typeProperties": {
								"storedProcedureName": "[DataWarehouse_DVRAW].[Update_Job_Status]",
								"storedProcedureParameters": {
									"Job_ID": {
										"value": {
											"value": "@item().Job_ID",
											"type": "Expression"
										},
										"type": "Int32"
									},
									"Job_Status": {
										"value": "In Progress",
										"type": "String"
									}
								}
							},
							"linkedServiceName": {
								"referenceName": "AzureSynapseDW",
								"type": "LinkedServiceReference"
							}
						},
						{
							"name": "Risk - Check_Duplicate",
							"type": "ExecutePipeline",
							"dependsOn": [
								{
									"activity": "Drop temp tables",
									"dependencyConditions": [
										"Succeeded"
									]
								}
							],
							"userProperties": [],
							"typeProperties": {
								"pipeline": {
									"referenceName": "Risk - Check_Duplicate",
									"type": "PipelineReference"
								},
								"waitOnCompletion": true,
								"parameters": {
									"LoadDTS": {
										"value": "@item().Load_DTS",
										"type": "Expression"
									},
									"Parent_Run_ID": {
										"value": "@pipeline().RunId",
										"type": "Expression"
									},
									"Job_ID": {
										"value": "@item().Job_ID",
										"type": "Expression"
									},
									"Source_System": {
										"value": "@pipeline().parameters.Source_System",
										"type": "Expression"
									}
								}
							}
						},
						{
							"name": "Update Job to Completed",
							"type": "SqlServerStoredProcedure",
							"dependsOn": [
								{
									"activity": "Risk - Load PIT",
									"dependencyConditions": [
										"Succeeded"
									]
								}
							],
							"policy": {
								"timeout": "7.00:00:00",
								"retry": 0,
								"retryIntervalInSeconds": 30,
								"secureOutput": false,
								"secureInput": false
							},
							"userProperties": [],
							"typeProperties": {
								"storedProcedureName": "[DataWarehouse_DVRAW].[Update_Job_Status]",
								"storedProcedureParameters": {
									"Job_ID": {
										"value": {
											"value": "@item().Job_ID",
											"type": "Expression"
										},
										"type": "Int32"
									},
									"Job_Status": {
										"value": "Success",
										"type": "String"
									}
								}
							},
							"linkedServiceName": {
								"referenceName": "AzureSynapseDW",
								"type": "LinkedServiceReference"
							}
						},
						{
							"name": "Risk - DW Create Raw Temp Storage",
							"type": "ExecutePipeline",
							"dependsOn": [
								{
									"activity": "Check if Source system is Eagle",
									"dependencyConditions": [
										"Succeeded"
									]
								}
							],
							"userProperties": [],
							"typeProperties": {
								"pipeline": {
									"referenceName": "Risk - DW Create Raw Temp Storage",
									"type": "PipelineReference"
								},
								"waitOnCompletion": true,
								"parameters": {
									"Job_ID": {
										"value": "@item().Job_ID",
										"type": "Expression"
									},
									"Parent_Run_ID": {
										"value": "@pipeline().RunId",
										"type": "Expression"
									},
									"Source_System": {
										"value": "@pipeline().parameters.Source_System",
										"type": "Expression"
									}
								}
							}
						},
						{
							"name": "Drop temp tables",
							"type": "SqlServerStoredProcedure",
							"dependsOn": [
								{
									"activity": "SP DF forloop",
									"dependencyConditions": [
										"Succeeded"
									]
								}
							],
							"policy": {
								"timeout": "7.00:00:00",
								"retry": 0,
								"retryIntervalInSeconds": 30,
								"secureOutput": false,
								"secureInput": false
							},
							"userProperties": [],
							"typeProperties": {
								"storedProcedureName": {
									"value": "DataWarehouse_Staging.Cleanup_Instantiated_Views",
									"type": "Expression"
								},
								"storedProcedureParameters": {
									"Source_System": {
										"value": {
											"value": "@pipeline().parameters.Source_System",
											"type": "Expression"
										},
										"type": "String"
									}
								}
							},
							"linkedServiceName": {
								"referenceName": "AzureSynapseDW",
								"type": "LinkedServiceReference"
							}
						},
						{
							"name": "Check if Source system is Eagle",
							"type": "IfCondition",
							"dependsOn": [
								{
									"activity": "Update Job Status",
									"dependencyConditions": [
										"Succeeded"
									]
								}
							],
							"userProperties": [],
							"typeProperties": {
								"expression": {
									"value": "@equals(toUpper(pipeline().parameters.Source_System),'EAGLE')",
									"type": "Expression"
								},
								"ifFalseActivities": [
									{
										"name": "Risk -  DW Copy Risk DB to Staging - ADLS",
										"type": "ExecutePipeline",
										"dependsOn": [],
										"userProperties": [],
										"typeProperties": {
											"pipeline": {
												"referenceName": "Risk - Copy Risk DB to Stage - ADLS staging",
												"type": "PipelineReference"
											},
											"waitOnCompletion": true,
											"parameters": {
												"SQLServer_DatabaseName": {
													"value": "@pipeline().parameters.SQLServer_Database",
													"type": "Expression"
												},
												"Batch_Date": {
													"value": "@item().Batch_Date",
													"type": "Expression"
												},
												"Parent_Run_ID": {
													"value": "@pipeline().RunId",
													"type": "Expression"
												},
												"Job_ID": {
													"value": "@item().Job_ID",
													"type": "Expression"
												},
												"Source_System": {
													"value": "@pipeline().parameters.Source_System",
													"type": "Expression"
												}
											}
										}
									}
								],
								"ifTrueActivities": [
									{
										"name": "Load Eagle Staging",
										"type": "ExecutePipeline",
										"dependsOn": [],
										"userProperties": [],
										"typeProperties": {
											"pipeline": {
												"referenceName": "EDW - Copy Eagle DB to Stage - ADLS staging",
												"type": "PipelineReference"
											},
											"waitOnCompletion": true,
											"parameters": {
												"Batch_Date": {
													"value": "@item().Batch_Date",
													"type": "Expression"
												},
												"Parent_Run_ID": {
													"value": "@pipeline().RunId",
													"type": "Expression"
												},
												"Job_ID": {
													"value": "@item().Job_ID",
													"type": "Expression"
												},
												"InitialStartDate": {
													"value": "@pipeline().globalParameters.Eagle_Initial_Load_Start_Date",
													"type": "Expression"
												},
												"LoadType": {
													"value": "@pipeline().parameters.Load_Type",
													"type": "Expression"
												}
											}
										}
									}
								]
							}
						},
						{
							"name": "Risk - Load PIT",
							"type": "ExecutePipeline",
							"dependsOn": [
								{
									"activity": "Risk - Check_Duplicate",
									"dependencyConditions": [
										"Succeeded"
									]
								}
							],
							"userProperties": [],
							"typeProperties": {
								"pipeline": {
									"referenceName": "Risk - DW_Load PIT",
									"type": "PipelineReference"
								},
								"waitOnCompletion": true,
								"parameters": {
									"Parent_Run_ID": {
										"value": "@pipeline().RunId",
										"type": "Expression"
									},
									"Job_ID": {
										"value": "@item().Job_ID",
										"type": "Expression"
									},
									"Source_System": {
										"value": "@pipeline().parameters.Source_System",
										"type": "Expression"
									},
									"Batch_DTS": {
										"value": "@item().Load_DTS",
										"type": "Expression"
									}
								}
							}
						}
					]
				}
			},
			{
				"name": "Send Sucess Email Notification",
				"type": "ExecutePipeline",
				"dependsOn": [
					{
						"activity": "Check if SSAS refresh to run",
						"dependencyConditions": [
							"Succeeded"
						]
					}
				],
				"userProperties": [],
				"typeProperties": {
					"pipeline": {
						"referenceName": "Risk - Send Email Notification",
						"type": "PipelineReference"
					},
					"waitOnCompletion": true,
					"parameters": {
						"Email_Subject_Addition": {
							"value": "@concat(' for source system ',pipeline().parameters.Source_System)",
							"type": "Expression"
						},
						"Process_Name": {
							"value": "@if(equals(pipeline().parameters.Source_System,'Eagle'),if(equals(pipeline().parameters.Load_Type,'SYNC'),'IDP_ADF_Eagle', ''),'IDP_ADF_Risk')",
							"type": "Expression"
						},
						"Email_Body_Addition": {
							"value": "@concat(if(equals(pipeline().parameters.Source_System,'Eagle'),'',concat('<p>SQLServer Database: ',pipeline().parameters.SQLServer_Database,'</p>')),'<p>Source System: ',pipeline().parameters.Source_System,'</p>','<p>Batch Date: ',if(equals(coalesce(pipeline().parameters.Batch_Date,'1900-01-01'),'1900-01-01'),formatDateTime(utcnow(), 'yyyy-MM-dd'),pipeline().parameters.Batch_Date),'</p>',if(equals(pipeline().parameters.Source_System,'Eagle'),concat('<p>Load Type: ',pipeline().parameters.Load_Type,'</p>'),''))",
							"type": "Expression"
						},
						"Success_Failure_Flag": "S"
					}
				}
			},
			{
				"name": "Check if SSAS refresh to run",
				"type": "IfCondition",
				"dependsOn": [
					{
						"activity": "Get SSAS refresh source system list",
						"dependencyConditions": [
							"Succeeded"
						]
					}
				],
				"userProperties": [],
				"typeProperties": {
					"expression": {
						"value": "@contains(toUpper(activity('Get SSAS refresh source system list').output.firstRow.Source_System_List), concat(',',toUpper(pipeline().parameters.Source_System),','))",
						"type": "Expression"
					},
					"ifTrueActivities": [
						{
							"name": "Risk - DW_Refresh_SSAS",
							"type": "ExecutePipeline",
							"dependsOn": [],
							"userProperties": [],
							"typeProperties": {
								"pipeline": {
									"referenceName": "EDW - DW_Refresh_SSAS",
									"type": "PipelineReference"
								},
								"waitOnCompletion": true,
								"parameters": {
									"Parent_Run_ID": {
										"value": "@pipeline().RunId",
										"type": "Expression"
									},
									"Source_System": {
										"value": "@pipeline().parameters.Source_System",
										"type": "Expression"
									}
								}
							}
						}
					]
				}
			},
			{
				"name": "Set Backfill dates for the source",
				"type": "Lookup",
				"dependsOn": [
					{
						"activity": "Reset jobs staging tables",
						"dependencyConditions": [
							"Succeeded"
						]
					}
				],
				"policy": {
					"timeout": "7.00:00:00",
					"retry": 0,
					"retryIntervalInSeconds": 30,
					"secureOutput": false,
					"secureInput": false
				},
				"userProperties": [],
				"typeProperties": {
					"source": {
						"type": "SqlDWSource",
						"sqlReaderQuery": {
							"value": "@concat('Begin\n\tdeclare @today datetime = getdate()\n\tDeclare @time varchar(255)\n\n\tselect @time = convert(varchar, @today, 114)\n\n\t\tif ''BarraOne'' = ''',pipeline().parameters.Source_System,''' \n\t\tBegin\n\t\t\tINSERT INTO  [DataWarehouse_Staging].[Job_Run]\n\t\t\t([Load_DTS] ,[Batch_Date] ,[Job_Status],[Job_Run])\n\t\t\tSELECT \n\t\t\t\t\tdateadd(mi,rn, Convert(Datetime, Batch_Date + '' '' +   @time, 121))\n\t\t\t\t\t, convert(date,Batch_Date,23) \n\t\t\t\t\t ,''Not Started''\n\t\t\t\t, ''',pipeline().parameters.Source_System,''' \n\t\t\t\tFrom (\n\t\t\t\tSelect value Batch_Date, row_number() over(order by value) rn\n\t\t\t\tfrom string_split(''',pipeline().parameters.Batch_Date,''','','')\n\t\t\t\t) a ;\n\t\tEnd\n\t\tElse\n\t\tBegin\n\t\t\t\tINSERT INTO  [DataWarehouse_Staging].[Job_Run]\n\t\t\t\t([Load_DTS] ,[Batch_Date] ,[Job_Status],[Job_Run])\n\t\t\t\tSELECT \n\t\t\t\t\t\tdateadd(mi,rn, @today)\n\t\t\t\t\t\t, convert(date,Batch_Date,23) \n\t\t\t\t\t\t ,''Not Started''\n\t\t\t\t\t, ''',pipeline().parameters.Source_System,''' \n\t\t\t\t\tFrom (\n\t\t\t\t\tSelect value Batch_Date, row_number() over(order by value) rn\n\t\t\t\t\tfrom string_split(''',pipeline().parameters.Batch_Date,''','','')\n\t\t\t\t\t) a ;\n\n\t\tEnd\n\n     Select 1 result\t \n End')",
							"type": "Expression"
						},
						"queryTimeout": "02:00:00",
						"partitionOption": "None"
					},
					"dataset": {
						"referenceName": "Azure_DW",
						"type": "DatasetReference",
						"parameters": {
							"schema": "[DataWarehouse_Staging]",
							"table": "[Job_Run]"
						}
					},
					"firstRowOnly": false
				}
			},
			{
				"name": "Get SSAS refresh source system list",
				"type": "Lookup",
				"dependsOn": [
					{
						"activity": "ForEach - Date Execute ETL",
						"dependencyConditions": [
							"Succeeded"
						]
					}
				],
				"policy": {
					"timeout": "7.00:00:00",
					"retry": 0,
					"retryIntervalInSeconds": 30,
					"secureOutput": false,
					"secureInput": false
				},
				"userProperties": [],
				"typeProperties": {
					"source": {
						"type": "SqlDWSource",
						"sqlReaderQuery": "  Select ',' + String_Agg(Source_System, ',') + ','  Source_System_List\n  From EDW_ETL.[Ref_SSAS_Table_Refresh]",
						"queryTimeout": "02:00:00",
						"partitionOption": "None"
					},
					"dataset": {
						"referenceName": "Azure_DW",
						"type": "DatasetReference",
						"parameters": {
							"schema": "DataWarehouse_DVMart",
							"table": "Ref_SSAS_Table_Refresh"
						}
					}
				}
			},
			{
				"name": "Reset jobs staging tables",
				"description": " ",
				"type": "SqlServerStoredProcedure",
				"dependsOn": [],
				"policy": {
					"timeout": "7.00:00:00",
					"retry": 0,
					"retryIntervalInSeconds": 30,
					"secureOutput": false,
					"secureInput": false
				},
				"userProperties": [],
				"typeProperties": {
					"storedProcedureName": "[DataWarehouse_DVRAW].[Delete_Job_Run_Source]",
					"storedProcedureParameters": {
						"Source_System": {
							"value": {
								"value": "@pipeline().parameters.Source_System",
								"type": "Expression"
							},
							"type": "String"
						}
					}
				},
				"linkedServiceName": {
					"referenceName": "AzureSynapseDW",
					"type": "LinkedServiceReference"
				}
			}
		],
		"parameters": {
			"SQLServer_Database": {
				"type": "string",
				"defaultValue": "Risk"
			},
			"Batch_Date": {
				"type": "string"
			},
			"Source_System": {
				"type": "string",
				"defaultValue": "BarraOne"
			},
			"Load_Type": {
				"type": "string",
				"defaultValue": "DELTA"
			}
		},
		"variables": {
			"ProcessCompleted": {
				"type": "Boolean"
			}
		},
		"folder": {
			"name": "Archive_DV"
		},
		"annotations": [],
		"lastPublishTime": "2022-02-23T19:49:50Z"
	},
	"type": "Microsoft.DataFactory/factories/pipelines"
}