{
	"name": "EDW - File Move - Single Pattern",
	"properties": {
		"activities": [
			{
				"name": "Set File Names",
				"type": "SetVariable",
				"dependsOn": [],
				"policy": {
					"secureOutput": false,
					"secureInput": false
				},
				"userProperties": [],
				"typeProperties": {
					"variableName": "File_Name_List",
					"value": {
						"value": "@split(pipeline().parameters.Source_File_Name_Template,',')",
						"type": "Expression"
					}
				}
			},
			{
				"name": "For Each File to be Moved in the Source Folder",
				"type": "ForEach",
				"dependsOn": [
					{
						"activity": "Set File Names",
						"dependencyConditions": [
							"Succeeded"
						]
					}
				],
				"userProperties": [],
				"typeProperties": {
					"items": {
						"value": "@variables('File_Name_List')",
						"type": "Expression"
					},
					"isSequential": false,
					"batchCount": 3,
					"activities": [
						{
							"name": "EDW - Handle Error",
							"type": "ExecutePipeline",
							"dependsOn": [
								{
									"activity": "File Moving",
									"dependencyConditions": [
										"Failed"
									]
								}
							],
							"userProperties": [],
							"typeProperties": {
								"pipeline": {
									"referenceName": "EDW - Handle Error",
									"type": "PipelineReference"
								},
								"waitOnCompletion": true,
								"parameters": {
									"ETL_LoadKey": {
										"value": "@pipeline().parameters.ETL_Load_Key",
										"type": "Expression"
									},
									"Failed_Activity_Name": {
										"value": "@concat('Copy file to Archive Folder (id: ',pipeline().parameters.ETL_Load_Key,') run for ',pipeline().parameters.Source_System)",
										"type": "Expression"
									},
									"Failure_Message": {
										"value": "@variables('Error_Message')",
										"type": "Expression"
									},
									"Pipeline_Name": {
										"value": "@pipeline().Pipeline",
										"type": "Expression"
									},
									"Pipeline_Job_Run_Id": {
										"value": "@pipeline().parameters.Parent_Run_ID",
										"type": "Expression"
									},
									"Source_System": {
										"value": "@pipeline().parameters.Source_System",
										"type": "Expression"
									}
								}
							}
						},
						{
							"name": "Set Dummy Variable",
							"type": "SetVariable",
							"dependsOn": [
								{
									"activity": "File Moving",
									"dependencyConditions": [
										"Succeeded"
									]
								}
							],
							"policy": {
								"secureOutput": false,
								"secureInput": false
							},
							"userProperties": [],
							"typeProperties": {
								"variableName": "Dummy_Var",
								"value": "T"
							}
						},
						{
							"name": "File Moving",
							"type": "Copy",
							"dependsOn": [],
							"policy": {
								"timeout": "7.00:00:00",
								"retry": 0,
								"retryIntervalInSeconds": 30,
								"secureOutput": false,
								"secureInput": false
							},
							"userProperties": [],
							"typeProperties": {
								"source": {
									"type": "BinarySource",
									"storeSettings": {
										"type": "AzureBlobFSReadSettings",
										"recursive": true,
										"wildcardFolderPath": {
											"value": "@pipeline().parameters.Source_Folder",
											"type": "Expression"
										},
										"wildcardFileName": {
											"value": "@item()",
											"type": "Expression"
										},
										"deleteFilesAfterCompletion": false
									},
									"formatSettings": {
										"type": "BinaryReadSettings"
									}
								},
								"sink": {
									"type": "BinarySink",
									"storeSettings": {
										"type": "AzureBlobFSWriteSettings"
									}
								},
								"enableStaging": false
							},
							"inputs": [
								{
									"referenceName": "ds_ADLS_Binary_Folder",
									"type": "DatasetReference",
									"parameters": {
										"env": {
											"value": "@pipeline().globalParameters.Env",
											"type": "Expression"
										},
										"folder_path": {
											"value": "@pipeline().parameters.Source_Folder",
											"type": "Expression"
										},
										"Container_Name": {
											"value": "@pipeline().globalParameters.Azure_Container_Name",
											"type": "Expression"
										}
									}
								}
							],
							"outputs": [
								{
									"referenceName": "ds_ADLS_Binary_Folder",
									"type": "DatasetReference",
									"parameters": {
										"env": {
											"value": "@pipeline().globalParameters.Env",
											"type": "Expression"
										},
										"folder_path": {
											"value": "@pipeline().parameters.Target_Folder",
											"type": "Expression"
										},
										"Container_Name": {
											"value": "@pipeline().globalParameters.Azure_Container_Name",
											"type": "Expression"
										}
									}
								}
							]
						}
					]
				}
			}
		],
		"parameters": {
			"Source_Folder": {
				"type": "string"
			},
			"Source_File_Extension": {
				"type": "string"
			},
			"Source_File_Name_Template": {
				"type": "string"
			},
			"Target_Folder": {
				"type": "string"
			},
			"ETL_Load_Key": {
				"type": "string"
			},
			"Parent_Run_ID": {
				"type": "string"
			},
			"Source_System": {
				"type": "string"
			},
			"Source_Folder_Delete_Flag": {
				"type": "bool"
			}
		},
		"variables": {
			"Dummy_Var": {
				"type": "String"
			},
			"Error_Message": {
				"type": "String",
				"defaultValue": "File Archiving Failed"
			},
			"File_Name_List": {
				"type": "Array"
			}
		},
		"folder": {
			"name": "Datawarehouse/Utilities"
		},
		"annotations": [],
		"lastPublishTime": "2022-03-04T19:15:56Z"
	},
	"type": "Microsoft.DataFactory/factories/pipelines"
}