{
	"name": "EDW - Refresh_PBI_DS",
	"properties": {
		"activities": [
			{
				"name": "Get PBI secret",
				"type": "WebActivity",
				"dependsOn": [
					{
						"activity": "Get PBI Config",
						"dependencyConditions": [
							"Succeeded"
						]
					}
				],
				"policy": {
					"timeout": "7.00:00:00",
					"retry": 0,
					"retryIntervalInSeconds": 30,
					"secureOutput": true,
					"secureInput": false
				},
				"userProperties": [],
				"typeProperties": {
					"url": {
						"value": "@activity('Get PBI Config').output.firstRow.Client_Secret",
						"type": "Expression"
					},
					"method": "GET",
					"authentication": {
						"type": "MSI",
						"resource": "https://vault.azure.net"
					}
				}
			},
			{
				"name": "Get PBI Config",
				"type": "Lookup",
				"dependsOn": [],
				"policy": {
					"timeout": "7.00:00:00",
					"retry": 0,
					"retryIntervalInSeconds": 30,
					"secureOutput": false,
					"secureInput": false
				},
				"userProperties": [],
				"typeProperties": {
					"source": {
						"type": "SqlDWSource",
						"sqlReaderQuery": "SELECT distinct [Client_Secret], Client_Id, Tenant_Id \n  FROM [EDW_Config].[Ref_PBI_Connections]",
						"queryTimeout": "02:00:00",
						"partitionOption": "None"
					},
					"dataset": {
						"referenceName": "Azure_ConfigDB",
						"type": "DatasetReference",
						"parameters": {
							"schema": "EDW_Config",
							"table": "SharePoint_Document"
						}
					}
				}
			},
			{
				"name": "Get AAD Token",
				"type": "WebActivity",
				"dependsOn": [
					{
						"activity": "Get PBI secret",
						"dependencyConditions": [
							"Succeeded"
						]
					},
					{
						"activity": "Get PBI Client Id",
						"dependencyConditions": [
							"Succeeded"
						]
					},
					{
						"activity": "Get PBI Tenant Id",
						"dependencyConditions": [
							"Succeeded"
						]
					}
				],
				"policy": {
					"timeout": "7.00:00:00",
					"retry": 0,
					"retryIntervalInSeconds": 30,
					"secureOutput": true,
					"secureInput": true
				},
				"userProperties": [],
				"typeProperties": {
					"url": {
						"value": "@concat('https://login.microsoftonline.com/',activity('Get PBI Tenant Id').output.value,'/oauth2/token')",
						"type": "Expression"
					},
					"method": "POST",
					"headers": {
						"Content-Type": "application/x-www-form-urlencoded"
					},
					"body": {
						"value": "@concat('grant_type=client_credentials&resource=https://analysis.windows.net/powerbi/api&client_id=',activity('Get PBI Client Id').output.value,'&client_secret=',encodeUriComponent(activity('Get PBI secret').output.value))",
						"type": "Expression"
					}
				}
			},
			{
				"name": "Until dataset refresh completion",
				"type": "Until",
				"dependsOn": [
					{
						"activity": "Until refresh job created",
						"dependencyConditions": [
							"Succeeded"
						]
					}
				],
				"userProperties": [],
				"typeProperties": {
					"expression": {
						"value": "@not(equals(first(json(string(activity('Get dataset refresh status').output)).value).status,'Unknown'))",
						"type": "Expression"
					},
					"activities": [
						{
							"name": "Wait 15 seconds",
							"type": "Wait",
							"dependsOn": [],
							"userProperties": [],
							"typeProperties": {
								"waitTimeInSeconds": 15
							}
						},
						{
							"name": "Get dataset refresh status",
							"type": "WebActivity",
							"dependsOn": [
								{
									"activity": "Wait 15 seconds",
									"dependencyConditions": [
										"Succeeded"
									]
								}
							],
							"policy": {
								"timeout": "7.00:00:00",
								"retry": 0,
								"retryIntervalInSeconds": 30,
								"secureOutput": false,
								"secureInput": true
							},
							"userProperties": [],
							"typeProperties": {
								"url": {
									"value": "@concat('https://api.powerbi.com/v1.0/myorg/groups/',activity('Get Workspace ID').output.value[0].id, '/datasets/',activity('Get Dataset Id').output.value[0].id, '/refreshes?$top=1')",
									"type": "Expression"
								},
								"method": "GET",
								"headers": {
									"Authorization": {
										"value": "@concat(string(activity('Get AAD Token').output.token_type),' ',string(activity('Get AAD Token').output.access_token))",
										"type": "Expression"
									},
									"Content-Type": "application/json"
								}
							}
						}
					],
					"timeout": "0.03:00:00"
				}
			},
			{
				"name": "Get PBI Client Id",
				"type": "WebActivity",
				"dependsOn": [
					{
						"activity": "Get PBI Config",
						"dependencyConditions": [
							"Succeeded"
						]
					}
				],
				"policy": {
					"timeout": "7.00:00:00",
					"retry": 0,
					"retryIntervalInSeconds": 30,
					"secureOutput": true,
					"secureInput": false
				},
				"userProperties": [],
				"typeProperties": {
					"url": {
						"value": "@activity('Get PBI Config').output.firstRow.Client_Id",
						"type": "Expression"
					},
					"method": "GET",
					"authentication": {
						"type": "MSI",
						"resource": "https://vault.azure.net"
					}
				}
			},
			{
				"name": "Get PBI Tenant Id",
				"type": "WebActivity",
				"dependsOn": [
					{
						"activity": "Get PBI Config",
						"dependencyConditions": [
							"Succeeded"
						]
					}
				],
				"policy": {
					"timeout": "7.00:00:00",
					"retry": 0,
					"retryIntervalInSeconds": 30,
					"secureOutput": true,
					"secureInput": false
				},
				"userProperties": [],
				"typeProperties": {
					"url": {
						"value": "@activity('Get PBI Config').output.firstRow.Tenant_Id",
						"type": "Expression"
					},
					"method": "GET",
					"authentication": {
						"type": "MSI",
						"resource": "https://vault.azure.net"
					}
				}
			},
			{
				"name": "wait for all in progress refreshes on same model",
				"type": "Until",
				"dependsOn": [
					{
						"activity": "Get Dataset Id",
						"dependencyConditions": [
							"Succeeded"
						]
					}
				],
				"userProperties": [],
				"typeProperties": {
					"expression": {
						"value": "@equals(activity('Filter for in progress refresh').output.FilteredItemsCount, 0)",
						"type": "Expression"
					},
					"activities": [
						{
							"name": "Get existing PBI refreshes",
							"type": "WebActivity",
							"dependsOn": [
								{
									"activity": "Not Initial Run",
									"dependencyConditions": [
										"Succeeded"
									]
								}
							],
							"policy": {
								"timeout": "7.00:00:00",
								"retry": 0,
								"retryIntervalInSeconds": 30,
								"secureOutput": false,
								"secureInput": false
							},
							"userProperties": [],
							"typeProperties": {
								"url": {
									"value": "@concat('https://api.powerbi.com/v1.0/myorg/groups/',activity('Get Workspace ID').output.value[0].id, '/datasets/',activity('Get Dataset Id').output.value[0].id, '/refreshes')",
									"type": "Expression"
								},
								"method": "GET",
								"headers": {
									"Authorization": {
										"value": "@concat(string(activity('Get AAD Token').output.token_type),' ',string(activity('Get AAD Token').output.access_token))",
										"type": "Expression"
									}
								},
								"body": ""
							}
						},
						{
							"name": "Filter for in progress refresh",
							"type": "Filter",
							"dependsOn": [
								{
									"activity": "Get existing PBI refreshes",
									"dependencyConditions": [
										"Succeeded"
									]
								}
							],
							"userProperties": [],
							"typeProperties": {
								"items": {
									"value": "@activity('Get existing PBI refreshes').output.value",
									"type": "Expression"
								},
								"condition": {
									"value": "@equals(item().status,'inProgress')",
									"type": "Expression"
								}
							}
						},
						{
							"name": "Not Initial Run",
							"type": "IfCondition",
							"dependsOn": [],
							"userProperties": [],
							"typeProperties": {
								"expression": {
									"value": "@equals(variables('Initial_Flag'), 'F')",
									"type": "Expression"
								},
								"ifTrueActivities": [
									{
										"name": "Wait 10 sec",
										"type": "Wait",
										"dependsOn": [],
										"userProperties": [],
										"typeProperties": {
											"waitTimeInSeconds": 10
										}
									}
								]
							}
						},
						{
							"name": "Set Initial fag F",
							"type": "SetVariable",
							"dependsOn": [
								{
									"activity": "Filter for in progress refresh",
									"dependencyConditions": [
										"Succeeded"
									]
								}
							],
							"policy": {
								"secureOutput": false,
								"secureInput": false
							},
							"userProperties": [],
							"typeProperties": {
								"variableName": "Initial_Flag",
								"value": "F"
							}
						}
					],
					"timeout": "0.02:00:00"
				}
			},
			{
				"name": "Get PBI Dataset from Model",
				"type": "Lookup",
				"dependsOn": [
					{
						"activity": "Get AAD Token",
						"dependencyConditions": [
							"Succeeded"
						]
					}
				],
				"policy": {
					"timeout": "7.00:00:00",
					"retry": 0,
					"retryIntervalInSeconds": 30,
					"secureOutput": false,
					"secureInput": false
				},
				"userProperties": [],
				"typeProperties": {
					"source": {
						"type": "SqlDWSource",
						"sqlReaderStoredProcedureName": "[EDW_ETL].[Get_PBI_Datasets]",
						"storedProcedureParameters": {
							"CommandType": {
								"type": "String",
								"value": "LIST_REFRESH_OBJECTS"
							},
							"Load_Type": {
								"type": "String",
								"value": {
									"value": "@pipeline().parameters.Job_ID",
									"type": "Expression"
								}
							},
							"ModelName": {
								"type": "String",
								"value": {
									"value": "@pipeline().parameters.Model_Name",
									"type": "Expression"
								}
							},
							"Source_System": {
								"type": "String",
								"value": {
									"value": "@pipeline().parameters.Source_System",
									"type": "Expression"
								}
							}
						},
						"queryTimeout": "02:00:00",
						"partitionOption": "None"
					},
					"dataset": {
						"referenceName": "Azure_ConfigDB",
						"type": "DatasetReference",
						"parameters": {
							"schema": "EDW_Config",
							"table": "Ref_PBI_Connections"
						}
					}
				}
			},
			{
				"name": "Get refresh table list",
				"type": "Lookup",
				"dependsOn": [
					{
						"activity": "wait for all in progress refreshes on same model",
						"dependencyConditions": [
							"Succeeded"
						]
					}
				],
				"policy": {
					"timeout": "7.00:00:00",
					"retry": 0,
					"retryIntervalInSeconds": 30,
					"secureOutput": false,
					"secureInput": false
				},
				"userProperties": [],
				"typeProperties": {
					"source": {
						"type": "SqlDWSource",
						"sqlReaderStoredProcedureName": "[EDW_ETL].[Get_PBI_Refresh_Command]",
						"storedProcedureParameters": {
							"CommandType": {
								"type": "String",
								"value": "LIST_REFRESH_OBJECTS"
							},
							"Load_DTS": {
								"type": "DateTime",
								"value": null
							},
							"Source_System": {
								"type": "String",
								"value": {
									"value": "@pipeline().parameters.Source_System",
									"type": "Expression"
								}
							},
							"ModelName": {
								"type": "String",
								"value": {
									"value": "@pipeline().parameters.Model_Name",
									"type": "Expression"
								}
							},
							"Load_Type": {
								"type": "String",
								"value": {
									"value": "@pipeline().parameters.Job_ID",
									"type": "Expression"
								}
							}
						},
						"queryTimeout": "02:00:00",
						"partitionOption": "None"
					},
					"dataset": {
						"referenceName": "Azure_ConfigDB",
						"type": "DatasetReference",
						"parameters": {
							"schema": "EDW_ETL",
							"table": "Ref_SSAS_Table_Refresh"
						}
					}
				}
			},
			{
				"name": "Until refresh job created",
				"type": "Until",
				"dependsOn": [
					{
						"activity": "Get refresh table list",
						"dependencyConditions": [
							"Succeeded"
						]
					}
				],
				"userProperties": [],
				"typeProperties": {
					"expression": {
						"value": "@contains(activity('Refresh PBI Dataset').output, 'status')",
						"type": "Expression"
					},
					"activities": [
						{
							"name": "Refresh PBI Dataset",
							"type": "WebActivity",
							"dependsOn": [
								{
									"activity": "Not First Refresh",
									"dependencyConditions": [
										"Succeeded"
									]
								}
							],
							"policy": {
								"timeout": "7.00:00:00",
								"retry": 0,
								"retryIntervalInSeconds": 30,
								"secureOutput": false,
								"secureInput": false
							},
							"userProperties": [],
							"typeProperties": {
								"url": {
									"value": "@concat('https://api.powerbi.com/v1.0/myorg/groups/',activity('Get Workspace ID').output.value[0].id, '/datasets/',activity('Get Dataset Id').output.value[0].id, '/refreshes')",
									"type": "Expression"
								},
								"method": "POST",
								"headers": {
									"Authorization": {
										"value": "@concat(string(activity('Get AAD Token').output.token_type),' ',string(activity('Get AAD Token').output.access_token))",
										"type": "Expression"
									}
								},
								"body": {
									"value": "@concat('{\"Type\":\"Full\",\"CommitMode\":\"transactional\",\"MaxParallelism\":2,\"RetryCount\":2,\"Objects\":[' , activity('Get refresh table list').output.firstRow.SSAS_Command,']}')",
									"type": "Expression"
								}
							}
						},
						{
							"name": "Not First Refresh",
							"type": "IfCondition",
							"dependsOn": [],
							"userProperties": [],
							"typeProperties": {
								"expression": {
									"value": "@equals(variables('First_Refresh'), 'F')",
									"type": "Expression"
								},
								"ifTrueActivities": [
									{
										"name": "Wait 1 mins",
										"type": "Wait",
										"dependsOn": [],
										"userProperties": [],
										"typeProperties": {
											"waitTimeInSeconds": 60
										}
									}
								]
							}
						},
						{
							"name": "Set variable first refresh variable",
							"type": "SetVariable",
							"dependsOn": [
								{
									"activity": "Refresh PBI Dataset",
									"dependencyConditions": [
										"Completed"
									]
								}
							],
							"policy": {
								"secureOutput": false,
								"secureInput": false
							},
							"userProperties": [],
							"typeProperties": {
								"variableName": "First_Refresh",
								"value": "F"
							}
						}
					],
					"timeout": "0.02:00:00"
				}
			},
			{
				"name": "EDW - Handle not able to start",
				"type": "ExecutePipeline",
				"dependsOn": [
					{
						"activity": "Until refresh job created",
						"dependencyConditions": [
							"Failed"
						]
					}
				],
				"userProperties": [],
				"typeProperties": {
					"pipeline": {
						"referenceName": "EDW - Handle Error",
						"type": "PipelineReference"
					},
					"waitOnCompletion": true,
					"parameters": {
						"ETL_LoadKey": {
							"value": "-1",
							"type": "Expression"
						},
						"Failed_Activity_Name": {
							"value": "@concat('Refresh PBI dataset ',pipeline().parameters.Model_Name, ' for ',pipeline().parameters.Source_System)",
							"type": "Expression"
						},
						"Failure_Message": {
							"value": "@activity('Refresh PBI Dataset').Error.Message",
							"type": "Expression"
						},
						"Pipeline_Name": {
							"value": "@pipeline().Pipeline",
							"type": "Expression"
						},
						"Pipeline_Job_Run_Id": {
							"value": "@pipeline().parameters.Parent_Run_ID",
							"type": "Expression"
						},
						"Source_System": {
							"value": "@pipeline().parameters.Source_System",
							"type": "Expression"
						}
					}
				}
			},
			{
				"name": "Fail pipeline for failed refresh",
				"type": "IfCondition",
				"dependsOn": [
					{
						"activity": "Until dataset refresh completion",
						"dependencyConditions": [
							"Succeeded"
						]
					}
				],
				"userProperties": [],
				"typeProperties": {
					"expression": {
						"value": "@equals(first(activity('Get dataset refresh status').output.value).status,'Failed')",
						"type": "Expression"
					},
					"ifFalseActivities": [
						{
							"name": "Update partitions to Processed",
							"type": "SqlServerStoredProcedure",
							"dependsOn": [],
							"policy": {
								"timeout": "7.00:00:00",
								"retry": 0,
								"retryIntervalInSeconds": 30,
								"secureOutput": false,
								"secureInput": false
							},
							"userProperties": [],
							"typeProperties": {
								"storedProcedureName": "[EDW_ETL].[Update_SSAS_Partition_Status]",
								"storedProcedureParameters": {
									"Source_System": {
										"value": {
											"value": "@pipeline().parameters.Source_System",
											"type": "Expression"
										},
										"type": "String"
									},
									"Status": {
										"value": "PROCESSED",
										"type": "String"
									}
								}
							},
							"linkedServiceName": {
								"referenceName": "AzureConfigDB",
								"type": "LinkedServiceReference"
							}
						}
					],
					"ifTrueActivities": [
						{
							"name": "Throw Error for failed refresh",
							"type": "SqlServerStoredProcedure",
							"dependsOn": [
								{
									"activity": "Dummy Task",
									"dependencyConditions": [
										"Succeeded"
									]
								}
							],
							"policy": {
								"timeout": "7.00:00:00",
								"retry": 0,
								"retryIntervalInSeconds": 30,
								"secureOutput": false,
								"secureInput": false
							},
							"userProperties": [],
							"typeProperties": {
								"storedProcedureName": {
									"value": "EDW_ETL.ADF_Throw_Error_Message",
									"type": "Expression"
								},
								"storedProcedureParameters": {
									"message": {
										"value": {
											"value": "@concat('<p>Refresh SSAS failed: </p><p>',join(activity('Refresh PBI Dataset').output.objects,','),'</p>')",
											"type": "Expression"
										},
										"type": "String"
									}
								}
							},
							"linkedServiceName": {
								"referenceName": "AzureConfigDB",
								"type": "LinkedServiceReference"
							}
						},
						{
							"name": "Dummy Task",
							"type": "SetVariable",
							"dependsOn": [],
							"policy": {
								"secureOutput": false,
								"secureInput": false
							},
							"userProperties": [],
							"typeProperties": {
								"variableName": "Dummy_Var",
								"value": "T"
							}
						},
						{
							"name": "Stop running job",
							"type": "ExecutePipeline",
							"dependsOn": [
								{
									"activity": "Dummy Task",
									"dependencyConditions": [
										"Succeeded"
									]
								}
							],
							"userProperties": [],
							"typeProperties": {
								"pipeline": {
									"referenceName": "EDW - Handle Error",
									"type": "PipelineReference"
								},
								"waitOnCompletion": true,
								"parameters": {
									"ETL_LoadKey": {
										"value": "-1",
										"type": "Expression"
									},
									"Failed_Activity_Name": {
										"value": "@concat('Refresh PBI dataset for ETL Load (id: ',pipeline().parameters.Job_ID,') run for ',pipeline().parameters.Source_System)",
										"type": "Expression"
									},
									"Failure_Message": {
										"value": "@concat('<p>Refresh PBI dataset failed: </p><p>Source System:', pipeline().parameters.Source_System,\n        '</p><p>PBI Workspace:',activity('Get PBI Dataset from Model').output.firstRow.Workspace_Name,\n'</p><p>PBI Dataset:',pipeline().parameters.Model_Name,'</p><p>',join(activity('Refresh PBI Dataset').output.objects,','),'</p>')",
										"type": "Expression"
									},
									"Pipeline_Name": {
										"value": "@pipeline().Pipeline",
										"type": "Expression"
									},
									"Pipeline_Job_Run_Id": {
										"value": "@pipeline().parameters.Parent_Run_ID",
										"type": "Expression"
									},
									"Source_System": {
										"value": "@pipeline().parameters.Source_System",
										"type": "Expression"
									}
								}
							}
						}
					]
				}
			},
			{
				"name": "Get Workspace ID",
				"type": "WebActivity",
				"dependsOn": [
					{
						"activity": "Get PBI Dataset from Model",
						"dependencyConditions": [
							"Succeeded"
						]
					}
				],
				"policy": {
					"timeout": "7.00:00:00",
					"retry": 0,
					"retryIntervalInSeconds": 30,
					"secureOutput": false,
					"secureInput": false
				},
				"userProperties": [],
				"typeProperties": {
					"url": {
						"value": "@concat('https://api.powerbi.com/v1.0/myorg/groups/?$filter=name%20eq%20''', activity('Get PBI Dataset from Model').output.firstRow.Workspace_Name, '''')",
						"type": "Expression"
					},
					"method": "GET",
					"headers": {
						"Authorization": {
							"value": "@concat(string(activity('Get AAD Token').output.token_type),' ',string(activity('Get AAD Token').output.access_token))",
							"type": "Expression"
						}
					},
					"body": ""
				}
			},
			{
				"name": "Get All Datasets",
				"type": "WebActivity",
				"dependsOn": [
					{
						"activity": "Get Workspace ID",
						"dependencyConditions": [
							"Succeeded"
						]
					}
				],
				"policy": {
					"timeout": "7.00:00:00",
					"retry": 0,
					"retryIntervalInSeconds": 30,
					"secureOutput": false,
					"secureInput": false
				},
				"userProperties": [],
				"typeProperties": {
					"url": {
						"value": "@concat('https://api.powerbi.com/v1.0/myorg/groups/',activity('Get Workspace ID').output.value[0].id, '/datasets')",
						"type": "Expression"
					},
					"method": "GET",
					"headers": {
						"Authorization": {
							"value": "@concat(string(activity('Get AAD Token').output.token_type),' ',string(activity('Get AAD Token').output.access_token))",
							"type": "Expression"
						}
					},
					"body": ""
				}
			},
			{
				"name": "Get Dataset Id",
				"type": "Filter",
				"dependsOn": [
					{
						"activity": "Get All Datasets",
						"dependencyConditions": [
							"Succeeded"
						]
					}
				],
				"userProperties": [],
				"typeProperties": {
					"items": {
						"value": "@activity('Get All Datasets').output.value",
						"type": "Expression"
					},
					"condition": {
						"value": "@equals(item().name, pipeline().parameters.Model_Name)",
						"type": "Expression"
					}
				}
			},
			{
				"name": "EDW - Handle not able to get refresh history",
				"type": "ExecutePipeline",
				"dependsOn": [
					{
						"activity": "wait for all in progress refreshes on same model",
						"dependencyConditions": [
							"Failed"
						]
					}
				],
				"userProperties": [],
				"typeProperties": {
					"pipeline": {
						"referenceName": "EDW - Handle Error",
						"type": "PipelineReference"
					},
					"waitOnCompletion": true,
					"parameters": {
						"ETL_LoadKey": {
							"value": "-1",
							"type": "Expression"
						},
						"Failed_Activity_Name": {
							"value": "@concat('Refresh SSAS cube database ',pipeline().parameters.Model_Name, ' for ',pipeline().parameters.Source_System)",
							"type": "Expression"
						},
						"Failure_Message": {
							"value": "@activity('Get existing PBI refreshes').Error.Message",
							"type": "Expression"
						},
						"Pipeline_Name": {
							"value": "@pipeline().Pipeline",
							"type": "Expression"
						},
						"Pipeline_Job_Run_Id": {
							"value": "@pipeline().parameters.Parent_Run_ID",
							"type": "Expression"
						},
						"Source_System": {
							"value": "@pipeline().parameters.Source_System",
							"type": "Expression"
						}
					}
				}
			}
		],
		"parameters": {
			"Parent_Run_ID": {
				"type": "string"
			},
			"Source_System": {
				"type": "string",
				"defaultValue": "SFTP_Eagle_Perf_Summary"
			},
			"Job_ID": {
				"type": "string"
			},
			"Model_Name": {
				"type": "string",
				"defaultValue": "PerformanceDataMart"
			}
		},
		"variables": {
			"Dummy_Var": {
				"type": "String"
			},
			"Initial_Flag": {
				"type": "String",
				"defaultValue": "T"
			},
			"First_Refresh": {
				"type": "String",
				"defaultValue": "T"
			}
		},
		"folder": {
			"name": "Datawarehouse/SSAS"
		},
		"annotations": [],
		"lastPublishTime": "2022-02-23T19:49:48Z"
	},
	"type": "Microsoft.DataFactory/factories/pipelines"
}