{
	"name": "EDW PSA Out",
	"properties": {
		"description": "PSA Out",
		"activities": [
			{
				"name": "Get Staging tables no Partition",
				"type": "Lookup",
				"dependsOn": [],
				"policy": {
					"timeout": "7.00:00:00",
					"retry": 0,
					"retryIntervalInSeconds": 30,
					"secureOutput": false,
					"secureInput": false
				},
				"userProperties": [],
				"typeProperties": {
					"source": {
						"type": "SqlDWSource",
						"sqlReaderStoredProcedureName": "[EDW_Config].[Create_Stage_Setup]",
						"storedProcedureParameters": {
							"Batch_Date_Input": {
								"type": "String",
								"value": {
									"value": "@pipeline().parameters.Analysis_Date",
									"type": "Expression"
								}
							},
							"Load_Type": {
								"type": "String",
								"value": {
									"value": "@pipeline().parameters.LoadType",
									"type": "Expression"
								}
							},
							"Source_System": {
								"type": "String",
								"value": {
									"value": "@pipeline().parameters.Source_System",
									"type": "Expression"
								}
							}
						},
						"queryTimeout": "02:00:00",
						"partitionOption": "None"
					},
					"dataset": {
						"referenceName": "Azure_ConfigDB",
						"type": "DatasetReference",
						"parameters": {
							"schema": "[DataWarehouse_Staging]",
							"table": "Job_Run"
						}
					},
					"firstRowOnly": false
				}
			},
			{
				"name": "ForEach Non Partition Tables",
				"type": "ForEach",
				"dependsOn": [
					{
						"activity": "Get Staging tables no Partition",
						"dependencyConditions": [
							"Succeeded"
						]
					}
				],
				"userProperties": [],
				"typeProperties": {
					"items": {
						"value": "@activity('Get Staging tables no Partition').output.value",
						"type": "Expression"
					},
					"isSequential": false,
					"batchCount": 3,
					"activities": [
						{
							"name": "Update ETL Load Control",
							"type": "SqlServerStoredProcedure",
							"dependsOn": [
								{
									"activity": "Copy Staging_No_Partition",
									"dependencyConditions": [
										"Succeeded"
									]
								}
							],
							"policy": {
								"timeout": "7.00:00:00",
								"retry": 0,
								"retryIntervalInSeconds": 30,
								"secureOutput": false,
								"secureInput": false
							},
							"userProperties": [],
							"typeProperties": {
								"storedProcedureName": "[EDW_ETL].[Update_ETL_Load_Control]",
								"storedProcedureParameters": {
									"Error_Massage": {
										"value": "",
										"type": "String"
									},
									"ETL_Load_Key": {
										"value": {
											"value": "@pipeline().parameters.ETL_LoadKey",
											"type": "Expression"
										},
										"type": "Int64"
									},
									"Load_Status": {
										"value": "Completed",
										"type": "String"
									},
									"Load_Table": {
										"value": {
											"value": "@concat(item().Target_Schema,'.', item().Target_Table)",
											"type": "Expression"
										},
										"type": "String"
									},
									"Rows_Expired": {
										"value": "0",
										"type": "Int32"
									},
									"Rows_Inserted": {
										"value": {
											"value": "@activity('Copy Staging_No_Partition').output.rowsCopied",
											"type": "Expression"
										},
										"type": "Int32"
									},
									"Rows_Updated": {
										"value": "0",
										"type": "Int32"
									}
								}
							},
							"linkedServiceName": {
								"referenceName": "AzureSynapseDW",
								"type": "LinkedServiceReference"
							}
						},
						{
							"name": "Copy Staging_No_Partition",
							"type": "Copy",
							"dependsOn": [],
							"policy": {
								"timeout": "7.00:00:00",
								"retry": 0,
								"retryIntervalInSeconds": 30,
								"secureOutput": false,
								"secureInput": false
							},
							"userProperties": [
								{
									"name": "Destination",
									"value": "@{item().target_table}"
								}
							],
							"typeProperties": {
								"source": {
									"type": "SqlDWSource",
									"sqlReaderQuery": {
										"value": "@item().Source_Query",
										"type": "Expression"
									},
									"queryTimeout": "02:00:00",
									"partitionOption": "None"
								},
								"sink": {
									"type": "SqlServerSink"
								},
								"enableStaging": true,
								"stagingSettings": {
									"linkedServiceName": {
										"referenceName": "AzureBlobStorage1",
										"type": "LinkedServiceReference",
										"parameters": {
											"Container_Name": {
												"value": "@pipeline().globalParameters.Azure_Container_Name",
												"type": "Expression"
											}
										}
									},
									"path": {
										"value": "@concat(pipeline().globalParameters.Env,'/staging/Risk/Polybase_Auto')",
										"type": "Expression"
									},
									"enableCompression": false
								},
								"parallelCopies": 5
							},
							"inputs": [
								{
									"referenceName": "Azure_DW",
									"type": "DatasetReference",
									"parameters": {
										"schema": {
											"value": "@item().Target_Schema",
											"type": "Expression"
										},
										"table": {
											"value": "@item().Target_Table",
											"type": "Expression"
										}
									}
								}
							],
							"outputs": [
								{
									"referenceName": "SQL_Table_Target",
									"type": "DatasetReference",
									"parameters": {
										"DatabaseName": {
											"value": "@pipeline().parameters.Source_Database",
											"type": "Expression"
										},
										"Target_Table": {
											"value": "@item().Target_Table",
											"type": "Expression"
										},
										"Target_Schema": "@item().Target_Schema",
										"ServerName": {
											"value": "@pipeline().parameters.ServerName",
											"type": "Expression"
										},
										"UserName": {
											"value": "@pipeline().parameters.UserName",
											"type": "Expression"
										},
										"SecretName": {
											"value": "@pipeline().parameters.SecretName",
											"type": "Expression"
										}
									}
								}
							]
						},
						{
							"name": "EDW - Handle Error",
							"type": "ExecutePipeline",
							"dependsOn": [
								{
									"activity": "Copy Staging_No_Partition",
									"dependencyConditions": [
										"Failed"
									]
								}
							],
							"policy": {
								"secureInput": false
							},
							"userProperties": [],
							"typeProperties": {
								"pipeline": {
									"referenceName": "EDW - Handle Error",
									"type": "PipelineReference"
								},
								"waitOnCompletion": true,
								"parameters": {
									"ETL_LoadKey": {
										"value": "@pipeline().parameters.ETL_LoadKey",
										"type": "Expression"
									},
									"Failed_Activity_Name": {
										"value": "@concat('Copy PSA step in ETL Load (id: ',pipeline().parameters.ETL_LoadKey,') run for ',pipeline().parameters.Source_System)",
										"type": "Expression"
									},
									"Failure_Message": {
										"value": "@activity('Copy Staging_No_Partition').Error.Message",
										"type": "Expression"
									},
									"Pipeline_Name": {
										"value": "@pipeline().Pipeline",
										"type": "Expression"
									},
									"Pipeline_Job_Run_Id": {
										"value": "@pipeline().parameters.Parent_Run_ID",
										"type": "Expression"
									},
									"Source_System": {
										"value": "@pipeline().parameters.Source_System",
										"type": "Expression"
									}
								}
							}
						}
					]
				}
			}
		],
		"parameters": {
			"Analysis_Date": {
				"type": "string"
			},
			"Source_System": {
				"type": "string",
				"defaultValue": "Out_BarraOne"
			},
			"Source_Database": {
				"type": "string",
				"defaultValue": "Risk"
			},
			"LoadType": {
				"type": "string",
				"defaultValue": "Delta"
			},
			"ETL_LoadKey": {
				"type": "string"
			},
			"Parent_Run_ID": {
				"type": "string"
			},
			"ServerName": {
				"type": "string"
			},
			"UserName": {
				"type": "string"
			},
			"SecretName": {
				"type": "string"
			}
		},
		"variables": {
			"cancel_job_url": {
				"type": "String"
			},
			"email_subject": {
				"type": "String"
			},
			"email_body": {
				"type": "String"
			},
			"start_time": {
				"type": "String"
			}
		},
		"folder": {
			"name": "Datawarehouse/Utilities"
		},
		"annotations": [],
		"lastPublishTime": "2022-03-02T14:13:15Z"
	},
	"type": "Microsoft.DataFactory/factories/pipelines"
}