{
	"name": "EDW - SFTP Pull Loop",
	"properties": {
		"activities": [
			{
				"name": "Until SFTP Pull",
				"type": "Until",
				"dependsOn": [],
				"userProperties": [],
				"typeProperties": {
					"expression": {
						"value": "@or(equals(variables('Status'),'Completed'),greaterOrEquals(int(variables('attempts')),int(pipeline().parameters.retry_attempt)))",
						"type": "Expression"
					},
					"activities": [
						{
							"name": "File Exists on SFTP Server",
							"type": "IfCondition",
							"dependsOn": [
								{
									"activity": "Check SFTP metadeta",
									"dependencyConditions": [
										"Succeeded"
									]
								}
							],
							"userProperties": [],
							"typeProperties": {
								"expression": {
									"value": "@variables('file_exists')",
									"type": "Expression"
								},
								"ifFalseActivities": [
									{
										"name": "Wait",
										"type": "Wait",
										"dependsOn": [],
										"userProperties": [],
										"typeProperties": {
											"waitTimeInSeconds": {
												"value": "@pipeline().parameters.wait_time",
												"type": "Expression"
											}
										}
									},
									{
										"name": "Set Temp Counter",
										"type": "SetVariable",
										"dependsOn": [
											{
												"activity": "Wait",
												"dependencyConditions": [
													"Succeeded"
												]
											}
										],
										"policy": {
											"secureOutput": false,
											"secureInput": false
										},
										"userProperties": [],
										"typeProperties": {
											"variableName": "temp_counter",
											"value": {
												"value": "@string(add(int(variables('attempts')),1))",
												"type": "Expression"
											}
										}
									},
									{
										"name": "Set Attempt",
										"type": "SetVariable",
										"dependsOn": [
											{
												"activity": "Set Temp Counter",
												"dependencyConditions": [
													"Succeeded"
												]
											}
										],
										"policy": {
											"secureOutput": false,
											"secureInput": false
										},
										"userProperties": [],
										"typeProperties": {
											"variableName": "attempts",
											"value": {
												"value": "@variables('temp_counter')",
												"type": "Expression"
											}
										}
									}
								],
								"ifTrueActivities": [
									{
										"name": "Self-hosted or AutoResolve IR",
										"type": "Switch",
										"dependsOn": [],
										"userProperties": [],
										"typeProperties": {
											"on": {
												"value": "@toUpper(pipeline().parameters.integration_runtime)",
												"type": "Expression"
											},
											"cases": [
												{
													"value": "SELF-HOSTED",
													"activities": [
														{
															"name": "Set Status To Complete",
															"type": "SetVariable",
															"dependsOn": [
																{
																	"activity": "Insert Success Log",
																	"dependencyConditions": [
																		"Succeeded"
																	]
																}
															],
															"policy": {
																"secureOutput": false,
																"secureInput": false
															},
															"userProperties": [],
															"typeProperties": {
																"variableName": "Status",
																"value": "Completed"
															}
														},
														{
															"name": "Pull Reply File From Vendor SFTP",
															"type": "Copy",
															"dependsOn": [
																{
																	"activity": "Set v_Datetime",
																	"dependencyConditions": [
																		"Succeeded"
																	]
																}
															],
															"policy": {
																"timeout": "7.00:00:00",
																"retry": 0,
																"retryIntervalInSeconds": 30,
																"secureOutput": false,
																"secureInput": false
															},
															"userProperties": [],
															"typeProperties": {
																"source": {
																	"type": "BinarySource",
																	"storeSettings": {
																		"type": "SftpReadSettings",
																		"recursive": true,
																		"deleteFilesAfterCompletion": false
																	},
																	"formatSettings": {
																		"type": "BinaryReadSettings"
																	}
																},
																"sink": {
																	"type": "BinarySink",
																	"storeSettings": {
																		"type": "AzureBlobFSWriteSettings"
																	}
																},
																"enableStaging": false
															},
															"inputs": [
																{
																	"referenceName": "ds_SFTP_Binary",
																	"type": "DatasetReference",
																	"parameters": {
																		"ds_vendorFP": {
																			"value": "@pipeline().parameters.sftp_path",
																			"type": "Expression"
																		},
																		"ds_vendorfn": {
																			"value": "@pipeline().parameters.File_Name",
																			"type": "Expression"
																		},
																		"ds_host": {
																			"value": "@pipeline().parameters.sftp_host",
																			"type": "Expression"
																		},
																		"ds_user": {
																			"value": "@pipeline().parameters.user_name",
																			"type": "Expression"
																		},
																		"ds_secret": {
																			"value": "@pipeline().parameters.secret_name",
																			"type": "Expression"
																		}
																	}
																}
															],
															"outputs": [
																{
																	"referenceName": "ds_ADLS_Binary",
																	"type": "DatasetReference",
																	"parameters": {
																		"env": {
																			"value": "@pipeline().globalParameters.Env",
																			"type": "Expression"
																		},
																		"folder_path": {
																			"value": "@pipeline().parameters.adls_path",
																			"type": "Expression"
																		},
																		"file_name": {
																			"value": "@pipeline().parameters.File_Name",
																			"type": "Expression"
																		},
																		"Container_Name": {
																			"value": "@pipeline().globalParameters.Azure_Container_Name",
																			"type": "Expression"
																		}
																	}
																}
															]
														},
														{
															"name": "EDW - Handle Error_copy1",
															"type": "ExecutePipeline",
															"dependsOn": [
																{
																	"activity": "Insert Failed Log",
																	"dependencyConditions": [
																		"Succeeded"
																	]
																}
															],
															"userProperties": [],
															"typeProperties": {
																"pipeline": {
																	"referenceName": "EDW - Handle Error",
																	"type": "PipelineReference"
																},
																"waitOnCompletion": true,
																"parameters": {
																	"ETL_LoadKey": {
																		"value": "@pipeline().parameters.Load_Key",
																		"type": "Expression"
																	},
																	"Failed_Activity_Name": {
																		"value": "@concat('Pull Reply File From Vendor SFTP (id: ','-1',') run for ',pipeline().parameters.Source_System)",
																		"type": "Expression"
																	},
																	"Failure_Message": {
																		"value": "@concat('Error on attempt ',variables('attempts'),' message: ',\nactivity('Pull Reply File From Vendor SFTP').Error.Message)",
																		"type": "Expression"
																	},
																	"Pipeline_Name": {
																		"value": "@pipeline().Pipeline",
																		"type": "Expression"
																	},
																	"Pipeline_Job_Run_Id": {
																		"value": "@pipeline().parameters.Parent_RunID",
																		"type": "Expression"
																	},
																	"Source_System": {
																		"value": "@pipeline().parameters.Source_System",
																		"type": "Expression"
																	}
																}
															}
														},
														{
															"name": "Insert Success Log",
															"type": "Script",
															"dependsOn": [
																{
																	"activity": "Pull Reply File From Vendor SFTP",
																	"dependencyConditions": [
																		"Succeeded"
																	]
																}
															],
															"policy": {
																"timeout": "0.12:00:00",
																"retry": 0,
																"retryIntervalInSeconds": 30,
																"secureOutput": false,
																"secureInput": false
															},
															"userProperties": [],
															"linkedServiceName": {
																"referenceName": "AzureConfigDB",
																"type": "LinkedServiceReference"
															},
															"typeProperties": {
																"scripts": [
																	{
																		"parameters": [
																			{
																				"name": "etl_load_key",
																				"type": "Int32",
																				"value": {
																					"value": "@pipeline().parameters.load_key",
																					"type": "Expression"
																				},
																				"direction": "Input"
																			},
																			{
																				"name": "source_system",
																				"type": "String",
																				"value": {
																					"value": "@pipeline().parameters.source_system",
																					"type": "Expression"
																				},
																				"direction": "Input"
																			},
																			{
																				"name": "Document_Source",
																				"type": "String",
																				"value": {
																					"value": "@pipeline().parameters.sftp_path",
																					"type": "Expression"
																				},
																				"direction": "Input"
																			},
																			{
																				"name": "Document_Destination",
																				"type": "String",
																				"value": {
																					"value": "@pipeline().parameters.adls_path",
																					"type": "Expression"
																				},
																				"direction": "Input"
																			},
																			{
																				"name": "Document_Name",
																				"type": "String",
																				"value": {
																					"value": "@pipeline().parameters.file_name",
																					"type": "Expression"
																				},
																				"direction": "Input"
																			},
																			{
																				"name": "date",
																				"type": "String",
																				"value": {
																					"value": "@variables('v_Datetime')",
																					"type": "Expression"
																				},
																				"direction": "Input"
																			}
																		],
																		"type": "Query",
																		"text": "INSERT INTO [EDW_ETL].[SFTP_Document_File_Log] ([ETL_Load_Key],[Source_system],[Document_Source],[Document_Destination],[Document_Name],[Status],[Load_DTS])\nSelect @etl_load_key,@source_system,@Document_Source,@Document_Destination,@Document_Name,'Completed',@date\n"
																	}
																],
																"scriptBlockExecutionTimeout": "02:00:00"
															}
														},
														{
															"name": "Insert Failed Log",
															"type": "Script",
															"dependsOn": [
																{
																	"activity": "Pull Reply File From Vendor SFTP",
																	"dependencyConditions": [
																		"Failed"
																	]
																}
															],
															"policy": {
																"timeout": "0.12:00:00",
																"retry": 0,
																"retryIntervalInSeconds": 30,
																"secureOutput": false,
																"secureInput": false
															},
															"userProperties": [],
															"linkedServiceName": {
																"referenceName": "AzureConfigDB",
																"type": "LinkedServiceReference"
															},
															"typeProperties": {
																"scripts": [
																	{
																		"parameters": [
																			{
																				"name": "etl_load_key",
																				"type": "Int32",
																				"value": {
																					"value": "@pipeline().parameters.load_key",
																					"type": "Expression"
																				},
																				"direction": "Input"
																			},
																			{
																				"name": "source_system",
																				"type": "String",
																				"value": {
																					"value": "@pipeline().parameters.source_system",
																					"type": "Expression"
																				},
																				"direction": "Input"
																			},
																			{
																				"name": "Document_Source",
																				"type": "String",
																				"value": {
																					"value": "@pipeline().parameters.sftp_path",
																					"type": "Expression"
																				},
																				"direction": "Input"
																			},
																			{
																				"name": "Document_Destination",
																				"type": "String",
																				"value": {
																					"value": "@pipeline().parameters.adls_path",
																					"type": "Expression"
																				},
																				"direction": "Input"
																			},
																			{
																				"name": "Document_Name",
																				"type": "String",
																				"value": {
																					"value": "@pipeline().parameters.file_name",
																					"type": "Expression"
																				},
																				"direction": "Input"
																			},
																			{
																				"name": "date",
																				"type": "String",
																				"value": {
																					"value": "@variables('v_Datetime')",
																					"type": "Expression"
																				},
																				"direction": "Input"
																			}
																		],
																		"type": "Query",
																		"text": "INSERT INTO [EDW_ETL].[SFTP_Document_File_Log] ([ETL_Load_Key],[Source_system],[Document_Source],[Document_Destination],[Document_Name],[Status],[Load_DTS])\nSelect @etl_load_key,@source_system,@Document_Source,@Document_Destination,@Document_Name,'Failed',@date"
																	}
																],
																"scriptBlockExecutionTimeout": "02:00:00"
															}
														},
														{
															"name": "Set v_Datetime",
															"type": "SetVariable",
															"dependsOn": [],
															"policy": {
																"secureOutput": false,
																"secureInput": false
															},
															"userProperties": [],
															"typeProperties": {
																"variableName": "v_Datetime",
																"value": {
																	"value": "@utcnow()",
																	"type": "Expression"
																}
															}
														}
													]
												},
												{
													"value": "AUTORESOLVE",
													"activities": [
														{
															"name": "Set Status To Complete_Autoresolve",
															"type": "SetVariable",
															"dependsOn": [
																{
																	"activity": "Insert Success log - Auto",
																	"dependencyConditions": [
																		"Succeeded"
																	]
																}
															],
															"policy": {
																"secureOutput": false,
																"secureInput": false
															},
															"userProperties": [],
															"typeProperties": {
																"variableName": "Status",
																"value": "Completed"
															}
														},
														{
															"name": "Pull Reply File From Vendor SFTP_Autoresolve",
															"type": "Copy",
															"dependsOn": [
																{
																	"activity": "Set DateTime",
																	"dependencyConditions": [
																		"Succeeded"
																	]
																}
															],
															"policy": {
																"timeout": "7.00:00:00",
																"retry": 0,
																"retryIntervalInSeconds": 30,
																"secureOutput": false,
																"secureInput": false
															},
															"userProperties": [],
															"typeProperties": {
																"source": {
																	"type": "BinarySource",
																	"storeSettings": {
																		"type": "SftpReadSettings",
																		"recursive": true,
																		"deleteFilesAfterCompletion": false
																	},
																	"formatSettings": {
																		"type": "BinaryReadSettings"
																	}
																},
																"sink": {
																	"type": "BinarySink",
																	"storeSettings": {
																		"type": "AzureBlobFSWriteSettings"
																	}
																},
																"enableStaging": false
															},
															"inputs": [
																{
																	"referenceName": "ds_SFTP_Binary_AutoResolve",
																	"type": "DatasetReference",
																	"parameters": {
																		"ds_vendorFP": {
																			"value": "@pipeline().parameters.sftp_path",
																			"type": "Expression"
																		},
																		"ds_vendorfn": {
																			"value": "@pipeline().parameters.File_Name",
																			"type": "Expression"
																		},
																		"ds_host": {
																			"value": "@pipeline().parameters.sftp_host",
																			"type": "Expression"
																		},
																		"ds_user": {
																			"value": "@pipeline().parameters.user_name",
																			"type": "Expression"
																		},
																		"ds_secret": {
																			"value": "@pipeline().parameters.secret_name",
																			"type": "Expression"
																		}
																	}
																}
															],
															"outputs": [
																{
																	"referenceName": "ds_ADLS_Binary_Autoresolve",
																	"type": "DatasetReference",
																	"parameters": {
																		"env": {
																			"value": "@pipeline().globalParameters.Env",
																			"type": "Expression"
																		},
																		"folder_path": {
																			"value": "@pipeline().parameters.adls_path",
																			"type": "Expression"
																		},
																		"file_name": {
																			"value": "@pipeline().parameters.File_Name",
																			"type": "Expression"
																		},
																		"Container_Name": {
																			"value": "@pipeline().globalParameters.Azure_Container_Name",
																			"type": "Expression"
																		}
																	}
																}
															]
														},
														{
															"name": "EDW - Handle Error_copy1_Autoresolve",
															"type": "ExecutePipeline",
															"dependsOn": [
																{
																	"activity": "Insert Fauiled Log - Auto",
																	"dependencyConditions": [
																		"Succeeded"
																	]
																}
															],
															"userProperties": [],
															"typeProperties": {
																"pipeline": {
																	"referenceName": "EDW - Handle Error",
																	"type": "PipelineReference"
																},
																"waitOnCompletion": true,
																"parameters": {
																	"ETL_LoadKey": {
																		"value": "@pipeline().parameters.Load_Key",
																		"type": "Expression"
																	},
																	"Failed_Activity_Name": {
																		"value": "@concat('Pull Reply File From Vendor SFTP (id: ','-1',') run for ',pipeline().parameters.Source_System)",
																		"type": "Expression"
																	},
																	"Failure_Message": {
																		"value": "@concat('Error on attempt ',variables('attempts'),' message: ',\nactivity('Pull Reply File From Vendor SFTP_Autoresolve').Error.Message)",
																		"type": "Expression"
																	},
																	"Pipeline_Name": {
																		"value": "@pipeline().Pipeline",
																		"type": "Expression"
																	},
																	"Pipeline_Job_Run_Id": {
																		"value": "@pipeline().parameters.Parent_RunID",
																		"type": "Expression"
																	},
																	"Source_System": {
																		"value": "@pipeline().parameters.Source_System",
																		"type": "Expression"
																	}
																}
															}
														},
														{
															"name": "Insert Success log - Auto",
															"type": "Script",
															"dependsOn": [
																{
																	"activity": "Pull Reply File From Vendor SFTP_Autoresolve",
																	"dependencyConditions": [
																		"Succeeded"
																	]
																}
															],
															"policy": {
																"timeout": "0.12:00:00",
																"retry": 0,
																"retryIntervalInSeconds": 30,
																"secureOutput": false,
																"secureInput": false
															},
															"userProperties": [],
															"linkedServiceName": {
																"referenceName": "AzureConfigDB",
																"type": "LinkedServiceReference"
															},
															"typeProperties": {
																"scripts": [
																	{
																		"parameters": [
																			{
																				"name": "etl_load_key",
																				"type": "Int32",
																				"value": {
																					"value": "@pipeline().parameters.load_key",
																					"type": "Expression"
																				},
																				"direction": "Input"
																			},
																			{
																				"name": "source_system",
																				"type": "String",
																				"value": {
																					"value": "@pipeline().parameters.source_system",
																					"type": "Expression"
																				},
																				"direction": "Input"
																			},
																			{
																				"name": "Document_Source",
																				"type": "String",
																				"value": {
																					"value": "@pipeline().parameters.sftp_path",
																					"type": "Expression"
																				},
																				"direction": "Input"
																			},
																			{
																				"name": "Document_Destination",
																				"type": "String",
																				"value": {
																					"value": "@pipeline().parameters.adls_path",
																					"type": "Expression"
																				},
																				"direction": "Input"
																			},
																			{
																				"name": "Document_Name",
																				"type": "String",
																				"value": {
																					"value": "@pipeline().parameters.file_name",
																					"type": "Expression"
																				},
																				"direction": "Input"
																			},
																			{
																				"name": "date",
																				"type": "String",
																				"value": {
																					"value": "@variables('v_Datetime')",
																					"type": "Expression"
																				},
																				"direction": "Input"
																			}
																		],
																		"type": "Query",
																		"text": "INSERT INTO [EDW_ETL].[SFTP_Document_File_Log] ([ETL_Load_Key],[Source_system],[Document_Source],[Document_Destination],[Document_Name],[Status],[Load_DTS])\nSelect @etl_load_key,@source_system,@Document_Source,@Document_Destination,@Document_Name,'Completed',@date"
																	}
																],
																"scriptBlockExecutionTimeout": "02:00:00"
															}
														},
														{
															"name": "Insert Fauiled Log - Auto",
															"type": "Script",
															"dependsOn": [
																{
																	"activity": "Pull Reply File From Vendor SFTP_Autoresolve",
																	"dependencyConditions": [
																		"Failed"
																	]
																}
															],
															"policy": {
																"timeout": "0.12:00:00",
																"retry": 0,
																"retryIntervalInSeconds": 30,
																"secureOutput": false,
																"secureInput": false
															},
															"userProperties": [],
															"linkedServiceName": {
																"referenceName": "AzureConfigDB",
																"type": "LinkedServiceReference"
															},
															"typeProperties": {
																"scripts": [
																	{
																		"parameters": [
																			{
																				"name": "etl_load_key",
																				"type": "Int32",
																				"value": {
																					"value": "@pipeline().parameters.load_key",
																					"type": "Expression"
																				},
																				"direction": "Input"
																			},
																			{
																				"name": "source_system",
																				"type": "String",
																				"value": {
																					"value": "@pipeline().parameters.source_system",
																					"type": "Expression"
																				},
																				"direction": "Input"
																			},
																			{
																				"name": "Document_Source",
																				"type": "String",
																				"value": {
																					"value": "@pipeline().parameters.sftp_path",
																					"type": "Expression"
																				},
																				"direction": "Input"
																			},
																			{
																				"name": "Document_Destination",
																				"type": "String",
																				"value": {
																					"value": "@pipeline().parameters.adls_path",
																					"type": "Expression"
																				},
																				"direction": "Input"
																			},
																			{
																				"name": "Document_Name",
																				"type": "String",
																				"value": {
																					"value": "@pipeline().parameters.file_name",
																					"type": "Expression"
																				},
																				"direction": "Input"
																			},
																			{
																				"name": "date",
																				"type": "String",
																				"value": {
																					"value": "@variables('v_Datetime')",
																					"type": "Expression"
																				},
																				"direction": "Input"
																			}
																		],
																		"type": "Query",
																		"text": "INSERT INTO [EDW_ETL].[SFTP_Document_File_Log] ([ETL_Load_Key],[Source_system],[Document_Sofurce],[Document_Destination],[Document_Name],[Status],[Load_DTS])\r\nSelect @etl_load_key,@source_system,@Document_Source,@Document_Destination,@Document_Name,'Failed',@date"
																	}
																],
																"scriptBlockExecutionTimeout": "02:00:00"
															}
														},
														{
															"name": "Set DateTime",
															"type": "SetVariable",
															"dependsOn": [],
															"policy": {
																"secureOutput": false,
																"secureInput": false
															},
															"userProperties": [],
															"typeProperties": {
																"variableName": "v_Datetime",
																"value": {
																	"value": "@utcnow()",
																	"type": "Expression"
																}
															}
														}
													]
												}
											]
										}
									}
								]
							}
						},
						{
							"name": "Check SFTP metadeta",
							"type": "Switch",
							"dependsOn": [],
							"userProperties": [],
							"typeProperties": {
								"on": {
									"value": "@toUpper(pipeline().parameters.integration_runtime)",
									"type": "Expression"
								},
								"cases": [
									{
										"value": "SELF-HOSTED",
										"activities": [
											{
												"name": "Check file exists",
												"type": "GetMetadata",
												"dependsOn": [],
												"policy": {
													"timeout": "7.00:00:00",
													"retry": 0,
													"retryIntervalInSeconds": 30,
													"secureOutput": false,
													"secureInput": false
												},
												"userProperties": [],
												"typeProperties": {
													"dataset": {
														"referenceName": "ds_SFTP_Binary",
														"type": "DatasetReference",
														"parameters": {
															"ds_vendorFP": {
																"value": "@pipeline().parameters.sftp_path",
																"type": "Expression"
															},
															"ds_vendorfn": {
																"value": "@pipeline().parameters.file_name",
																"type": "Expression"
															},
															"ds_host": {
																"value": "@pipeline().parameters.sftp_host",
																"type": "Expression"
															},
															"ds_user": {
																"value": "@pipeline().parameters.user_name",
																"type": "Expression"
															},
															"ds_secret": {
																"value": "@pipeline().parameters.secret_name",
																"type": "Expression"
															}
														}
													},
													"fieldList": [
														"exists"
													],
													"storeSettings": {
														"type": "SftpReadSettings",
														"recursive": true,
														"enablePartitionDiscovery": false
													},
													"formatSettings": {
														"type": "BinaryReadSettings"
													}
												}
											},
											{
												"name": "File exists var",
												"type": "SetVariable",
												"dependsOn": [
													{
														"activity": "Check file exists",
														"dependencyConditions": [
															"Succeeded"
														]
													}
												],
												"policy": {
													"secureOutput": false,
													"secureInput": false
												},
												"userProperties": [],
												"typeProperties": {
													"variableName": "file_exists",
													"value": {
														"value": "@activity('Check file exists').output.exists",
														"type": "Expression"
													}
												}
											}
										]
									},
									{
										"value": "AUTORESOLVE",
										"activities": [
											{
												"name": "Check file exists_Autoresolve",
												"type": "GetMetadata",
												"dependsOn": [],
												"policy": {
													"timeout": "7.00:00:00",
													"retry": 0,
													"retryIntervalInSeconds": 30,
													"secureOutput": false,
													"secureInput": false
												},
												"userProperties": [],
												"typeProperties": {
													"dataset": {
														"referenceName": "ds_SFTP_Binary_AutoResolve",
														"type": "DatasetReference",
														"parameters": {
															"ds_vendorFP": {
																"value": "@pipeline().parameters.sftp_path",
																"type": "Expression"
															},
															"ds_vendorfn": {
																"value": "@pipeline().parameters.file_name",
																"type": "Expression"
															},
															"ds_host": {
																"value": "@pipeline().parameters.sftp_host",
																"type": "Expression"
															},
															"ds_user": {
																"value": "@pipeline().parameters.user_name",
																"type": "Expression"
															},
															"ds_secret": {
																"value": "@pipeline().parameters.secret_name",
																"type": "Expression"
															}
														}
													},
													"fieldList": [
														"exists"
													],
													"storeSettings": {
														"type": "SftpReadSettings",
														"recursive": true,
														"enablePartitionDiscovery": false
													},
													"formatSettings": {
														"type": "BinaryReadSettings"
													}
												}
											},
											{
												"name": "File exists var2",
												"type": "SetVariable",
												"dependsOn": [
													{
														"activity": "Check file exists_Autoresolve",
														"dependencyConditions": [
															"Succeeded"
														]
													}
												],
												"policy": {
													"secureOutput": false,
													"secureInput": false
												},
												"userProperties": [],
												"typeProperties": {
													"variableName": "file_exists",
													"value": {
														"value": "@activity('Check file exists_Autoresolve').output.exists",
														"type": "Expression"
													}
												}
											}
										]
									}
								]
							}
						},
						{
							"name": "Switch - Retry And Email",
							"type": "Switch",
							"dependsOn": [
								{
									"activity": "File Exists on SFTP Server",
									"dependencyConditions": [
										"Succeeded"
									]
								}
							],
							"userProperties": [],
							"typeProperties": {
								"on": {
									"value": "@if(greaterOrEquals(int(variables('attempts')),int(pipeline().parameters.retry_attempt))\n\t,if(equals(pipeline().parameters.Ignore_File_Missing_Error,'True')\n\t     ,'1_Retry_exceeded_Ignore'\t\n\t     ,'2_Retry_exceeded_NotIgnore_Fail'\t\t \t\n\t)\n\t,'3_Retry_not_exceeded_Continue'\n)",
									"type": "Expression"
								},
								"cases": [
									{
										"value": "1_Retry_exceeded_Ignore",
										"activities": [
											{
												"name": "Set Status To Complete - Ignore",
												"type": "SetVariable",
												"dependsOn": [],
												"policy": {
													"secureOutput": false,
													"secureInput": false
												},
												"userProperties": [],
												"typeProperties": {
													"variableName": "Status",
													"value": "Completed"
												}
											}
										]
									},
									{
										"value": "2_Retry_exceeded_NotIgnore_Fail",
										"activities": [
											{
												"name": "EDW - Handle Error Put",
												"type": "ExecutePipeline",
												"dependsOn": [
													{
														"activity": "Set Status To Complete - Not Ignore",
														"dependencyConditions": [
															"Succeeded"
														]
													}
												],
												"userProperties": [],
												"typeProperties": {
													"pipeline": {
														"referenceName": "EDW - Handle Error",
														"type": "PipelineReference"
													},
													"waitOnCompletion": true,
													"parameters": {
														"ETL_LoadKey": {
															"value": "@pipeline().parameters.load_key",
															"type": "Expression"
														},
														"Failed_Activity_Name": {
															"value": "@concat('Pull Reply File From Vendor SFTP (id: ','-1',') run for ',pipeline().parameters.Source_System)",
															"type": "Expression"
														},
														"Failure_Message": {
															"value": "@concat('The SFTP for ',pipeline().parameters.source_system, ' failed with maximum tries ', string(pipeline().parameters.retry_attempt),' attempted ')",
															"type": "Expression"
														},
														"Pipeline_Name": {
															"value": "@pipeline().Pipeline",
															"type": "Expression"
														},
														"Pipeline_Job_Run_Id": {
															"value": "@pipeline().parameters.Parent_RunID",
															"type": "Expression"
														},
														"Source_System": {
															"value": "@pipeline().parameters.Source_System",
															"type": "Expression"
														}
													}
												}
											},
											{
												"name": "SFTP Failure",
												"type": "Fail",
												"dependsOn": [
													{
														"activity": "Set Status To Complete - Not Ignore",
														"dependencyConditions": [
															"Succeeded"
														]
													}
												],
												"userProperties": [],
												"typeProperties": {
													"message": {
														"value": "@concat('The SFTP for ',pipeline().parameters.source_system, ' failed with maximum tries ', string(pipeline().parameters.retry_attempt),' attempted ')",
														"type": "Expression"
													},
													"errorCode": "1"
												}
											},
											{
												"name": "Set Status To Complete - Not Ignore",
												"type": "SetVariable",
												"dependsOn": [],
												"policy": {
													"secureOutput": false,
													"secureInput": false
												},
												"userProperties": [],
												"typeProperties": {
													"variableName": "Status",
													"value": "Completed"
												}
											}
										]
									},
									{
										"value": "3_Retry_not_exceeded_Continue",
										"activities": [
											{
												"name": "Set Dummy Variable",
												"type": "SetVariable",
												"dependsOn": [],
												"policy": {
													"secureOutput": false,
													"secureInput": false
												},
												"userProperties": [],
												"typeProperties": {
													"variableName": "dummy",
													"value": "empty"
												}
											}
										]
									}
								]
							}
						}
					],
					"timeout": "0.12:00:00"
				}
			}
		],
		"parameters": {
			"source_system": {
				"type": "string"
			},
			"parent_runid": {
				"type": "string"
			},
			"adls_path": {
				"type": "string"
			},
			"sftp_host": {
				"type": "string"
			},
			"user_name": {
				"type": "string"
			},
			"kvls": {
				"type": "string"
			},
			"secret_name": {
				"type": "string"
			},
			"sftp_path": {
				"type": "string"
			},
			"file_name": {
				"type": "string"
			},
			"load_key": {
				"type": "string"
			},
			"wait_time": {
				"type": "int"
			},
			"retry_attempt": {
				"type": "string"
			},
			"integration_runtime": {
				"type": "string"
			},
			"Ignore_File_Missing_Error": {
				"type": "string",
				"defaultValue": "False"
			}
		},
		"variables": {
			"Status": {
				"type": "String"
			},
			"dummy": {
				"type": "String"
			},
			"attempts": {
				"type": "String",
				"defaultValue": "0"
			},
			"temp_counter": {
				"type": "String",
				"defaultValue": "0"
			},
			"file_exists": {
				"type": "Boolean"
			},
			"v_Datetime": {
				"type": "String"
			}
		},
		"folder": {
			"name": "Datawarehouse/SFTP"
		},
		"annotations": [],
		"lastPublishTime": "2022-03-04T19:15:56Z"
	},
	"type": "Microsoft.DataFactory/factories/pipelines"
}