{
	"name": "EDW Load - Set ADLS file content type",
	"properties": {
		"activities": [
			{
				"name": "EDW - Handle Error",
				"type": "ExecutePipeline",
				"dependsOn": [
					{
						"activity": "Azure Function to set content type",
						"dependencyConditions": [
							"Failed"
						]
					}
				],
				"userProperties": [],
				"typeProperties": {
					"pipeline": {
						"referenceName": "EDW - Handle Error",
						"type": "PipelineReference"
					},
					"waitOnCompletion": true,
					"parameters": {
						"ETL_LoadKey": {
							"value": "@pipeline().parameters.ETL_Load_Key",
							"type": "Expression"
						},
						"Failed_Activity_Name": {
							"value": "@concat('Call function to set file content typ[eoverride file data ETL Load (id: ',pipeline().parameters.ETL_Load_Key,') run for ',pipeline().parameters.Source_System)",
							"type": "Expression"
						},
						"Failure_Message": {
							"value": "@activity('Azure Function to set content type').error.Message",
							"type": "Expression"
						},
						"Pipeline_Name": {
							"value": "@pipeline().Pipeline",
							"type": "Expression"
						},
						"Pipeline_Job_Run_Id": {
							"value": "@pipeline().parameters.Parent_Run_ID",
							"type": "Expression"
						},
						"Source_System": {
							"value": "@pipeline().parameters.Source_System",
							"type": "Expression"
						}
					}
				}
			},
			{
				"name": "Azure Function to set content type",
				"type": "AzureFunctionActivity",
				"dependsOn": [],
				"policy": {
					"timeout": "7.00:00:00",
					"retry": 0,
					"retryIntervalInSeconds": 30,
					"secureOutput": false,
					"secureInput": false
				},
				"userProperties": [],
				"typeProperties": {
					"functionName": "ADLSSetFileContentType",
					"method": "POST",
					"body": {
						"value": "@concat('{\n                \"container\": \"',pipeline().parameters.container,'\",\n                \"srcFilePath\": \"',pipeline().parameters.srcFilePath,'\",\n                \"srcFileName\" : \"',pipeline().parameters.srcFileName,'\",\n                \"tgtFilePath\": \"',pipeline().parameters.tgtFilePath,'\",\n                \"tgtFileName\" : \"',pipeline().parameters.tgtFileName,'\",\n                \"contentType\" : \"',pipeline().parameters.contentType,'\"\n}')",
						"type": "Expression"
					}
				},
				"linkedServiceName": {
					"referenceName": "IDPFunction",
					"type": "LinkedServiceReference",
					"parameters": {
						"Function_URL": {
							"value": "@pipeline().globalParameters.Azure_FunctionApp_URL",
							"type": "Expression"
						},
						"Function_ResourceID": {
							"value": "@pipeline().globalParameters.Azure_FunctionApp_ID",
							"type": "Expression"
						}
					}
				}
			},
			{
				"name": "Set Dummy",
				"type": "SetVariable",
				"dependsOn": [
					{
						"activity": "Azure Function to set content type",
						"dependencyConditions": [
							"Succeeded"
						]
					}
				],
				"userProperties": [],
				"typeProperties": {
					"variableName": "Dummy_Var",
					"value": "T"
				}
			}
		],
		"parameters": {
			"Source_System": {
				"type": "string",
				"defaultValue": "SharPoint_TPM_Holdings"
			},
			"ETL_Load_Key": {
				"type": "string",
				"defaultValue": "-1"
			},
			"Parent_Run_ID": {
				"type": "string",
				"defaultValue": "1"
			},
			"container": {
				"type": "string",
				"defaultValue": "$web"
			},
			"srcFilePath": {
				"type": "string",
				"defaultValue": "Risk/Holding_Files/source"
			},
			"srcFileName": {
				"type": "string",
				"defaultValue": "holdings_browser.html"
			},
			"tgtFilePath": {
				"type": "string",
				"defaultValue": "Risk/Holding_Files"
			},
			"tgtFileName": {
				"type": "string",
				"defaultValue": "holdings_browser.html"
			},
			"contentType": {
				"type": "string",
				"defaultValue": "text/html"
			}
		},
		"variables": {
			"table_Name": {
				"type": "String"
			},
			"Dummy_Var": {
				"type": "String"
			},
			"Error_Message": {
				"type": "String"
			}
		},
		"folder": {
			"name": "Datawarehouse/ADLS"
		},
		"annotations": [],
		"lastPublishTime": "2022-02-28T22:58:58Z"
	},
	"type": "Microsoft.DataFactory/factories/pipelines"
}