{
	"name": "EDW - Copy SQL Query to Stage - ADLS staging",
	"properties": {
		"activities": [
			{
				"name": "Get Staging meta data",
				"type": "Lookup",
				"dependsOn": [],
				"policy": {
					"timeout": "7.00:00:00",
					"retry": 0,
					"retryIntervalInSeconds": 30,
					"secureOutput": false,
					"secureInput": false
				},
				"userProperties": [],
				"typeProperties": {
					"source": {
						"type": "SqlDWSource",
						"sqlReaderStoredProcedureName": "[EDW_Config].[Create_SQL_Staging_Load_Query]",
						"storedProcedureParameters": {
							"Load_Param": {
								"type": "String",
								"value": {
									"value": "@pipeline().parameters.Load_Param",
									"type": "Expression"
								}
							},
							"LoadDate": {
								"type": "String",
								"value": {
									"value": "@pipeline().parameters.Batch_Date",
									"type": "Expression"
								}
							},
							"LoadType": {
								"type": "String",
								"value": {
									"value": "@pipeline().parameters.Load_Type",
									"type": "Expression"
								}
							},
							"Source_System": {
								"type": "String",
								"value": {
									"value": "@pipeline().parameters.Source_System",
									"type": "Expression"
								}
							}
						},
						"queryTimeout": "02:00:00",
						"partitionOption": "None"
					},
					"dataset": {
						"referenceName": "Azure_ConfigDB",
						"type": "DatasetReference",
						"parameters": {
							"schema": "[EDW_Config]",
							"table": "Ref_Staging_Query_to_IDP_Staging"
						}
					},
					"firstRowOnly": false
				}
			},
			{
				"name": "ForEach1",
				"type": "ForEach",
				"dependsOn": [
					{
						"activity": "Get Staging meta data",
						"dependencyConditions": [
							"Succeeded"
						]
					}
				],
				"userProperties": [],
				"typeProperties": {
					"items": {
						"value": "@activity('Get Staging meta data').output.value",
						"type": "Expression"
					},
					"isSequential": false,
					"batchCount": 3,
					"activities": [
						{
							"name": "Copy Staging",
							"type": "Copy",
							"dependsOn": [],
							"policy": {
								"timeout": "7.00:00:00",
								"retry": 0,
								"retryIntervalInSeconds": 30,
								"secureOutput": false,
								"secureInput": false
							},
							"userProperties": [],
							"typeProperties": {
								"source": {
									"type": "SqlServerSource",
									"sqlReaderQuery": {
										"value": "@item().Source_Query",
										"type": "Expression"
									},
									"queryTimeout": "02:00:00",
									"partitionOption": "None"
								},
								"sink": {
									"type": "SqlDWSink",
									"preCopyScript": {
										"value": "@{concat('Truncate Table ', item().Target_Schema,'.',item().Target_Table)}",
										"type": "Expression"
									},
									"allowPolyBase": true,
									"polyBaseSettings": {
										"rejectValue": 0,
										"rejectType": "value",
										"useTypeDefault": false
									},
									"disableMetricsCollection": false
								},
								"enableStaging": true,
								"stagingSettings": {
									"linkedServiceName": {
										"referenceName": "AzureBlobStorage1",
										"type": "LinkedServiceReference",
										"parameters": {
											"Container_Name": {
												"value": "@pipeline().globalParameters.Azure_Container_Name",
												"type": "Expression"
											}
										}
									},
									"path": {
										"value": "@concat(pipeline().globalParameters.Env,'/staging/Risk/Polybase_Auto')",
										"type": "Expression"
									},
									"enableCompression": false
								},
								"parallelCopies": 5
							},
							"inputs": [
								{
									"referenceName": "SQL_Staging",
									"type": "DatasetReference",
									"parameters": {
										"DatabaseName": {
											"value": "@pipeline().parameters.SQLServer_DatabaseName",
											"type": "Expression"
										},
										"ServerName": {
											"value": "@pipeline().parameters.SQL_Server_Name",
											"type": "Expression"
										},
										"UserName": {
											"value": "@pipeline().parameters.SQL_User_Name",
											"type": "Expression"
										},
										"SecretName": {
											"value": "@pipeline().parameters.SQL_Password_Secret_Name",
											"type": "Expression"
										}
									}
								}
							],
							"outputs": [
								{
									"referenceName": "Azure_DW",
									"type": "DatasetReference",
									"parameters": {
										"schema": {
											"value": "@item().target_schema",
											"type": "Expression"
										},
										"table": {
											"value": "@item().target_table",
											"type": "Expression"
										}
									}
								}
							]
						},
						{
							"name": "EDW - Handle Error",
							"type": "ExecutePipeline",
							"dependsOn": [
								{
									"activity": "Copy Staging",
									"dependencyConditions": [
										"Failed"
									]
								}
							],
							"userProperties": [],
							"typeProperties": {
								"pipeline": {
									"referenceName": "EDW - Handle Error",
									"type": "PipelineReference"
								},
								"waitOnCompletion": true,
								"parameters": {
									"ETL_LoadKey": {
										"value": "@pipeline().parameters.ETL_Load_Key",
										"type": "Expression"
									},
									"Failed_Activity_Name": {
										"value": "@concat('Run SQL server Source SP for ETL Load (id: ',pipeline().parameters.ETL_Load_Key,') run for ',pipeline().parameters.Source_System)",
										"type": "Expression"
									},
									"Failure_Message": {
										"value": "@activity('Copy Staging').Error.Message",
										"type": "Expression"
									},
									"Pipeline_Name": {
										"value": "@pipeline().Pipeline",
										"type": "Expression"
									},
									"Pipeline_Job_Run_Id": {
										"value": "@pipeline().parameters.Parent_Run_ID",
										"type": "Expression"
									},
									"Source_System": {
										"value": "@pipeline().parameters.Source_System",
										"type": "Expression"
									},
									"Load_Param": {
										"value": "@{pipeline().parameters.Load_Param}",
										"type": "Expression"
									}
								}
							}
						},
						{
							"name": "Set Dummy",
							"type": "SetVariable",
							"dependsOn": [
								{
									"activity": "Copy Staging",
									"dependencyConditions": [
										"Succeeded"
									]
								}
							],
							"userProperties": [],
							"typeProperties": {
								"variableName": "Dummy",
								"value": "T"
							}
						}
					]
				}
			}
		],
		"parameters": {
			"SQLServer_DatabaseName": {
				"type": "string"
			},
			"Batch_Date": {
				"type": "string"
			},
			"Parent_Run_ID": {
				"type": "string"
			},
			"ETL_Load_Key": {
				"type": "string"
			},
			"Source_System": {
				"type": "string"
			},
			"SQL_Server_Name": {
				"type": "string"
			},
			"SQL_User_Name": {
				"type": "string"
			},
			"SQL_Password_Secret_Name": {
				"type": "string"
			},
			"Load_Param": {
				"type": "string"
			},
			"Load_Type": {
				"type": "string"
			}
		},
		"variables": {
			"Dummy": {
				"type": "String"
			}
		},
		"folder": {
			"name": "Datawarehouse"
		},
		"annotations": [],
		"lastPublishTime": "2022-03-02T14:13:15Z"
	},
	"type": "Microsoft.DataFactory/factories/pipelines"
}