{
	"name": "EDW - RM Function App",
	"properties": {
		"activities": [
			{
				"name": "check until no errors OR max attempt reached",
				"type": "Until",
				"dependsOn": [
					{
						"activity": "Set Counter to 0",
						"dependencyConditions": [
							"Succeeded"
						]
					}
				],
				"userProperties": [],
				"typeProperties": {
					"expression": {
						"value": "@OR(equals(int(variables('Attempt')),5),equals(activity('Check RML Blend Log table for Error').output.count,0))",
						"type": "Expression"
					},
					"activities": [
						{
							"name": "EDW - Function App",
							"type": "ExecutePipeline",
							"dependsOn": [
								{
									"activity": "Set additional_params",
									"dependencyConditions": [
										"Succeeded"
									]
								}
							],
							"userProperties": [],
							"typeProperties": {
								"pipeline": {
									"referenceName": "EDW - Function App",
									"type": "PipelineReference"
								},
								"waitOnCompletion": true,
								"parameters": {
									"Batch_Date": {
										"value": "@pipeline().parameters.Batch_Date",
										"type": "Expression"
									},
									"Parent_Run_ID": {
										"value": "@pipeline().parameters.Parent_Run_ID",
										"type": "Expression"
									},
									"Source_System": {
										"value": "@pipeline().parameters.Source_System",
										"type": "Expression"
									},
									"ETL_Load_Key": {
										"value": "@pipeline().parameters.ETL_Load_Key",
										"type": "Expression"
									},
									"Function_Type": {
										"value": "@pipeline().parameters.Function_Type",
										"type": "Expression"
									},
									"Additional_Params": {
										"value": "@variables('Additional_params')",
										"type": "Expression"
									},
									"Attempt": {
										"value": "@variables('Attempt')",
										"type": "Expression"
									},
									"Load_Param": {
										"value": "@pipeline().parameters.Load_Param",
										"type": "Expression"
									},
									"Load_Type": {
										"value": "@pipeline().parameters.Load_Type",
										"type": "Expression"
									}
								}
							}
						},
						{
							"name": "Check RML Blend Log table for Error",
							"type": "Lookup",
							"dependsOn": [
								{
									"activity": "Get Retry_Include_Warning",
									"dependencyConditions": [
										"Succeeded"
									]
								}
							],
							"policy": {
								"timeout": "7.00:00:00",
								"retry": 0,
								"retryIntervalInSeconds": 30,
								"secureOutput": false,
								"secureInput": false
							},
							"userProperties": [],
							"typeProperties": {
								"source": {
									"type": "SqlDWSource",
									"sqlReaderStoredProcedureName": "[EDW_ETL].[Get_RML_Blend_Log_Error_Warning]",
									"storedProcedureParameters": {
										"attempt": {
											"type": "Int32",
											"value": {
												"value": "@variables('Attempt')",
												"type": "Expression"
											}
										},
										"ETL_Load_Key": {
											"type": "Int32",
											"value": {
												"value": "@pipeline().parameters.ETL_Load_Key",
												"type": "Expression"
											}
										},
										"Source_System": {
											"type": "String",
											"value": {
												"value": "@pipeline().parameters.Source_System",
												"type": "Expression"
											}
										},
										"top_level": {
											"type": "String",
											"value": {
												"value": "@pipeline().parameters.Top_Level",
												"type": "Expression"
											}
										},
										"Include_Warning": {
											"type": "Int32",
											"value": {
												"value": "@activity('Get Retry_Include_Warning').output.firstRow.Retry_Include_Warning",
												"type": "Expression"
											}
										}
									},
									"queryTimeout": "02:00:00",
									"partitionOption": "None"
								},
								"dataset": {
									"referenceName": "Azure_DW",
									"type": "DatasetReference",
									"parameters": {
										"schema": "EDW_ETL",
										"table": "RML_Blend_log"
									}
								},
								"firstRowOnly": false
							}
						},
						{
							"name": "Set Attempt",
							"type": "SetVariable",
							"dependsOn": [
								{
									"activity": "Wait",
									"dependencyConditions": [
										"Succeeded"
									]
								}
							],
							"policy": {
								"secureOutput": false,
								"secureInput": false
							},
							"userProperties": [],
							"typeProperties": {
								"variableName": "Attempt",
								"value": {
									"value": "@string(add(int(variables('Counter')),1))",
									"type": "Expression"
								}
							}
						},
						{
							"name": "Set Counter",
							"type": "SetVariable",
							"dependsOn": [
								{
									"activity": "Set Attempt",
									"dependencyConditions": [
										"Succeeded"
									]
								}
							],
							"policy": {
								"secureOutput": false,
								"secureInput": false
							},
							"userProperties": [],
							"typeProperties": {
								"variableName": "Counter",
								"value": {
									"value": "@variables('Attempt')",
									"type": "Expression"
								}
							}
						},
						{
							"name": "Set additional_params",
							"type": "SetVariable",
							"dependsOn": [
								{
									"activity": "Set Counter",
									"dependencyConditions": [
										"Succeeded"
									]
								}
							],
							"policy": {
								"secureOutput": false,
								"secureInput": false
							},
							"userProperties": [],
							"typeProperties": {
								"variableName": "Additional_params",
								"value": {
									"value": "@concat('\"attempt\": ''',variables('Attempt'),''' \n, \"topLevel\": ''',pipeline().parameters.Top_Level,'''\n')",
									"type": "Expression"
								}
							}
						},
						{
							"name": "Wait",
							"type": "Wait",
							"dependsOn": [],
							"userProperties": [],
							"typeProperties": {
								"waitTimeInSeconds": 60
							}
						},
						{
							"name": "Get Retry_Include_Warning",
							"type": "Lookup",
							"dependsOn": [
								{
									"activity": "EDW - Function App",
									"dependencyConditions": [
										"Succeeded"
									]
								}
							],
							"policy": {
								"timeout": "7.00:00:00",
								"retry": 0,
								"retryIntervalInSeconds": 30,
								"secureOutput": false,
								"secureInput": false
							},
							"userProperties": [],
							"typeProperties": {
								"source": {
									"type": "SqlDWSource",
									"sqlReaderQuery": {
										"value": "@concat('SELECT distinct Retry_Include_Warning\n\t\tFROM [EDW_Config].[Ref_Function_App_Param]\n\t\twhere Source_System = ''', pipeline().parameters.Source_System,''' '\n)",
										"type": "Expression"
									},
									"queryTimeout": "02:00:00",
									"partitionOption": "None"
								},
								"dataset": {
									"referenceName": "Azure_ConfigDB",
									"type": "DatasetReference",
									"parameters": {
										"schema": "EDW_Config",
										"table": "Ref_Function_App_Param"
									}
								},
								"firstRowOnly": true
							}
						}
					],
					"timeout": "7.00:00:00"
				}
			},
			{
				"name": "Set Attempt to 0",
				"type": "SetVariable",
				"dependsOn": [],
				"policy": {
					"secureOutput": false,
					"secureInput": false
				},
				"userProperties": [],
				"typeProperties": {
					"variableName": "Attempt",
					"value": "0"
				}
			},
			{
				"name": "Set Counter to 0",
				"type": "SetVariable",
				"dependsOn": [
					{
						"activity": "Set Attempt to 0",
						"dependencyConditions": [
							"Succeeded"
						]
					}
				],
				"policy": {
					"secureOutput": false,
					"secureInput": false
				},
				"userProperties": [],
				"typeProperties": {
					"variableName": "Counter",
					"value": "0"
				}
			}
		],
		"parameters": {
			"Batch_Date": {
				"type": "string",
				"defaultValue": "20220228"
			},
			"Parent_Run_ID": {
				"type": "string",
				"defaultValue": "1"
			},
			"Source_System": {
				"type": "string",
				"defaultValue": "RML_BLEND"
			},
			"ETL_Load_Key": {
				"type": "string"
			},
			"Function_Type": {
				"type": "string",
				"defaultValue": "UPLOAD_PORTFOLIO_BLEND"
			},
			"Top_Level": {
				"type": "string"
			},
			"Load_Param": {
				"type": "string"
			},
			"Load_Type": {
				"type": "string",
				"defaultValue": "Delta"
			}
		},
		"variables": {
			"FA_Body": {
				"type": "String"
			},
			"Dummy_Variable": {
				"type": "String"
			},
			"Attempt": {
				"type": "String"
			},
			"Counter": {
				"type": "String"
			},
			"Additional_params": {
				"type": "String"
			}
		},
		"folder": {
			"name": "Datawarehouse/Risk Manager"
		},
		"annotations": []
	}
}