{
	"name": "EDW Load - Check Eagle Deletion By Dates",
	"properties": {
		"activities": [
			{
				"name": "Get Current Load Dates",
				"type": "Lookup",
				"dependsOn": [
					{
						"activity": "No running job - start new load",
						"dependencyConditions": [
							"Succeeded"
						]
					}
				],
				"policy": {
					"timeout": "7.00:00:00",
					"retry": 0,
					"retryIntervalInSeconds": 30,
					"secureOutput": false,
					"secureInput": false
				},
				"userProperties": [],
				"typeProperties": {
					"source": {
						"type": "SqlDWSource",
						"sqlReaderQuery": {
							"value": "@concat('SELECT ETL_Load_Key,\n      replace(convert(varchar, [Batch_Date],102),''.'',''-'') as [Batch_Date]\n  FROM [EDW_ETL].ETL_Load\n  where [Load_Status] = ''Started''\n  and [Source_System] = ''', pipeline().parameters.Source_System, ''' \n  and ETL_Load_Key <> ',string(activity('Get Current In Progess job').output.firstRow.ETL_Load_Key),' Order by Batch_Date asc')",
							"type": "Expression"
						},
						"queryTimeout": "02:00:00",
						"partitionOption": "None"
					},
					"dataset": {
						"referenceName": "Azure_ConfigDB",
						"type": "DatasetReference",
						"parameters": {
							"schema": "EDW_ETL",
							"table": "ETL_Load"
						}
					},
					"firstRowOnly": false
				}
			},
			{
				"name": "For Each Load",
				"type": "ForEach",
				"dependsOn": [
					{
						"activity": "Get Current Load Dates",
						"dependencyConditions": [
							"Succeeded"
						]
					}
				],
				"userProperties": [],
				"typeProperties": {
					"items": {
						"value": "@activity('Get Current Load Dates').output.value",
						"type": "Expression"
					},
					"isSequential": true,
					"activities": [
						{
							"name": "Set Load Success",
							"type": "SqlServerStoredProcedure",
							"dependsOn": [
								{
									"activity": "EDW - PSA Check Source Deletion",
									"dependencyConditions": [
										"Succeeded"
									]
								}
							],
							"policy": {
								"timeout": "7.00:00:00",
								"retry": 0,
								"retryIntervalInSeconds": 30,
								"secureOutput": false,
								"secureInput": false
							},
							"userProperties": [],
							"typeProperties": {
								"storedProcedureName": "[EDW_ETL].[Update_ETL_Load_Status]",
								"storedProcedureParameters": {
									"ETL_Load_Key": {
										"value": {
											"value": "@item().ETL_Load_Key",
											"type": "Expression"
										},
										"type": "Int32"
									},
									"Status": {
										"value": {
											"value": "Completed",
											"type": "Expression"
										},
										"type": "String"
									}
								}
							},
							"linkedServiceName": {
								"referenceName": "AzureConfigDB",
								"type": "LinkedServiceReference"
							}
						},
						{
							"name": "Set Current ETL_Load_Key",
							"type": "SetVariable",
							"dependsOn": [
								{
									"activity": "Set Batch Date",
									"dependencyConditions": [
										"Succeeded"
									]
								}
							],
							"userProperties": [],
							"typeProperties": {
								"variableName": "ETL_Load_Key",
								"value": {
									"value": "@string(item().ETL_Load_Key)",
									"type": "Expression"
								}
							}
						},
						{
							"name": "Set Load In Progress",
							"type": "SqlServerStoredProcedure",
							"dependsOn": [
								{
									"activity": "Set Current ETL_Load_Key",
									"dependencyConditions": [
										"Succeeded"
									]
								}
							],
							"policy": {
								"timeout": "7.00:00:00",
								"retry": 0,
								"retryIntervalInSeconds": 30,
								"secureOutput": false,
								"secureInput": false
							},
							"userProperties": [],
							"typeProperties": {
								"storedProcedureName": "[EDW_ETL].[Update_ETL_Load_Status]",
								"storedProcedureParameters": {
									"ETL_Load_Key": {
										"value": {
											"value": "@item().ETL_Load_Key",
											"type": "Expression"
										},
										"type": "Int32"
									},
									"Status": {
										"value": {
											"value": "In_Progress",
											"type": "Expression"
										},
										"type": "String"
									}
								}
							},
							"linkedServiceName": {
								"referenceName": "AzureConfigDB",
								"type": "LinkedServiceReference"
							}
						},
						{
							"name": "EDW - PSA Check Source Deletion",
							"type": "ExecutePipeline",
							"dependsOn": [
								{
									"activity": "Set Load In Progress",
									"dependencyConditions": [
										"Succeeded"
									]
								}
							],
							"userProperties": [],
							"typeProperties": {
								"pipeline": {
									"referenceName": "EDW - PSA Check Source Deletion by Date",
									"type": "PipelineReference"
								},
								"waitOnCompletion": true,
								"parameters": {
									"Source_System": {
										"value": "@pipeline().parameters.Source_System",
										"type": "Expression"
									},
									"LoadType": {
										"value": "@pipeline().parameters.Load_Type",
										"type": "Expression"
									},
									"ETL_LoadKey": {
										"value": "@item().ETL_Load_Key",
										"type": "Expression"
									},
									"Parent_Run_ID": {
										"value": "@pipeline().RunId",
										"type": "Expression"
									},
									"Check_Deletion_Type": "ONDEMAND",
									"Batch_Date": {
										"value": "@item().Batch_Date",
										"type": "Expression"
									}
								}
							}
						},
						{
							"name": "Set Batch Date",
							"type": "SetVariable",
							"dependsOn": [],
							"userProperties": [],
							"typeProperties": {
								"variableName": "Batch_Date",
								"value": {
									"value": "@item().Batch_Date",
									"type": "Expression"
								}
							}
						}
					]
				}
			},
			{
				"name": "Check current load error log",
				"type": "Lookup",
				"dependsOn": [
					{
						"activity": "For Each Load",
						"dependencyConditions": [
							"Failed"
						]
					}
				],
				"policy": {
					"timeout": "7.00:00:00",
					"retry": 0,
					"retryIntervalInSeconds": 30,
					"secureOutput": false,
					"secureInput": false
				},
				"userProperties": [],
				"typeProperties": {
					"source": {
						"type": "SqlDWSource",
						"sqlReaderQuery": {
							"value": "@concat('SELECT count(*) Num_Of_Rows\nFROM [EDW_ETL].[ETL_Load_Errors]\nWhere ETL_Load_Key = ',variables('ETL_Load_Key'))",
							"type": "Expression"
						},
						"queryTimeout": "02:00:00",
						"partitionOption": "None"
					},
					"dataset": {
						"referenceName": "Azure_ConfigDB",
						"type": "DatasetReference",
						"parameters": {
							"schema": "EDW_ETL",
							"table": "ETL_Load_Errors"
						}
					},
					"firstRowOnly": true
				}
			},
			{
				"name": "If no error handled set load fail and send email",
				"type": "IfCondition",
				"dependsOn": [
					{
						"activity": "Check current load error log",
						"dependencyConditions": [
							"Succeeded"
						]
					}
				],
				"userProperties": [],
				"typeProperties": {
					"expression": {
						"value": "@equals(activity('Check current load error log').output.firstRow.Num_Of_Rows,0)",
						"type": "Expression"
					},
					"ifTrueActivities": [
						{
							"name": "EDW - Handle Error",
							"type": "ExecutePipeline",
							"dependsOn": [],
							"userProperties": [],
							"typeProperties": {
								"pipeline": {
									"referenceName": "EDW - Handle Error",
									"type": "PipelineReference"
								},
								"waitOnCompletion": true,
								"parameters": {
									"ETL_LoadKey": {
										"value": "@variables('ETL_Load_Key')",
										"type": "Expression"
									},
									"Failed_Activity_Name": "ETL Load Main",
									"Failure_Message": "Un-handled pipeline error",
									"Pipeline_Name": "EDW Load - Main",
									"Pipeline_Job_Run_Id": {
										"value": "@pipeline().RunId",
										"type": "Expression"
									},
									"Source_System": {
										"value": "@pipeline().parameters.Source_System",
										"type": "Expression"
									}
								}
							}
						}
					]
				}
			},
			{
				"name": "Get Current In Progess job",
				"type": "Lookup",
				"dependsOn": [],
				"policy": {
					"timeout": "7.00:00:00",
					"retry": 0,
					"retryIntervalInSeconds": 30,
					"secureOutput": false,
					"secureInput": false
				},
				"userProperties": [],
				"typeProperties": {
					"source": {
						"type": "SqlDWSource",
						"sqlReaderQuery": {
							"value": "@concat('Select coalesce(l.ETL_Load_Key, d.ETL_Load_Key) ETL_Load_Key \nFrom (\n\t\tSelect 1 dummy, -1 ETL_Load_Key\n\t) d\n\tLeft Join \n\t(\n\t  SELECT 1 dummy, ETL_Load_Key\n\t  FROM [EDW_ETL].ETL_Load\n  where [Load_Status] in (''In_Progress'', ''Started'')\n  and [Source_System] = ''', pipeline().parameters.Source_System, ''' \n  and Load_Type = ''',pipeline().parameters.Load_Type,''' \n\t) l on d.dummy = l.dummy ')",
							"type": "Expression"
						},
						"queryTimeout": "02:00:00",
						"partitionOption": "None"
					},
					"dataset": {
						"referenceName": "Azure_ConfigDB",
						"type": "DatasetReference",
						"parameters": {
							"schema": "EDW_ETL",
							"table": "ETL_Load"
						}
					},
					"firstRowOnly": true
				}
			},
			{
				"name": "No running job - start new load",
				"type": "IfCondition",
				"dependsOn": [
					{
						"activity": "Get Current In Progess job",
						"dependencyConditions": [
							"Succeeded"
						]
					}
				],
				"userProperties": [],
				"typeProperties": {
					"expression": {
						"value": "@equals(activity('Get Current In Progess job').output.firstRow.ETL_Load_Key, -1)",
						"type": "Expression"
					},
					"ifFalseActivities": [
						{
							"name": "EDW - Handle Error for new load",
							"type": "ExecutePipeline",
							"dependsOn": [],
							"userProperties": [],
							"typeProperties": {
								"pipeline": {
									"referenceName": "EDW - Handle Error",
									"type": "PipelineReference"
								},
								"waitOnCompletion": true,
								"parameters": {
									"ETL_LoadKey": "-1",
									"Failed_Activity_Name": "Start new load",
									"Failure_Message": "There is a same load job running, skip this load",
									"Pipeline_Name": "EDW Load - Main",
									"Pipeline_Job_Run_Id": {
										"value": "@pipeline().RunId",
										"type": "Expression"
									},
									"Source_System": {
										"value": "@pipeline().parameters.Source_System",
										"type": "Expression"
									}
								}
							}
						},
						{
							"name": "Throw Error again for ADF to catch",
							"type": "SqlServerStoredProcedure",
							"dependsOn": [
								{
									"activity": "EDW - Handle Error for new load",
									"dependencyConditions": [
										"Succeeded"
									]
								}
							],
							"policy": {
								"timeout": "7.00:00:00",
								"retry": 0,
								"retryIntervalInSeconds": 30,
								"secureOutput": false,
								"secureInput": false
							},
							"userProperties": [],
							"typeProperties": {
								"storedProcedureName": {
									"value": "EDW_ETL.ADF_Throw_Error",
									"type": "Expression"
								}
							},
							"linkedServiceName": {
								"referenceName": "AzureConfigDB",
								"type": "LinkedServiceReference"
							}
						}
					],
					"ifTrueActivities": [
						{
							"name": "Start New Load",
							"type": "SqlServerStoredProcedure",
							"dependsOn": [],
							"policy": {
								"timeout": "7.00:00:00",
								"retry": 0,
								"retryIntervalInSeconds": 30,
								"secureOutput": false,
								"secureInput": false
							},
							"userProperties": [],
							"typeProperties": {
								"storedProcedureName": "[EDW_ETL].[Start_New_Load]",
								"storedProcedureParameters": {
									"Batch_Date": {
										"value": {
											"value": "@pipeline().parameters.Batch_Date",
											"type": "Expression"
										},
										"type": "String"
									},
									"Source_System": {
										"value": {
											"value": "@pipeline().parameters.Source_System",
											"type": "Expression"
										},
										"type": "String"
									},
									"Load_Type": {
										"value": {
											"value": "@pipeline().parameters.Load_Type",
											"type": "Expression"
										},
										"type": "String"
									},
									"Run_Pipeline_Id": {
										"value": {
											"value": "@pipeline().RunId",
											"type": "Expression"
										},
										"type": "String"
									}
								}
							},
							"linkedServiceName": {
								"referenceName": "AzureConfigDB",
								"type": "LinkedServiceReference"
							}
						}
					]
				}
			},
			{
				"name": "Check if SSAS refresh to run",
				"type": "IfCondition",
				"dependsOn": [
					{
						"activity": "Get SSAS refresh source system list",
						"dependencyConditions": [
							"Succeeded"
						]
					}
				],
				"userProperties": [],
				"typeProperties": {
					"expression": {
						"value": "@contains(toUpper(activity('Get SSAS refresh source system list').output.firstRow.Source_System_List), concat(',',toUpper(pipeline().parameters.Source_System),','))",
						"type": "Expression"
					},
					"ifTrueActivities": [
						{
							"name": "Risk - DW_Refresh_SSAS",
							"type": "ExecutePipeline",
							"dependsOn": [],
							"userProperties": [],
							"typeProperties": {
								"pipeline": {
									"referenceName": "EDW - DW_Refresh_SSAS",
									"type": "PipelineReference"
								},
								"waitOnCompletion": true,
								"parameters": {
									"Parent_Run_ID": {
										"value": "@pipeline().RunId",
										"type": "Expression"
									},
									"Source_System": "PSA_Eagle"
								}
							}
						}
					]
				}
			},
			{
				"name": "Get SSAS refresh source system list",
				"type": "Lookup",
				"dependsOn": [
					{
						"activity": "ForEach Source System",
						"dependencyConditions": [
							"Succeeded"
						]
					}
				],
				"policy": {
					"timeout": "7.00:00:00",
					"retry": 0,
					"retryIntervalInSeconds": 30,
					"secureOutput": false,
					"secureInput": false
				},
				"userProperties": [],
				"typeProperties": {
					"source": {
						"type": "SqlDWSource",
						"sqlReaderQuery": "    Select ',' + String_Agg(Source_System, ',') + ','  Source_System_List\n  From ( Select Distinct Source_System From EDW_ETL.Ref_SSAS_Table_Refresh ) a",
						"queryTimeout": "02:00:00",
						"partitionOption": "None"
					},
					"dataset": {
						"referenceName": "Azure_ConfigDB",
						"type": "DatasetReference",
						"parameters": {
							"schema": "DataWarehouse_DVMART",
							"table": "Ref_SSAS_Table_Refresh"
						}
					}
				}
			},
			{
				"name": "Get Source System to reload DM layer",
				"type": "Lookup",
				"dependsOn": [
					{
						"activity": "For Each Load",
						"dependencyConditions": [
							"Succeeded"
						]
					}
				],
				"policy": {
					"timeout": "7.00:00:00",
					"retry": 0,
					"retryIntervalInSeconds": 30,
					"secureOutput": false,
					"secureInput": false
				},
				"userProperties": [],
				"typeProperties": {
					"source": {
						"type": "SqlDWSource",
						"sqlReaderQuery": {
							"value": "@concat('Select Distinct Source_System \nFrom [PSA].[Ref_Load_Process]\nWhere Source_Table_Name in (\n\tSelect Source_Table_Name\n\tFrom  [PSA].[Ref_Load_Process]\n\tWhere Source_System = ''', pipeline().parameters.Source_System, ''' and Is_Enabled = 1\n) ')",
							"type": "Expression"
						},
						"queryTimeout": "02:00:00",
						"partitionOption": "None"
					},
					"dataset": {
						"referenceName": "Azure_DW",
						"type": "DatasetReference",
						"parameters": {
							"schema": "EDW_ETL",
							"table": "ETL_Load"
						}
					},
					"firstRowOnly": false
				}
			},
			{
				"name": "ForEach Source System",
				"type": "ForEach",
				"dependsOn": [
					{
						"activity": "Get Source System to reload DM layer",
						"dependencyConditions": [
							"Succeeded"
						]
					}
				],
				"userProperties": [],
				"typeProperties": {
					"items": {
						"value": "@activity('Get Source System to reload DM layer').output.value",
						"type": "Expression"
					},
					"activities": [
						{
							"name": "Load Dimension Fact tables",
							"type": "ExecutePipeline",
							"dependsOn": [],
							"userProperties": [],
							"typeProperties": {
								"pipeline": {
									"referenceName": "EDW Load - Load DM",
									"type": "PipelineReference"
								},
								"waitOnCompletion": true,
								"parameters": {
									"Source_System": {
										"value": "@item().Source_System",
										"type": "Expression"
									},
									"ETL_Load_Key": {
										"value": "@variables('ETL_Load_Key')",
										"type": "Expression"
									},
									"Parent_Run_ID": {
										"value": "@pipeline().RunId",
										"type": "Expression"
									},
									"Load_Type": {
										"value": "@pipeline().parameters.Load_Type",
										"type": "Expression"
									},
									"Batch_DTS": {
										"value": "@variables('Batch_Date')",
										"type": "Expression"
									}
								}
							}
						}
					]
				}
			}
		],
		"parameters": {
			"Source_System": {
				"type": "string",
				"defaultValue": "PSA_Eagle_Deletion_Check"
			},
			"Load_Type": {
				"type": "string",
				"defaultValue": "ONDEMAND"
			},
			"Batch_Date": {
				"type": "string",
				"defaultValue": "2022-06-30"
			}
		},
		"variables": {
			"table_Name": {
				"type": "String"
			},
			"ETL_Load_Key": {
				"type": "String"
			},
			"Batch_Date": {
				"type": "String"
			}
		},
		"folder": {
			"name": "Datawarehouse/Utilities/Eagle Delta Deletion/Run_For_Dates"
		},
		"annotations": [],
		"lastPublishTime": "2022-02-23T19:49:50Z"
	},
	"type": "Microsoft.DataFactory/factories/pipelines"
}