{
	"name": "EDW - Run Source SP to load",
	"properties": {
		"activities": [
			{
				"name": "run sequencial",
				"type": "ForEach",
				"dependsOn": [
					{
						"activity": "Get Sequencial run SPs",
						"dependencyConditions": [
							"Succeeded"
						]
					}
				],
				"userProperties": [],
				"typeProperties": {
					"items": {
						"value": "@activity('Get Sequencial run SPs').output.value",
						"type": "Expression"
					},
					"isSequential": true,
					"activities": [
						{
							"name": "EDW - Handle Error",
							"type": "ExecutePipeline",
							"dependsOn": [
								{
									"activity": "Run SP on source DB",
									"dependencyConditions": [
										"Failed"
									]
								}
							],
							"userProperties": [],
							"typeProperties": {
								"pipeline": {
									"referenceName": "EDW - Handle Error",
									"type": "PipelineReference"
								},
								"waitOnCompletion": true,
								"parameters": {
									"ETL_LoadKey": {
										"value": "@pipeline().parameters.ETL_Load_Key",
										"type": "Expression"
									},
									"Failed_Activity_Name": {
										"value": "@concat('Run SQL server Source SP for ETL Load (id: ',pipeline().parameters.ETL_Load_Key,') run for ',pipeline().parameters.Source_System)",
										"type": "Expression"
									},
									"Failure_Message": {
										"value": "@concat('Please investigate stored procs: ', item().SP_Name)",
										"type": "Expression"
									},
									"Pipeline_Name": {
										"value": "@pipeline().Pipeline",
										"type": "Expression"
									},
									"Pipeline_Job_Run_Id": {
										"value": "@pipeline().parameters.Parent_Run_ID",
										"type": "Expression"
									},
									"Source_System": {
										"value": "@pipeline().parameters.Source_System",
										"type": "Expression"
									}
								}
							}
						},
						{
							"name": "Run SP on source DB",
							"type": "Lookup",
							"dependsOn": [],
							"policy": {
								"timeout": "7.00:00:00",
								"retry": 0,
								"retryIntervalInSeconds": 30,
								"secureOutput": false,
								"secureInput": false
							},
							"userProperties": [],
							"typeProperties": {
								"source": {
									"type": "SqlServerSource",
									"sqlReaderQuery": {
										"value": "@concat('Begin \n\t    exec ',item().SP_Name, ' ',item().Para_Value, '  \n        Select ''Success'' as Status \n    End ')",
										"type": "Expression"
									},
									"queryTimeout": "02:00:00",
									"partitionOption": "None"
								},
								"dataset": {
									"referenceName": "SQL_Staging",
									"type": "DatasetReference",
									"parameters": {
										"DatabaseName": {
											"value": "@item().Source_DB",
											"type": "Expression"
										},
										"ServerName": {
											"value": "@pipeline().parameters.SQL_Server_Name",
											"type": "Expression"
										},
										"UserName": {
											"value": "@pipeline().parameters.SQL_User_Name",
											"type": "Expression"
										},
										"SecretName": {
											"value": "@pipeline().parameters.SQL_Password_Secret_Name",
											"type": "Expression"
										}
									}
								}
							}
						},
						{
							"name": "Wait 1 min for DB Commit",
							"type": "Wait",
							"dependsOn": [
								{
									"activity": "Run SP on source DB",
									"dependencyConditions": [
										"Succeeded"
									]
								}
							],
							"userProperties": [],
							"typeProperties": {
								"waitTimeInSeconds": 60
							}
						}
					]
				}
			},
			{
				"name": "Get parrellel run SPs",
				"type": "Lookup",
				"dependsOn": [],
				"policy": {
					"timeout": "7.00:00:00",
					"retry": 0,
					"retryIntervalInSeconds": 30,
					"secureOutput": false,
					"secureInput": false
				},
				"userProperties": [],
				"typeProperties": {
					"source": {
						"type": "SqlDWSource",
						"sqlReaderStoredProcedureName": "EDW_ETL.Get_Source_SP_Detail",
						"storedProcedureParameters": {
							"Batch_Date": {
								"type": "DateTime",
								"value": {
									"value": "@pipeline().parameters.SP_Para_List",
									"type": "Expression"
								}
							},
							"Load_Type": {
								"type": "String",
								"value": {
									"value": "@pipeline().parameters.Load_Type",
									"type": "Expression"
								}
							},
							"Sequencial_Run_Flag": {
								"type": "Int16",
								"value": "0"
							},
							"Source_System": {
								"type": "String",
								"value": {
									"value": "@pipeline().parameters.Source_System",
									"type": "Expression"
								}
							},
							"Run_Priority": {
								"type": "Int16",
								"value": {
									"value": "@pipeline().parameters.Run_Priority",
									"type": "Expression"
								}
							}
						},
						"queryTimeout": "02:00:00",
						"partitionOption": "None"
					},
					"dataset": {
						"referenceName": "Azure_ConfigDB",
						"type": "DatasetReference",
						"parameters": {
							"schema": "EDW_ETL",
							"table": "Get_Source_SP_Detail"
						}
					},
					"firstRowOnly": false
				}
			},
			{
				"name": "Run parrellel",
				"type": "ForEach",
				"dependsOn": [
					{
						"activity": "Get parrellel run SPs",
						"dependencyConditions": [
							"Succeeded"
						]
					}
				],
				"userProperties": [],
				"typeProperties": {
					"items": {
						"value": "@activity('Get parrellel run SPs').output.value",
						"type": "Expression"
					},
					"isSequential": false,
					"batchCount": 3,
					"activities": [
						{
							"name": "Set Dummy_copy1",
							"type": "SetVariable",
							"dependsOn": [
								{
									"activity": "Run Parrellel SP on source DB",
									"dependencyConditions": [
										"Succeeded"
									]
								}
							],
							"userProperties": [],
							"typeProperties": {
								"variableName": "Dummy",
								"value": "T"
							}
						},
						{
							"name": "EDW - Handle Error_copy1",
							"type": "ExecutePipeline",
							"dependsOn": [
								{
									"activity": "Run Parrellel SP on source DB",
									"dependencyConditions": [
										"Failed"
									]
								}
							],
							"userProperties": [],
							"typeProperties": {
								"pipeline": {
									"referenceName": "EDW - Handle Error",
									"type": "PipelineReference"
								},
								"waitOnCompletion": true,
								"parameters": {
									"ETL_LoadKey": {
										"value": "@pipeline().parameters.ETL_Load_Key",
										"type": "Expression"
									},
									"Failed_Activity_Name": {
										"value": "@concat('Run SQL server Source SP for ETL Load (id: ',pipeline().parameters.ETL_Load_Key,') run for ',pipeline().parameters.Source_System)",
										"type": "Expression"
									},
									"Failure_Message": {
										"value": "@concat('Please investigate stored procs: ', item().SP_Name)",
										"type": "Expression"
									},
									"Pipeline_Name": {
										"value": "@pipeline().Pipeline",
										"type": "Expression"
									},
									"Pipeline_Job_Run_Id": {
										"value": "@pipeline().parameters.Parent_Run_ID",
										"type": "Expression"
									},
									"Source_System": {
										"value": "@pipeline().parameters.Source_System",
										"type": "Expression"
									}
								}
							}
						},
						{
							"name": "Run Parrellel SP on source DB",
							"type": "Lookup",
							"dependsOn": [],
							"policy": {
								"timeout": "7.00:00:00",
								"retry": 0,
								"retryIntervalInSeconds": 30,
								"secureOutput": false,
								"secureInput": false
							},
							"userProperties": [],
							"typeProperties": {
								"source": {
									"type": "SqlServerSource",
									"sqlReaderQuery": {
										"value": "@concat('Begin\n\texec ',item().SP_Name, ' ', item().Para_Value, '\n\tSelect ''Success'' as Status\nEnd ')",
										"type": "Expression"
									},
									"queryTimeout": "02:00:00",
									"partitionOption": "None"
								},
								"dataset": {
									"referenceName": "SQL_Staging",
									"type": "DatasetReference",
									"parameters": {
										"DatabaseName": {
											"value": "@item().Source_DB",
											"type": "Expression"
										},
										"ServerName": {
											"value": "@pipeline().parameters.SQL_Server_Name",
											"type": "Expression"
										},
										"UserName": {
											"value": "@pipeline().parameters.SQL_User_Name",
											"type": "Expression"
										},
										"SecretName": {
											"value": "@pipeline().parameters.SQL_Password_Secret_Name",
											"type": "Expression"
										}
									}
								}
							}
						}
					]
				}
			},
			{
				"name": "Get Sequencial run SPs",
				"type": "Lookup",
				"dependsOn": [
					{
						"activity": "Run parrellel",
						"dependencyConditions": [
							"Succeeded"
						]
					}
				],
				"policy": {
					"timeout": "7.00:00:00",
					"retry": 0,
					"retryIntervalInSeconds": 30,
					"secureOutput": false,
					"secureInput": false
				},
				"userProperties": [],
				"typeProperties": {
					"source": {
						"type": "SqlDWSource",
						"sqlReaderStoredProcedureName": "EDW_ETL.Get_Source_SP_Detail",
						"storedProcedureParameters": {
							"Batch_Date": {
								"type": "DateTime",
								"value": {
									"value": "@pipeline().parameters.SP_Para_List",
									"type": "Expression"
								}
							},
							"Load_Type": {
								"type": "String",
								"value": {
									"value": "@pipeline().parameters.Load_Type",
									"type": "Expression"
								}
							},
							"Sequencial_Run_Flag": {
								"type": "Int16",
								"value": "1"
							},
							"Source_System": {
								"type": "String",
								"value": {
									"value": "@pipeline().parameters.Source_System",
									"type": "Expression"
								}
							},
							"Run_Priority": {
								"type": "Int16",
								"value": {
									"value": "@pipeline().parameters.Run_Priority",
									"type": "Expression"
								}
							}
						},
						"queryTimeout": "02:00:00",
						"partitionOption": "None"
					},
					"dataset": {
						"referenceName": "Azure_ConfigDB",
						"type": "DatasetReference",
						"parameters": {
							"schema": "EDW_ETL",
							"table": "Get_Source_SP_Detail"
						}
					},
					"firstRowOnly": false
				}
			}
		],
		"parameters": {
			"SP_Para_List": {
				"type": "string",
				"defaultValue": "2000-01-01"
			},
			"Parent_Run_ID": {
				"type": "string",
				"defaultValue": "1"
			},
			"ETL_Load_Key": {
				"type": "string",
				"defaultValue": "1"
			},
			"Source_System": {
				"type": "string",
				"defaultValue": "PSA_IPS_Limit"
			},
			"Load_Type": {
				"type": "string",
				"defaultValue": "DELTA"
			},
			"SQL_Server_Name": {
				"type": "string"
			},
			"SQL_User_Name": {
				"type": "string"
			},
			"SQL_Password_Secret_Name": {
				"type": "string"
			},
			"Run_Priority": {
				"type": "string"
			}
		},
		"variables": {
			"Dummy": {
				"type": "String"
			},
			"vParaList": {
				"type": "String"
			}
		},
		"folder": {
			"name": "Datawarehouse/SQL Server Load"
		},
		"annotations": [],
		"lastPublishTime": "2022-02-23T19:49:49Z"
	},
	"type": "Microsoft.DataFactory/factories/pipelines"
}