{
	"name": "EDW ETL Load to Failed",
	"properties": {
		"activities": [
			{
				"name": "Update_ETL_Load_Status",
				"type": "SqlServerStoredProcedure",
				"dependsOn": [],
				"policy": {
					"timeout": "0.12:00:00",
					"retry": 0,
					"retryIntervalInSeconds": 30,
					"secureOutput": false,
					"secureInput": false
				},
				"userProperties": [],
				"typeProperties": {
					"storedProcedureName": "[EDW_ETL].[Update_ETL_Load_Status_Failed_by_Load_Type]",
					"storedProcedureParameters": {
						"SourceSystem": {
							"value": {
								"value": "@pipeline().parameters.Source_System",
								"type": "Expression"
							},
							"type": "String"
						},
						"Load_Type": {
							"value": {
								"value": "@pipeline().parameters.LoadType",
								"type": "Expression"
							},
							"type": "String"
						},
						"ETL_Load_Key": {
							"value": {
								"value": "@pipeline().parameters.ETL_LoadKey",
								"type": "Expression"
							},
							"type": "Int64"
						},
						"Load_Param": {
							"value": {
								"value": "@pipeline().parameters.Load_Param",
								"type": "Expression"
							},
							"type": "String"
						}
					}
				},
				"linkedServiceName": {
					"referenceName": "AzureConfigDB",
					"type": "LinkedServiceReference"
				}
			}
		],
		"parameters": {
			"Source_System": {
				"type": "string"
			},
			"LoadType": {
				"type": "string"
			},
			"ETL_LoadKey": {
				"type": "string"
			},
			"Load_Param": {
				"type": "string"
			}
		},
		"variables": {
			"cancel_job_url": {
				"type": "String"
			},
			"email_subject": {
				"type": "String"
			},
			"email_body": {
				"type": "String"
			},
			"Load_Dts": {
				"type": "String"
			},
			"Dummy": {
				"type": "String"
			},
			"Error_Message": {
				"type": "String"
			}
		},
		"folder": {
			"name": "Datawarehouse/Utilities"
		},
		"annotations": [],
		"lastPublishTime": "2022-03-02T14:13:15Z"
	},
	"type": "Microsoft.DataFactory/factories/pipelines"
}