{
	"name": "EDW  DQ",
	"properties": {
		"activities": [
			{
				"name": "Get DQ Config",
				"type": "Lookup",
				"dependsOn": [],
				"policy": {
					"timeout": "7.00:00:00",
					"retry": 0,
					"retryIntervalInSeconds": 30,
					"secureOutput": false,
					"secureInput": false
				},
				"userProperties": [],
				"typeProperties": {
					"source": {
						"type": "SqlDWSource",
						"sqlReaderQuery": {
							"value": "@concat('SELECT [Load_Layer]\n      ,[Load_Type]\n      ,[Source_System]\n      ,[Check_Name]\n      ,[Procedure_Name_Check]\n      ,Procedure_Name_Get\n      ,Email_Process_Name\n  FROM [EDW_Config].[DQ_Check]\n  WHERE [Load_Layer]=''',pipeline().parameters.Load_Layer,\n\t\t''' AND ( Load_Type = ''All'' or [Load_Type]=''',pipeline().parameters.Load_Type,\n\t\t''') AND [Source_System]= ''', pipeline().parameters.Source_System,'''')",
							"type": "Expression"
						},
						"queryTimeout": "02:00:00",
						"partitionOption": "None"
					},
					"dataset": {
						"referenceName": "Azure_ConfigDB",
						"type": "DatasetReference",
						"parameters": {
							"schema": "EDW_Config",
							"table": "DQ_Check"
						}
					},
					"firstRowOnly": false
				}
			},
			{
				"name": "ForEach Exec DQ",
				"type": "ForEach",
				"dependsOn": [
					{
						"activity": "Get DQ Config",
						"dependencyConditions": [
							"Succeeded"
						]
					}
				],
				"userProperties": [],
				"typeProperties": {
					"items": {
						"value": "@activity('Get DQ Config').output.value",
						"type": "Expression"
					},
					"isSequential": false,
					"batchCount": 5,
					"activities": [
						{
							"name": "Run DQ SP",
							"type": "Switch",
							"dependsOn": [],
							"userProperties": [],
							"typeProperties": {
								"on": {
									"value": "@toUpper(item().Check_Name)",
									"type": "Expression"
								},
								"cases": [
									{
										"value": "BARRA_COUNT_CHECK",
										"activities": [
											{
												"name": "Exec DQ",
												"type": "SqlServerStoredProcedure",
												"dependsOn": [],
												"policy": {
													"timeout": "7.00:00:00",
													"retry": 0,
													"retryIntervalInSeconds": 30,
													"secureOutput": false,
													"secureInput": false
												},
												"userProperties": [],
												"typeProperties": {
													"storedProcedureName": {
														"value": "@item().Procedure_Name_Check",
														"type": "Expression"
													},
													"storedProcedureParameters": {
														"DaysToMoveBack": {
															"value": "1",
															"type": "Int16"
														}
													}
												},
												"linkedServiceName": {
													"referenceName": "AzureSynapseDW",
													"type": "LinkedServiceReference"
												}
											},
											{
												"name": "EDW - Handle Error",
												"type": "ExecutePipeline",
												"dependsOn": [
													{
														"activity": "Exec DQ",
														"dependencyConditions": [
															"Failed"
														]
													}
												],
												"userProperties": [],
												"typeProperties": {
													"pipeline": {
														"referenceName": "EDW - Handle Error",
														"type": "PipelineReference"
													},
													"waitOnCompletion": true,
													"parameters": {
														"ETL_LoadKey": {
															"value": "@pipeline().parameters.ETL_Load_Key",
															"type": "Expression"
														},
														"Failed_Activity_Name": {
															"value": "@concat('DQ Barra check run for ',pipeline().parameters.Source_System)",
															"type": "Expression"
														},
														"Failure_Message": {
															"value": "@activity('Exec DQ').error.Message",
															"type": "Expression"
														},
														"Pipeline_Name": {
															"value": "@pipeline().Pipeline",
															"type": "Expression"
														},
														"Pipeline_Job_Run_Id": {
															"value": "@pipeline().RunId",
															"type": "Expression"
														},
														"Source_System": {
															"value": "@pipeline().parameters.Source_System",
															"type": "Expression"
														}
													}
												}
											}
										]
									}
								],
								"defaultActivities": [
									{
										"name": "Exec DQ for others",
										"type": "SqlServerStoredProcedure",
										"dependsOn": [],
										"policy": {
											"timeout": "7.00:00:00",
											"retry": 0,
											"retryIntervalInSeconds": 30,
											"secureOutput": false,
											"secureInput": false
										},
										"userProperties": [],
										"typeProperties": {
											"storedProcedureName": {
												"value": "@item().Procedure_Name_Check",
												"type": "Expression"
											},
											"storedProcedureParameters": {
												"BatchDTS": {
													"value": {
														"value": "@pipeline().parameters.Batch_DTS",
														"type": "Expression"
													}
												},
												"ETL_Load_Key": {
													"value": {
														"value": "@pipeline().parameters.ETL_Load_Key",
														"type": "Expression"
													}
												}
											}
										},
										"linkedServiceName": {
											"referenceName": "AzureSynapseDW",
											"type": "LinkedServiceReference"
										}
									},
									{
										"name": "EDW - Handle Error for others",
										"type": "ExecutePipeline",
										"dependsOn": [
											{
												"activity": "Exec DQ for others",
												"dependencyConditions": [
													"Failed"
												]
											}
										],
										"userProperties": [],
										"typeProperties": {
											"pipeline": {
												"referenceName": "EDW - Handle Error",
												"type": "PipelineReference"
											},
											"waitOnCompletion": true,
											"parameters": {
												"ETL_LoadKey": {
													"value": "@pipeline().parameters.ETL_Load_Key",
													"type": "Expression"
												},
												"Failed_Activity_Name": {
													"value": "@concat('DQ run for ',pipeline().parameters.Source_System)",
													"type": "Expression"
												},
												"Failure_Message": {
													"value": "@activity('Exec DQ for others').error.Message",
													"type": "Expression"
												},
												"Pipeline_Name": {
													"value": "@pipeline().Pipeline",
													"type": "Expression"
												},
												"Pipeline_Job_Run_Id": {
													"value": "@pipeline().RunId",
													"type": "Expression"
												},
												"Source_System": {
													"value": "@pipeline().parameters.Source_System",
													"type": "Expression"
												}
											}
										}
									}
								]
							}
						}
					]
				}
			},
			{
				"name": "ForEach DQ message",
				"type": "ForEach",
				"dependsOn": [
					{
						"activity": "ForEach Exec DQ",
						"dependencyConditions": [
							"Succeeded"
						]
					}
				],
				"userProperties": [],
				"typeProperties": {
					"items": {
						"value": "@activity('Get DQ Config').output.value",
						"type": "Expression"
					},
					"batchCount": 5,
					"activities": [
						{
							"name": "Get DQ Result",
							"type": "Lookup",
							"dependsOn": [],
							"policy": {
								"timeout": "7.00:00:00",
								"retry": 0,
								"retryIntervalInSeconds": 30,
								"secureOutput": false,
								"secureInput": false
							},
							"userProperties": [],
							"typeProperties": {
								"source": {
									"type": "SqlDWSource",
									"sqlReaderStoredProcedureName": {
										"value": "@item().Procedure_Name_Get",
										"type": "Expression"
									},
									"storedProcedureParameters": {
										"DQ_Check_Name": {
											"value": {
												"value": "@item().Check_Name",
												"type": "Expression"
											}
										},
										"BatchDTS": {
											"value": {
												"value": "@pipeline().parameters.Batch_DTS",
												"type": "Expression"
											}
										},
										"ETL_Load_Key": {
											"value": {
												"value": "@pipeline().parameters.ETL_Load_Key",
												"type": "Expression"
											}
										}
									},
									"queryTimeout": "02:00:00",
									"partitionOption": "None"
								},
								"dataset": {
									"referenceName": "Azure_DW",
									"type": "DatasetReference",
									"parameters": {
										"schema": "EDW_Config",
										"table": "DQ_Check"
									}
								}
							}
						},
						{
							"name": "DQ status is success",
							"type": "IfCondition",
							"dependsOn": [
								{
									"activity": "Get DQ Result",
									"dependencyConditions": [
										"Succeeded"
									]
								}
							],
							"userProperties": [],
							"typeProperties": {
								"expression": {
									"value": "@equals(activity('Get DQ Result').output.firstRow.DQ_Status, 'Success')",
									"type": "Expression"
								},
								"ifFalseActivities": [
									{
										"name": "Append DQ Error Message",
										"type": "AppendVariable",
										"dependsOn": [
											{
												"activity": "Set Email to Failure",
												"dependencyConditions": [
													"Succeeded"
												]
											}
										],
										"userProperties": [],
										"typeProperties": {
											"variableName": "DQ_Error_Message",
											"value": {
												"value": "@activity('Get DQ Result').output.firstRow.DQ_Result",
												"type": "Expression"
											}
										}
									},
									{
										"name": "Throw Error again for ADF to catch",
										"type": "SqlServerStoredProcedure",
										"dependsOn": [
											{
												"activity": "Append DQ Error Message",
												"dependencyConditions": [
													"Succeeded"
												]
											}
										],
										"policy": {
											"timeout": "7.00:00:00",
											"retry": 0,
											"retryIntervalInSeconds": 30,
											"secureOutput": false,
											"secureInput": false
										},
										"userProperties": [],
										"typeProperties": {
											"storedProcedureName": {
												"value": "EDW_ETL.ADF_Throw_Error",
												"type": "Expression"
											}
										},
										"linkedServiceName": {
											"referenceName": "AzureConfigDB",
											"type": "LinkedServiceReference"
										}
									},
									{
										"name": "Set Email to Failure",
										"type": "SetVariable",
										"dependsOn": [],
										"policy": {
											"retry": 0,
											"retryIntervalInSeconds": 30,
											"secureOutput": false,
											"secureInput": false
										},
										"userProperties": [],
										"typeProperties": {
											"variableName": "Email_Success_Flag",
											"value": "F"
										}
									}
								],
								"ifTrueActivities": [
									{
										"name": "Append DQ Message",
										"type": "AppendVariable",
										"dependsOn": [],
										"userProperties": [],
										"typeProperties": {
											"variableName": "DQ_MESSAGE",
											"value": {
												"value": "@activity('Get DQ Result').output.firstRow.DQ_Result",
												"type": "Expression"
											}
										}
									},
									{
										"name": "Set Email to Success",
										"type": "SetVariable",
										"dependsOn": [
											{
												"activity": "Append DQ Message",
												"dependencyConditions": [
													"Succeeded"
												]
											}
										],
										"policy": {
											"retry": 0,
											"retryIntervalInSeconds": 30,
											"secureOutput": false,
											"secureInput": false
										},
										"userProperties": [],
										"typeProperties": {
											"variableName": "Email_Success_Flag",
											"value": "S"
										}
									}
								]
							}
						}
					]
				}
			},
			{
				"name": "Get Email Config",
				"type": "Lookup",
				"dependsOn": [
					{
						"activity": "ForEach DQ message",
						"dependencyConditions": [
							"Succeeded"
						]
					}
				],
				"policy": {
					"timeout": "7.00:00:00",
					"retry": 0,
					"retryIntervalInSeconds": 30,
					"secureOutput": false,
					"secureInput": false
				},
				"userProperties": [],
				"typeProperties": {
					"source": {
						"type": "SqlDWSource",
						"sqlReaderQuery": {
							"value": "@concat('Select coalesce(c.Email_Process_Name, d.Email_Process_Name) Email_Process_Name\n\t\tFrom (\n\t\t\tSelect ''NA'' Email_Process_Name, 1 dummy\n\t\t) d\n\t\tLeft Join \n\t\t(\n\t\t\tselect Distinct nullif(Email_Process_Name,'''') Email_Process_Name, 1 dummy \n\t\t\tFROM [EDW_Config].[DQ_Check] \n   WHERE [Load_Layer]=''',pipeline().parameters.Load_Layer,\n\t\t''' AND [Load_Type]=''',pipeline().parameters.Load_Type,\n\t\t''' AND [Source_System]= ''', pipeline().parameters.Source_System,''' \n   ) c on d.dummy = c.dummy '\n) ",
							"type": "Expression"
						},
						"queryTimeout": "02:00:00",
						"partitionOption": "None"
					},
					"dataset": {
						"referenceName": "Azure_ConfigDB",
						"type": "DatasetReference",
						"parameters": {
							"schema": "EDW_Config",
							"table": "DQ_Check"
						}
					},
					"firstRowOnly": true
				}
			},
			{
				"name": "Email process Configured",
				"type": "IfCondition",
				"dependsOn": [
					{
						"activity": "Get Email Config",
						"dependencyConditions": [
							"Succeeded"
						]
					}
				],
				"userProperties": [],
				"typeProperties": {
					"expression": {
						"value": "@not(equals(activity('Get Email Config').output.firstRow.Email_Process_Name, 'NA'))",
						"type": "Expression"
					},
					"ifTrueActivities": [
						{
							"name": "Send Email",
							"type": "ExecutePipeline",
							"dependsOn": [],
							"userProperties": [],
							"typeProperties": {
								"pipeline": {
									"referenceName": "Send Email Notification",
									"type": "PipelineReference"
								},
								"waitOnCompletion": true,
								"parameters": {
									"Process_Name": {
										"value": "@activity('Get Email Config').output.firstRow.Email_Process_Name",
										"type": "Expression"
									},
									"Email_Body_Addition": {
										"value": "@concat('<p>DQ Result</p><p>',Join(variables('DQ_MESSAGE'),'</p><p>'))",
										"type": "Expression"
									},
									"Success_Failure_Flag": {
										"value": "@variables('Email_Success_Flag')",
										"type": "Expression"
									}
								}
							}
						}
					]
				}
			},
			{
				"name": "EDW - Handle Error DQ Message",
				"type": "ExecutePipeline",
				"dependsOn": [
					{
						"activity": "ForEach DQ message",
						"dependencyConditions": [
							"Failed"
						]
					}
				],
				"userProperties": [],
				"typeProperties": {
					"pipeline": {
						"referenceName": "EDW - Handle Error",
						"type": "PipelineReference"
					},
					"waitOnCompletion": true,
					"parameters": {
						"ETL_LoadKey": {
							"value": "@pipeline().parameters.ETL_Load_Key",
							"type": "Expression"
						},
						"Failed_Activity_Name": {
							"value": "@concat('DQ Get Result run for ',pipeline().parameters.Source_System)",
							"type": "Expression"
						},
						"Failure_Message": {
							"value": "@concat('<p>', Join(variables('DQ_Error_Message'), '</p><p>'), '</p>')",
							"type": "Expression"
						},
						"Pipeline_Name": {
							"value": "@pipeline().Pipeline",
							"type": "Expression"
						},
						"Pipeline_Job_Run_Id": {
							"value": "@pipeline().parameters.Parent_Run_Id",
							"type": "Expression"
						},
						"Source_System": {
							"value": "@concat(pipeline().parameters.Source_System, '|', pipeline().parameters.Load_Type)",
							"type": "Expression"
						}
					}
				}
			}
		],
		"parameters": {
			"Source_System": {
				"type": "string",
				"defaultValue": "PSA_BarraOne"
			},
			"Load_Layer": {
				"type": "string",
				"defaultValue": "PSA"
			},
			"Load_Type": {
				"type": "string",
				"defaultValue": "Delta"
			},
			"ETL_Load_Key": {
				"type": "string"
			},
			"Batch_DTS": {
				"type": "string"
			},
			"Parent_Run_Id": {
				"type": "string"
			}
		},
		"variables": {
			"DQ_MESSAGE": {
				"type": "Array"
			},
			"DQ_Error_Message": {
				"type": "Array"
			},
			"activity_error_message": {
				"type": "String"
			},
			"Email_Success_Flag": {
				"type": "String"
			},
			"Dummy": {
				"type": "String"
			}
		},
		"folder": {
			"name": "Datawarehouse/Data Quality"
		},
		"annotations": [],
		"lastPublishTime": "2022-02-23T19:49:49Z"
	},
	"type": "Microsoft.DataFactory/factories/pipelines"
}