{
	"name": "EDW Extract - Extract Config",
	"properties": {
		"activities": [
			{
				"name": "Get Current In Progess job",
				"type": "Lookup",
				"dependsOn": [],
				"policy": {
					"timeout": "7.00:00:00",
					"retry": 0,
					"retryIntervalInSeconds": 30,
					"secureOutput": false,
					"secureInput": false
				},
				"userProperties": [],
				"typeProperties": {
					"source": {
						"type": "SqlDWSource",
						"sqlReaderQuery": {
							"value": "@concat('Select coalesce(l.ETL_Load_Key, d.ETL_Load_Key) ETL_Load_Key \nFrom (\n\t\tSelect 1 dummy, -1 ETL_Load_Key\n\t) d\n\tLeft Join \n\t(\n\t  SELECT 1 dummy, ETL_Load_Key\n\t  FROM [EDW_ETL].ETL_Load\n  where [Load_Status] in (''In_Progress'', ''Started'')\n  and [Source_System] = ''', pipeline().parameters.Source_System, ''' \n  and Load_Type = ''',pipeline().parameters.Load_Type,''' \n\t) l on d.dummy = l.dummy ')",
							"type": "Expression"
						},
						"queryTimeout": "02:00:00",
						"partitionOption": "None"
					},
					"dataset": {
						"referenceName": "Azure_ConfigDB",
						"type": "DatasetReference",
						"parameters": {
							"schema": "EDW_ETL",
							"table": "ETL_Load"
						}
					},
					"firstRowOnly": true
				}
			},
			{
				"name": "No running job - start new load",
				"type": "IfCondition",
				"dependsOn": [
					{
						"activity": "Get Current In Progess job",
						"dependencyConditions": [
							"Succeeded"
						]
					}
				],
				"userProperties": [],
				"typeProperties": {
					"expression": {
						"value": "@equals(activity('Get Current In Progess job').output.firstRow.ETL_Load_Key, -1)",
						"type": "Expression"
					},
					"ifFalseActivities": [
						{
							"name": "EDW - Handle Error for new load",
							"type": "ExecutePipeline",
							"dependsOn": [],
							"userProperties": [],
							"typeProperties": {
								"pipeline": {
									"referenceName": "EDW - Handle Error",
									"type": "PipelineReference"
								},
								"waitOnCompletion": true,
								"parameters": {
									"ETL_LoadKey": "-1",
									"Failed_Activity_Name": "Start new load",
									"Failure_Message": "There is a same load job running, skip this load",
									"Pipeline_Name": "EDW Load - Main",
									"Pipeline_Job_Run_Id": {
										"value": "@pipeline().RunId",
										"type": "Expression"
									},
									"Source_System": {
										"value": "@pipeline().parameters.Source_System",
										"type": "Expression"
									}
								}
							}
						},
						{
							"name": "Throw Error again for ADF to catch",
							"type": "SqlServerStoredProcedure",
							"dependsOn": [
								{
									"activity": "EDW - Handle Error for new load",
									"dependencyConditions": [
										"Succeeded"
									]
								}
							],
							"policy": {
								"timeout": "7.00:00:00",
								"retry": 0,
								"retryIntervalInSeconds": 30,
								"secureOutput": false,
								"secureInput": false
							},
							"userProperties": [],
							"typeProperties": {
								"storedProcedureName": {
									"value": "EDW_ETL.ADF_Throw_Error",
									"type": "Expression"
								}
							},
							"linkedServiceName": {
								"referenceName": "AzureConfigDB",
								"type": "LinkedServiceReference"
							}
						}
					],
					"ifTrueActivities": [
						{
							"name": "Start New Load",
							"type": "SqlServerStoredProcedure",
							"dependsOn": [],
							"policy": {
								"timeout": "7.00:00:00",
								"retry": 0,
								"retryIntervalInSeconds": 30,
								"secureOutput": false,
								"secureInput": false
							},
							"userProperties": [],
							"typeProperties": {
								"storedProcedureName": "[EDW_ETL].[Start_New_Load]",
								"storedProcedureParameters": {
									"Batch_Date": {
										"value": {
											"value": "@pipeline().parameters.Batch_Date",
											"type": "Expression"
										},
										"type": "String"
									},
									"Source_System": {
										"value": {
											"value": "@pipeline().parameters.Source_System",
											"type": "Expression"
										},
										"type": "String"
									},
									"Load_Type": {
										"value": {
											"value": "@pipeline().parameters.Load_Type",
											"type": "Expression"
										},
										"type": "String"
									},
									"Run_Pipeline_Id": {
										"value": {
											"value": "@pipeline().RunId",
											"type": "Expression"
										},
										"type": "String"
									}
								}
							},
							"linkedServiceName": {
								"referenceName": "AzureConfigDB",
								"type": "LinkedServiceReference"
							}
						}
					]
				}
			},
			{
				"name": "check new ETL load Key",
				"type": "Until",
				"dependsOn": [
					{
						"activity": "No running job - start new load",
						"dependencyConditions": [
							"Succeeded"
						]
					}
				],
				"userProperties": [],
				"typeProperties": {
					"expression": {
						"value": "@greater(activity('Get Current Load Dates').output.count, 0)",
						"type": "Expression"
					},
					"activities": [
						{
							"name": "Get Current Load Dates",
							"type": "Lookup",
							"dependsOn": [
								{
									"activity": "Wait 5 sec",
									"dependencyConditions": [
										"Succeeded"
									]
								}
							],
							"policy": {
								"timeout": "7.00:00:00",
								"retry": 0,
								"retryIntervalInSeconds": 30,
								"secureOutput": false,
								"secureInput": false
							},
							"userProperties": [],
							"typeProperties": {
								"source": {
									"type": "SqlDWSource",
									"sqlReaderQuery": {
										"value": "@concat('SELECT ETL_Load_Key,\n      replace(convert(varchar, [Batch_Date],102),''.'',''-'') as [Batch_Date]\n  FROM [EDW_ETL].ETL_Load\n  where [Load_Status] = ''Started''\n  and [Source_System] = ''', pipeline().parameters.Source_System, ''' \n  and ETL_Load_Key <> ',string(activity('Get Current In Progess job').output.firstRow.ETL_Load_Key),' Order by Batch_Date asc')",
										"type": "Expression"
									},
									"queryTimeout": "02:00:00",
									"partitionOption": "None"
								},
								"dataset": {
									"referenceName": "Azure_ConfigDB",
									"type": "DatasetReference",
									"parameters": {
										"schema": "EDW_ETL",
										"table": "ETL_Load"
									}
								},
								"firstRowOnly": false
							}
						},
						{
							"name": "Wait 5 sec",
							"type": "Wait",
							"dependsOn": [],
							"userProperties": [],
							"typeProperties": {
								"waitTimeInSeconds": 5
							}
						}
					],
					"timeout": "0.01:00:00"
				}
			},
			{
				"name": "Set Load Success",
				"type": "SqlServerStoredProcedure",
				"dependsOn": [
					{
						"activity": "Set Dummy",
						"dependencyConditions": [
							"Succeeded"
						]
					}
				],
				"policy": {
					"timeout": "7.00:00:00",
					"retry": 0,
					"retryIntervalInSeconds": 30,
					"secureOutput": false,
					"secureInput": false
				},
				"userProperties": [],
				"typeProperties": {
					"storedProcedureName": "[EDW_ETL].[Update_ETL_Load_Status]",
					"storedProcedureParameters": {
						"ETL_Load_Key": {
							"value": {
								"value": "@variables('ETL_Load_Key')",
								"type": "Expression"
							},
							"type": "Int32"
						},
						"Status": {
							"value": {
								"value": "Completed",
								"type": "Expression"
							},
							"type": "String"
						}
					}
				},
				"linkedServiceName": {
					"referenceName": "AzureConfigDB",
					"type": "LinkedServiceReference"
				}
			},
			{
				"name": "Set Load In Progress",
				"type": "SqlServerStoredProcedure",
				"dependsOn": [
					{
						"activity": "Set Extract Date",
						"dependencyConditions": [
							"Succeeded"
						]
					}
				],
				"policy": {
					"timeout": "7.00:00:00",
					"retry": 0,
					"retryIntervalInSeconds": 30,
					"secureOutput": false,
					"secureInput": false
				},
				"userProperties": [],
				"typeProperties": {
					"storedProcedureName": "[EDW_ETL].[Update_ETL_Load_Status]",
					"storedProcedureParameters": {
						"ETL_Load_Key": {
							"value": {
								"value": "@variables('ETL_Load_Key')",
								"type": "Expression"
							},
							"type": "Int32"
						},
						"Status": {
							"value": {
								"value": "In_Progress",
								"type": "Expression"
							},
							"type": "String"
						}
					}
				},
				"linkedServiceName": {
					"referenceName": "AzureConfigDB",
					"type": "LinkedServiceReference"
				}
			},
			{
				"name": "Get List of Configuration Tables",
				"type": "Lookup",
				"dependsOn": [
					{
						"activity": "Build Table List Query",
						"dependencyConditions": [
							"Succeeded"
						]
					}
				],
				"policy": {
					"timeout": "7.00:00:00",
					"retry": 0,
					"retryIntervalInSeconds": 30,
					"secureOutput": false,
					"secureInput": false
				},
				"userProperties": [],
				"typeProperties": {
					"source": {
						"type": "SqlDWSource",
						"sqlReaderQuery": {
							"value": "@variables('Get_Table_List_Query')",
							"type": "Expression"
						},
						"queryTimeout": "02:00:00",
						"partitionOption": "None"
					},
					"dataset": {
						"referenceName": "Azure_ConfigDB",
						"type": "DatasetReference",
						"parameters": {
							"schema": "EDW_ETL",
							"table": "ETL_Load"
						}
					},
					"firstRowOnly": false
				}
			},
			{
				"name": "For Each Configurtation Table",
				"type": "ForEach",
				"dependsOn": [
					{
						"activity": "Get List of Configuration Tables",
						"dependencyConditions": [
							"Succeeded"
						]
					}
				],
				"userProperties": [],
				"typeProperties": {
					"items": {
						"value": "@activity('Get List of Configuration Tables').output.value",
						"type": "Expression"
					},
					"activities": [
						{
							"name": "Check if CSV file exists",
							"type": "GetMetadata",
							"dependsOn": [],
							"policy": {
								"timeout": "7.00:00:00",
								"retry": 0,
								"retryIntervalInSeconds": 30,
								"secureOutput": false,
								"secureInput": false
							},
							"userProperties": [],
							"typeProperties": {
								"dataset": {
									"referenceName": "ds_ADLS_Config_File_CSV",
									"type": "DatasetReference",
									"parameters": {
										"Folder_Path": {
											"value": "@concat(pipeline().parameters.Target_Folder, formatDateTime(variables('Extract_Date'), 'yyyyMMdd'), '/')",
											"type": "Expression"
										},
										"env": {
											"value": "@pipeline().globalParameters.Env",
											"type": "Expression"
										},
										"File_Name": {
											"value": "@concat(item().Config_Schema_Name, '.', item().Config_Table_Name, '.csv')",
											"type": "Expression"
										},
										"Container_Name": {
											"value": "@pipeline().globalParameters.Azure_Container_Name",
											"type": "Expression"
										}
									}
								},
								"fieldList": [
									"exists"
								],
								"storeSettings": {
									"type": "AzureBlobFSReadSettings",
									"recursive": true,
									"enablePartitionDiscovery": false
								},
								"formatSettings": {
									"type": "DelimitedTextReadSettings"
								}
							}
						},
						{
							"name": "CSV filed check",
							"description": "Check if load type is Extract or , if Restore check that file exists in ADLS",
							"type": "IfCondition",
							"dependsOn": [
								{
									"activity": "Check if CSV file exists",
									"dependencyConditions": [
										"Succeeded"
									]
								}
							],
							"userProperties": [],
							"typeProperties": {
								"expression": {
									"value": "@or(activity('Check if CSV file exists').output.exists, equals(pipeline().parameters.Load_Type, 'Extract'))",
									"type": "Expression"
								},
								"ifFalseActivities": [
									{
										"name": "EDW - Handle Error for missing file",
										"type": "ExecutePipeline",
										"dependsOn": [],
										"userProperties": [],
										"typeProperties": {
											"pipeline": {
												"referenceName": "EDW - Handle Error",
												"type": "PipelineReference"
											},
											"waitOnCompletion": true,
											"parameters": {
												"ETL_LoadKey": {
													"value": "@variables('ETL_Load_Key')",
													"type": "Expression"
												},
												"Failed_Activity_Name": "Config Restore",
												"Failure_Message": {
													"value": "@concat('Restore configuration file ', item().Config_Schema_Name, '.', item().Config_Table_Name, '.csv not found')",
													"type": "Expression"
												},
												"Pipeline_Name": {
													"value": "@pipeline().Pipeline",
													"type": "Expression"
												},
												"Pipeline_Job_Run_Id": {
													"value": "@pipeline().RunId",
													"type": "Expression"
												},
												"Source_System": {
													"value": "@pipeline().parameters.Source_System",
													"type": "Expression"
												}
											}
										}
									},
									{
										"name": "Throw Error again for ADF to catch 2",
										"type": "SqlServerStoredProcedure",
										"dependsOn": [
											{
												"activity": "EDW - Handle Error for missing file",
												"dependencyConditions": [
													"Succeeded"
												]
											}
										],
										"policy": {
											"timeout": "7.00:00:00",
											"retry": 0,
											"retryIntervalInSeconds": 30,
											"secureOutput": false,
											"secureInput": false
										},
										"userProperties": [],
										"typeProperties": {
											"storedProcedureName": {
												"value": "EDW_ETL.ADF_Throw_Error",
												"type": "Expression"
											}
										},
										"linkedServiceName": {
											"referenceName": "AzureConfigDB",
											"type": "LinkedServiceReference"
										}
									}
								],
								"ifTrueActivities": [
									{
										"name": "Switch_Load_Type",
										"type": "Switch",
										"dependsOn": [],
										"userProperties": [],
										"typeProperties": {
											"on": {
												"value": "@pipeline().parameters.Load_Type",
												"type": "Expression"
											},
											"cases": [
												{
													"value": "Extract",
													"activities": [
														{
															"name": "Extract to CSV file in ADLS",
															"description": "",
															"type": "Copy",
															"dependsOn": [],
															"policy": {
																"timeout": "7.00:00:00",
																"retry": 0,
																"retryIntervalInSeconds": 30,
																"secureOutput": false,
																"secureInput": false
															},
															"userProperties": [],
															"typeProperties": {
																"source": {
																	"type": "SqlDWSource",
																	"queryTimeout": "02:00:00",
																	"partitionOption": "None"
																},
																"sink": {
																	"type": "DelimitedTextSink",
																	"storeSettings": {
																		"type": "AzureBlobFSWriteSettings"
																	},
																	"formatSettings": {
																		"type": "DelimitedTextWriteSettings",
																		"quoteAllText": true,
																		"fileExtension": ".txt"
																	}
																},
																"enableStaging": false,
																"translator": {
																	"type": "TabularTranslator",
																	"typeConversion": true,
																	"typeConversionSettings": {
																		"allowDataTruncation": true,
																		"treatBooleanAsNumber": false
																	}
																}
															},
															"inputs": [
																{
																	"referenceName": "Azure_ConfigDB",
																	"type": "DatasetReference",
																	"parameters": {
																		"schema": {
																			"value": "@item().Config_Schema_Name",
																			"type": "Expression"
																		},
																		"table": {
																			"value": "@item().Config_Table_Name",
																			"type": "Expression"
																		}
																	}
																}
															],
															"outputs": [
																{
																	"referenceName": "ds_ADLS_Config_File_CSV",
																	"type": "DatasetReference",
																	"parameters": {
																		"Folder_Path": {
																			"value": "@concat(pipeline().parameters.Target_Folder, formatDateTime(convertTimeZone(utcNow(), 'UTC', 'Eastern Standard Time'), 'yyyyMMdd'), '/')",
																			"type": "Expression"
																		},
																		"env": {
																			"value": "@pipeline().globalParameters.Env",
																			"type": "Expression"
																		},
																		"File_Name": {
																			"value": "@concat(item().Config_Schema_Name, '.', item().Config_Table_Name, '.csv')",
																			"type": "Expression"
																		},
																		"Container_Name": {
																			"value": "@pipeline().globalParameters.Azure_Container_Name",
																			"type": "Expression"
																		}
																	}
																}
															]
														},
														{
															"name": "Set Dummy Variable CSV Extract",
															"type": "SetVariable",
															"dependsOn": [
																{
																	"activity": "Extract to CSV file in ADLS",
																	"dependencyConditions": [
																		"Succeeded"
																	]
																}
															],
															"policy": {
																"secureOutput": false,
																"secureInput": false
															},
															"userProperties": [],
															"typeProperties": {
																"variableName": "Dummy_Var",
																"value": "T"
															}
														},
														{
															"name": "Set Error Message CSV",
															"type": "SetVariable",
															"dependsOn": [
																{
																	"activity": "Extract to CSV file in ADLS",
																	"dependencyConditions": [
																		"Failed"
																	]
																}
															],
															"policy": {
																"secureOutput": false,
																"secureInput": false
															},
															"userProperties": [],
															"typeProperties": {
																"variableName": "Error_Message",
																"value": {
																	"value": "@activity('Extract to CSV file in ADLS').Error.Message",
																	"type": "Expression"
																}
															}
														}
													]
												},
												{
													"value": "Restore",
													"activities": [
														{
															"name": "Restore From CSV file in ADLS",
															"description": "",
															"type": "Copy",
															"dependsOn": [],
															"policy": {
																"timeout": "7.00:00:00",
																"retry": 0,
																"retryIntervalInSeconds": 30,
																"secureOutput": false,
																"secureInput": false
															},
															"userProperties": [],
															"typeProperties": {
																"source": {
																	"type": "DelimitedTextSource",
																	"storeSettings": {
																		"type": "AzureBlobFSReadSettings",
																		"recursive": true,
																		"enablePartitionDiscovery": false
																	},
																	"formatSettings": {
																		"type": "DelimitedTextReadSettings"
																	}
																},
																"sink": {
																	"type": "SqlDWSink",
																	"preCopyScript": {
																		"value": "@{concat('DELETE FROM ', item().Config_Schema_Name, '.', item().Config_Table_Name)}",
																		"type": "Expression"
																	},
																	"writeBehavior": "Insert",
																	"sqlWriterUseTableLock": false,
																	"disableMetricsCollection": false
																},
																"enableStaging": false,
																"translator": {
																	"type": "TabularTranslator",
																	"typeConversion": true,
																	"typeConversionSettings": {
																		"allowDataTruncation": true,
																		"treatBooleanAsNumber": false
																	}
																}
															},
															"inputs": [
																{
																	"referenceName": "ds_ADLS_Config_File_CSV",
																	"type": "DatasetReference",
																	"parameters": {
																		"Folder_Path": {
																			"value": "@concat(pipeline().parameters.Target_Folder, formatDateTime(variables('Extract_Date'), 'yyyyMMdd'), '/')",
																			"type": "Expression"
																		},
																		"env": {
																			"value": "@pipeline().globalParameters.Env",
																			"type": "Expression"
																		},
																		"File_Name": {
																			"value": "@concat(item().Config_Schema_Name, '.', item().Config_Table_Name, '.csv')",
																			"type": "Expression"
																		},
																		"Container_Name": {
																			"value": "@pipeline().globalParameters.Azure_Container_Name",
																			"type": "Expression"
																		}
																	}
																}
															],
															"outputs": [
																{
																	"referenceName": "Azure_ConfigDB",
																	"type": "DatasetReference",
																	"parameters": {
																		"schema": {
																			"value": "@item().Config_Schema_Name",
																			"type": "Expression"
																		},
																		"table": {
																			"value": "@item().Config_Table_Name",
																			"type": "Expression"
																		}
																	}
																}
															]
														},
														{
															"name": "Set Dummy Variable CSV Restore",
															"type": "SetVariable",
															"dependsOn": [
																{
																	"activity": "Restore From CSV file in ADLS",
																	"dependencyConditions": [
																		"Succeeded"
																	]
																}
															],
															"policy": {
																"secureOutput": false,
																"secureInput": false
															},
															"userProperties": [],
															"typeProperties": {
																"variableName": "Dummy_Var",
																"value": "T"
															}
														},
														{
															"name": "Set Error Message CSV Restore",
															"type": "SetVariable",
															"dependsOn": [
																{
																	"activity": "Restore From CSV file in ADLS",
																	"dependencyConditions": [
																		"Failed"
																	]
																}
															],
															"policy": {
																"secureOutput": false,
																"secureInput": false
															},
															"userProperties": [],
															"typeProperties": {
																"variableName": "Error_Message",
																"value": {
																	"value": "@activity('Restore From CSV file in ADLS').Error.Message",
																	"type": "Expression"
																}
															}
														}
													]
												}
											]
										}
									}
								]
							}
						}
					]
				}
			},
			{
				"name": "EDW - Handle Error",
				"type": "ExecutePipeline",
				"dependsOn": [
					{
						"activity": "For Each Configurtation Table",
						"dependencyConditions": [
							"Failed"
						]
					}
				],
				"userProperties": [],
				"typeProperties": {
					"pipeline": {
						"referenceName": "EDW - Handle Error",
						"type": "PipelineReference"
					},
					"waitOnCompletion": true,
					"parameters": {
						"ETL_LoadKey": {
							"value": "@variables('ETL_Load_Key')",
							"type": "Expression"
						},
						"Failed_Activity_Name": {
							"value": "@concat('EDW Extract/Restore (id: ',variables('ETL_Load_Key'),') run for ',pipeline().parameters.Source_System)",
							"type": "Expression"
						},
						"Failure_Message": {
							"value": "@variables('Error_Message')",
							"type": "Expression"
						},
						"Pipeline_Name": {
							"value": "@pipeline().Pipeline",
							"type": "Expression"
						},
						"Pipeline_Job_Run_Id": {
							"value": "@pipeline().RunId",
							"type": "Expression"
						},
						"Source_System": {
							"value": "@pipeline().parameters.Source_System",
							"type": "Expression"
						}
					}
				}
			},
			{
				"name": "Set Dummy",
				"type": "SetVariable",
				"dependsOn": [
					{
						"activity": "For Each Configurtation Table",
						"dependencyConditions": [
							"Succeeded"
						]
					}
				],
				"policy": {
					"secureOutput": false,
					"secureInput": false
				},
				"userProperties": [],
				"typeProperties": {
					"variableName": "Dummy_Var",
					"value": "T"
				}
			},
			{
				"name": "Set Current ETL_Load_Key",
				"type": "SetVariable",
				"dependsOn": [
					{
						"activity": "check new ETL load Key",
						"dependencyConditions": [
							"Succeeded"
						]
					}
				],
				"policy": {
					"secureOutput": false,
					"secureInput": false
				},
				"userProperties": [],
				"typeProperties": {
					"variableName": "ETL_Load_Key",
					"value": {
						"value": "@string(activity('Get Current Load Dates').output.value[0].ETL_Load_KEY)",
						"type": "Expression"
					}
				}
			},
			{
				"name": "Build Table List Query",
				"type": "IfCondition",
				"dependsOn": [
					{
						"activity": "Archive ADLS folders by date",
						"dependencyConditions": [
							"Succeeded"
						]
					}
				],
				"userProperties": [],
				"typeProperties": {
					"expression": {
						"value": "@equals(pipeline().parameters.Table_Name, '*')",
						"type": "Expression"
					},
					"ifFalseActivities": [
						{
							"name": "Set Query With Filter",
							"type": "SetVariable",
							"dependsOn": [],
							"policy": {
								"secureOutput": false,
								"secureInput": false
							},
							"userProperties": [],
							"typeProperties": {
								"variableName": "Get_Table_List_Query",
								"value": {
									"value": "@concat('select Config_Schema_Name, Config_Table_Name from (select ''EDW_Config'' as Config_Schema_Name, name as Config_Table_Name from sys.tables where schema_id in (select schema_id from sys.schemas where name = ''EDW_Config'') union select ''PSA'' as Config_Schema_Name, name as Config_Table_Name from sys.tables where schema_id in (select schema_id from sys.schemas where name = ''PSA'') and name = ''Ref_Load_Process'' ) T where T.Config_Table_Name = ''', pipeline().parameters.Table_Name, '''')",
									"type": "Expression"
								}
							}
						}
					],
					"ifTrueActivities": [
						{
							"name": "Set Query Without Filter",
							"type": "SetVariable",
							"dependsOn": [],
							"policy": {
								"secureOutput": false,
								"secureInput": false
							},
							"userProperties": [],
							"typeProperties": {
								"variableName": "Get_Table_List_Query",
								"value": {
									"value": "select 'EDW_Config' as Config_Schema_Name, name as Config_Table_Name from sys.tables where schema_id in (select schema_id from sys.schemas where name = 'EDW_Config')\nunion\nselect 'PSA' as Config_Schema_Name, name as Config_Table_Name from sys.tables where schema_id in (select schema_id from sys.schemas where name = 'PSA') and name = 'Ref_Load_Process'",
									"type": "Expression"
								}
							}
						}
					]
				}
			},
			{
				"name": "Set Extract Date",
				"type": "SetVariable",
				"dependsOn": [
					{
						"activity": "Set Current ETL_Load_Key",
						"dependencyConditions": [
							"Succeeded"
						]
					}
				],
				"policy": {
					"secureOutput": false,
					"secureInput": false
				},
				"userProperties": [],
				"typeProperties": {
					"variableName": "Extract_Date",
					"value": {
						"value": "@if(and(equals(pipeline().parameters.Load_Type, 'Extract'), equals(pipeline().parameters.Batch_Date, '01900-01-01')), formatDateTime(convertTimeZone(utcNow(), 'UTC', 'Eastern Standard Time'), 'yyyy-MM-dd'), pipeline().parameters.Batch_Date)",
						"type": "Expression"
					}
				}
			},
			{
				"name": "Archive ADLS folders by date",
				"type": "ExecutePipeline",
				"dependsOn": [
					{
						"activity": "Set Load In Progress",
						"dependencyConditions": [
							"Succeeded"
						]
					}
				],
				"userProperties": [],
				"typeProperties": {
					"pipeline": {
						"referenceName": "EDW Extract - Archive Folders",
						"type": "PipelineReference"
					},
					"waitOnCompletion": true,
					"parameters": {
						"env": {
							"value": "@pipeline().globalParameters.Env",
							"type": "Expression"
						},
						"folder_path": {
							"value": "@pipeline().parameters.Target_Folder",
							"type": "Expression"
						},
						"Container_Name": {
							"value": "@pipeline().globalParameters.Azure_Container_Name",
							"type": "Expression"
						}
					}
				}
			}
		],
		"parameters": {
			"Source_System": {
				"type": "string",
				"defaultValue": "Config_Extract"
			},
			"Load_Type": {
				"type": "string",
				"defaultValue": "Extract"
			},
			"Batch_Date": {
				"type": "string",
				"defaultValue": "1900-01-01"
			},
			"Target_Container": {
				"type": "string",
				"defaultValue": "dev"
			},
			"Target_Folder": {
				"type": "string",
				"defaultValue": "/extract/idp_config/"
			},
			"Table_Name": {
				"type": "string",
				"defaultValue": "*"
			}
		},
		"variables": {
			"Dummy_Var": {
				"type": "String"
			},
			"Error_Message": {
				"type": "String"
			},
			"ETL_Load_Key": {
				"type": "String"
			},
			"Get_Table_List_Query": {
				"type": "String"
			},
			"Extract_Date": {
				"type": "String"
			}
		},
		"folder": {
			"name": "Datawarehouse/Utilities"
		},
		"annotations": [],
		"lastPublishTime": "2023-08-12T03:30:46Z"
	},
	"type": "Microsoft.DataFactory/factories/pipelines"
}