{
	"name": "EDW Detect Eagle Schema Change",
	"properties": {
		"activities": [
			{
				"name": "Get Eagle Connection",
				"type": "Lookup",
				"dependsOn": [],
				"policy": {
					"timeout": "7.00:00:00",
					"retry": 0,
					"retryIntervalInSeconds": 30,
					"secureOutput": false,
					"secureInput": false
				},
				"userProperties": [],
				"typeProperties": {
					"source": {
						"type": "SqlDWSource",
						"sqlReaderQuery": {
							"value": "@concat('SELECT [Server_Name] SQL_Server_Name\n      ,[Database_Name] SQL_Database_Name\n      ,[User_Name] SQL_User_Name\n      ,[Password_Secret_Name] SQL_Password_Secret_Name\n  FROM [EDW_Config].[Ref_System_Process_Pipeline] sp\t\n  LEFT JOIN [EDW_Config].[Ref_External_Source] es on sp.[External_Source]=es.[External_Source] \n  WHERE Source_System= ''PSA_Eagle'' AND Enabled=1 \n')",
							"type": "Expression"
						},
						"queryTimeout": "02:00:00",
						"partitionOption": "None"
					},
					"dataset": {
						"referenceName": "Azure_ConfigDB",
						"type": "DatasetReference",
						"parameters": {
							"schema": "EDW_Config",
							"table": "Ref_Source_process_name"
						}
					}
				}
			},
			{
				"name": "Copy Eagle to SQL",
				"type": "Copy",
				"dependsOn": [
					{
						"activity": "Get Eagle Connection",
						"dependencyConditions": [
							"Succeeded"
						]
					},
					{
						"activity": "Set List of Tables",
						"dependencyConditions": [
							"Succeeded"
						]
					}
				],
				"policy": {
					"timeout": "7.00:00:00",
					"retry": 0,
					"retryIntervalInSeconds": 30,
					"secureOutput": false,
					"secureInput": false
				},
				"userProperties": [],
				"typeProperties": {
					"source": {
						"type": "OracleSource",
						"oracleReaderQuery": {
							"value": "@concat('SELECT owner, table_name, column_name,data_type, data_length,data_precision,data_scale,to_char(SYSDATE,''YYYY-MM-DD'') Load_Date\nFROM all_tab_columns\nWHERE owner||''.''||table_name in ', variables('Eagle_Tables_String'),' \nORDER BY owner, table_name, column_name')",
							"type": "Expression"
						},
						"partitionOption": "None",
						"convertDecimalToInteger": false,
						"queryTimeout": "02:00:00"
					},
					"sink": {
						"type": "AzureSqlSink",
						"preCopyScript": "DELETE\nFROM EDW_ETL.Eagle_Object_Compare\nWHERE Load_Date = CONVERT(CHAR(10), GETDATE() AT TIME ZONE 'UTC' AT TIME ZONE 'Eastern Standard Time', 121)",
						"writeBehavior": "insert",
						"sqlWriterUseTableLock": false,
						"disableMetricsCollection": false
					},
					"enableStaging": true,
					"stagingSettings": {
						"linkedServiceName": {
							"referenceName": "AzureBlobStorage1",
							"type": "LinkedServiceReference",
							"parameters": {
								"Container_Name": {
									"value": "@pipeline().globalParameters.Azure_Container_Name",
									"type": "Expression"
								}
							}
						},
						"path": {
							"value": "@concat(pipeline().globalParameters.Env,'/staging/Risk/Polybase_Auto')",
							"type": "Expression"
						},
						"enableCompression": false
					},
					"parallelCopies": 5,
					"translator": {
						"type": "TabularTranslator",
						"typeConversion": true,
						"typeConversionSettings": {
							"allowDataTruncation": true,
							"treatBooleanAsNumber": false
						}
					}
				},
				"inputs": [
					{
						"referenceName": "Eagle_Staging",
						"type": "DatasetReference",
						"parameters": {
							"Host_Name": {
								"value": "@first(split(activity('Get Eagle Connection').output.firstRow.SQL_Server_Name, '|'))",
								"type": "Expression"
							},
							"Port_Number": {
								"value": "@last(split(activity('Get Eagle Connection').output.firstRow.SQL_Server_Name, '|'))",
								"type": "Expression"
							},
							"Service_Name": {
								"value": "@activity('Get Eagle Connection').output.firstRow.SQL_Database_Name",
								"type": "Expression"
							},
							"User_Name": {
								"value": "@activity('Get Eagle Connection').output.firstRow.SQL_User_Name",
								"type": "Expression"
							},
							"User_Password_Secret": {
								"value": "@activity('Get Eagle Connection').output.firstRow.SQL_Password_Secret_Name",
								"type": "Expression"
							}
						}
					}
				],
				"outputs": [
					{
						"referenceName": "Azure_ConfigDB",
						"type": "DatasetReference",
						"parameters": {
							"schema": "EDW_ETL",
							"table": "Eagle_Object_Compare"
						}
					}
				]
			},
			{
				"name": "Meta Data Discrepancy",
				"type": "IfCondition",
				"dependsOn": [
					{
						"activity": "Compare Data",
						"dependencyConditions": [
							"Succeeded"
						]
					}
				],
				"userProperties": [],
				"typeProperties": {
					"expression": {
						"value": "@if(greater(activity('Compare Data').output.count,0),'True','False')",
						"type": "Expression"
					},
					"ifTrueActivities": [
						{
							"name": "Send Email",
							"type": "ExecutePipeline",
							"dependsOn": [
								{
									"activity": "Copy Exceptions",
									"dependencyConditions": [
										"Succeeded"
									]
								}
							],
							"policy": {
								"secureInput": false
							},
							"userProperties": [],
							"typeProperties": {
								"pipeline": {
									"referenceName": "Send Email Notification",
									"type": "PipelineReference"
								},
								"waitOnCompletion": true,
								"parameters": {
									"Process_Name": {
										"value": "@pipeline().parameters.source_system",
										"type": "Expression"
									},
									"Email_Body_Addition": {
										"value": "@concat('<b>', pipeline().globalParameters.Azure_Container_Name, '/', pipeline().globalParameters.Env, activity('Get CSV info').output.firstRow.Exception_Path, 'Eagle_Schema_Compare_Exception_' ,activity('Get CSV info').output.firstRow.YYYYMMDD,'.csv</b><br><br>', replace(replace(string(activity('Compare Data').output.value), '\"', ''), '},{', '},<br><br>{'))",
										"type": "Expression"
									},
									"Success_Failure_Flag": "F"
								}
							}
						},
						{
							"name": "Copy Exceptions",
							"type": "Copy",
							"dependsOn": [
								{
									"activity": "Get CSV info",
									"dependencyConditions": [
										"Succeeded"
									]
								}
							],
							"policy": {
								"timeout": "0.12:00:00",
								"retry": 0,
								"retryIntervalInSeconds": 30,
								"secureOutput": false,
								"secureInput": false
							},
							"userProperties": [],
							"typeProperties": {
								"source": {
									"type": "AzureSqlSource",
									"sqlReaderStoredProcedureName": "[EDW_ETL].[Get_Eagle_Object_Compare]",
									"queryTimeout": "02:00:00",
									"partitionOption": "None"
								},
								"sink": {
									"type": "DelimitedTextSink",
									"storeSettings": {
										"type": "AzureBlobFSWriteSettings"
									},
									"formatSettings": {
										"type": "DelimitedTextWriteSettings",
										"quoteAllText": true,
										"fileExtension": ".txt"
									}
								},
								"enableStaging": false,
								"translator": {
									"type": "TabularTranslator",
									"typeConversion": true,
									"typeConversionSettings": {
										"allowDataTruncation": true,
										"treatBooleanAsNumber": false
									}
								}
							},
							"inputs": [
								{
									"referenceName": "Azure_ConfigDB",
									"type": "DatasetReference",
									"parameters": {
										"schema": "EDW_ETL",
										"table": "Eagle_Object_Compare"
									}
								}
							],
							"outputs": [
								{
									"referenceName": "ds_ADLS_Business_File_Csv_Extract",
									"type": "DatasetReference",
									"parameters": {
										"Folder_Path": {
											"value": "@activity('Get CSV info').output.firstRow.Exception_Path",
											"type": "Expression"
										},
										"env": {
											"value": "@pipeline().globalParameters.Env",
											"type": "Expression"
										},
										"File_Name": {
											"value": "@concat('Eagle_Schema_Compare_Exception_' ,activity('Get CSV info').output.firstRow.YYYYMMDD,'.csv')",
											"type": "Expression"
										},
										"Row_Delimiter": {
											"value": "@activity('Get CSV info').output.firstRow.Csv_Row_Delimiter",
											"type": "Expression"
										},
										"Column_Delimiter": {
											"value": "@activity('Get CSV info').output.firstRow.Csv_Column_Delimiter",
											"type": "Expression"
										},
										"Container_Name": {
											"value": "@pipeline().globalParameters.Azure_Container_Name",
											"type": "Expression"
										}
									}
								}
							]
						},
						{
							"name": "Get CSV info",
							"type": "Lookup",
							"dependsOn": [],
							"policy": {
								"timeout": "0.12:00:00",
								"retry": 0,
								"retryIntervalInSeconds": 30,
								"secureOutput": false,
								"secureInput": false
							},
							"userProperties": [],
							"typeProperties": {
								"source": {
									"type": "AzureSqlSource",
									"sqlReaderQuery": {
										"value": "@concat('select \nException_Path = Source_Folder+''Exception/'',\nCsv_Row_Delimiter,\nCsv_Column_Delimiter,\nquote_character = null,\nYYYYMMDD = CONVERT (CHAR(8),GETDATE(),112),\nYYYY_MM_DD = CONVERT (CHAR(10),GETDATE(),121)\nFrom EDW_Config.Ref_File_Process_Mapping\nwhere source_system = ''',pipeline().parameters.source_system,'''')",
										"type": "Expression"
									},
									"queryTimeout": "02:00:00",
									"partitionOption": "None"
								},
								"dataset": {
									"referenceName": "Azure_ConfigDB",
									"type": "DatasetReference",
									"parameters": {
										"schema": "EDW_Config",
										"table": "Ref_File_Process_Mapping"
									}
								}
							}
						}
					]
				}
			},
			{
				"name": "Compare Data",
				"type": "Lookup",
				"dependsOn": [
					{
						"activity": "Copy Eagle to SQL",
						"dependencyConditions": [
							"Succeeded"
						]
					}
				],
				"policy": {
					"timeout": "0.12:00:00",
					"retry": 0,
					"retryIntervalInSeconds": 30,
					"secureOutput": false,
					"secureInput": false
				},
				"userProperties": [],
				"typeProperties": {
					"source": {
						"type": "AzureSqlSource",
						"sqlReaderStoredProcedureName": "[EDW_ETL].[Get_Eagle_Object_Compare]",
						"queryTimeout": "02:00:00",
						"partitionOption": "None"
					},
					"dataset": {
						"referenceName": "Azure_ConfigDB",
						"type": "DatasetReference",
						"parameters": {
							"schema": "EDW_ETL",
							"table": "Eagle_Object_Compare"
						}
					},
					"firstRowOnly": false
				}
			},
			{
				"name": "Get Eagle Tables",
				"type": "Lookup",
				"dependsOn": [],
				"policy": {
					"timeout": "0.12:00:00",
					"retry": 0,
					"retryIntervalInSeconds": 30,
					"secureOutput": false,
					"secureInput": false
				},
				"userProperties": [],
				"typeProperties": {
					"source": {
						"type": "AzureSqlSource",
						"queryTimeout": "02:00:00",
						"partitionOption": "None"
					},
					"dataset": {
						"referenceName": "Azure_ConfigDB",
						"type": "DatasetReference",
						"parameters": {
							"schema": "EDW_Config",
							"table": "Ref_Eagle_Object_Compare_Config"
						}
					},
					"firstRowOnly": false
				}
			},
			{
				"name": "Set List of Tables",
				"type": "SetVariable",
				"dependsOn": [
					{
						"activity": "Get Eagle Tables",
						"dependencyConditions": [
							"Succeeded"
						]
					}
				],
				"policy": {
					"secureOutput": false,
					"secureInput": false
				},
				"userProperties": [],
				"typeProperties": {
					"variableName": "Eagle_Tables_String",
					"value": {
						"value": "@replace(replace(replace(replace(replace(replace(replace(replace(string(activity('Get Eagle Tables').output.value), '\"Owner_Name\":', ''), '\"Table_Name\":', ''), '\",\"', '.'), '[', '('), ']', ')'), '{', ''), '}', ''), '\"', '''')",
						"type": "Expression"
					}
				}
			}
		],
		"parameters": {
			"source_system": {
				"type": "string",
				"defaultValue": "Admin_Detect_Eagle_Schema_Change"
			}
		},
		"variables": {
			"Eagle_Tables_String": {
				"type": "String"
			}
		},
		"folder": {
			"name": "Datawarehouse/Utilities"
		},
		"annotations": []
	}
}