{
	"name": "EDW Load - Source System Azure SQL",
	"properties": {
		"activities": [
			{
				"name": "Check Source Type",
				"type": "IfCondition",
				"dependsOn": [],
				"userProperties": [],
				"typeProperties": {
					"expression": {
						"value": "@equals(pipeline().parameters.Source_Type,'IDP')",
						"type": "Expression"
					},
					"ifFalseActivities": [
						{
							"name": "EDW - Run Azure SQL  Source SP to load",
							"type": "ExecutePipeline",
							"dependsOn": [],
							"userProperties": [],
							"typeProperties": {
								"pipeline": {
									"referenceName": "EDW - Run Azure SQL SP to load",
									"type": "PipelineReference"
								},
								"waitOnCompletion": true,
								"parameters": {
									"SP_Para_List": {
										"value": "@coalesce(pipeline().parameters.Batch_Date,'1900-01-01')",
										"type": "Expression"
									},
									"Parent_Run_ID": {
										"value": "@pipeline().parameters.Parent_Run_ID",
										"type": "Expression"
									},
									"ETL_Load_Key": {
										"value": "@pipeline().parameters.ETL_Load_Key",
										"type": "Expression"
									},
									"Source_System": {
										"value": "@pipeline().parameters.Source_System",
										"type": "Expression"
									},
									"Load_Type": {
										"value": "@pipeline().parameters.Load_Type",
										"type": "Expression"
									},
									"AzureSQL_Server_Name": {
										"value": "@pipeline().parameters.AzureSQL_Server_Name",
										"type": "Expression"
									},
									"Batch_Date": {
										"value": "@pipeline().parameters.Batch_Date",
										"type": "Expression"
									}
								}
							}
						}
					],
					"ifTrueActivities": [
						{
							"name": "IDP Tables to Risk DB",
							"type": "ExecutePipeline",
							"dependsOn": [],
							"userProperties": [],
							"typeProperties": {
								"pipeline": {
									"referenceName": "EDW - IDP Tables to Risk DB",
									"type": "PipelineReference"
								},
								"waitOnCompletion": true,
								"parameters": {
									"Source_System": {
										"value": "@pipeline().parameters.Source_System",
										"type": "Expression"
									},
									"ETL_Load_Key": {
										"value": "@pipeline().parameters.ETL_Load_Key",
										"type": "Expression"
									}
								}
							}
						}
					]
				}
			}
		],
		"parameters": {
			"AzureSQL_Database": {
				"type": "string"
			},
			"Batch_Date": {
				"type": "string"
			},
			"ETL_Load_Key": {
				"type": "string"
			},
			"Source_System": {
				"type": "string"
			},
			"Load_Type": {
				"type": "string"
			},
			"Parent_Run_ID": {
				"type": "string"
			},
			"AzureSQL_Server_Name": {
				"type": "string"
			},
			"AzureSQL_User_Name": {
				"type": "string"
			},
			"AzureSQL_Password_Secret_Name": {
				"type": "string"
			},
			"Sub_Source_System": {
				"type": "string"
			},
			"Source_Type": {
				"type": "string"
			}
		},
		"folder": {
			"name": "Datawarehouse/Source System"
		},
		"annotations": []
	}
}