{
	"name": "EDW PSA CDC Load",
	"properties": {
		"activities": [
			{
				"name": "Get Staging tables no Partition",
				"type": "Lookup",
				"dependsOn": [
					{
						"activity": "Set load dts",
						"dependencyConditions": [
							"Succeeded"
						]
					}
				],
				"policy": {
					"timeout": "7.00:00:00",
					"retry": 0,
					"retryIntervalInSeconds": 30,
					"secureOutput": false,
					"secureInput": false
				},
				"userProperties": [],
				"typeProperties": {
					"source": {
						"type": "SqlDWSource",
						"sqlReaderStoredProcedureName": "[EDW_Config].[Create_Stage_Setup]",
						"storedProcedureParameters": {
							"Batch_Date_Input": {
								"type": "String",
								"value": {
									"value": "@variables('Load_Dts')",
									"type": "Expression"
								}
							},
							"Load_Type": {
								"type": "String",
								"value": {
									"value": "@pipeline().parameters.LoadType",
									"type": "Expression"
								}
							},
							"Source_System": {
								"type": "String",
								"value": {
									"value": "@pipeline().parameters.Source_System",
									"type": "Expression"
								}
							},
							"Load_Param": {
								"value": {
									"value": "@string(pipeline().parameters.Load_Param)",
									"type": "Expression"
								}
							}
						},
						"queryTimeout": "02:00:00",
						"partitionOption": "None"
					},
					"dataset": {
						"referenceName": "Azure_ConfigDB",
						"type": "DatasetReference",
						"parameters": {
							"schema": "[DataWarehouse_Staging]",
							"table": "Job_Run"
						}
					},
					"firstRowOnly": false
				}
			},
			{
				"name": "ForEach Non Partition Table CDC",
				"type": "ForEach",
				"dependsOn": [
					{
						"activity": "Get Staging tables no Partition",
						"dependencyConditions": [
							"Succeeded"
						]
					}
				],
				"userProperties": [],
				"typeProperties": {
					"items": {
						"value": "@activity('Get Staging tables no Partition').output.value",
						"type": "Expression"
					},
					"isSequential": false,
					"batchCount": 3,
					"activities": [
						{
							"name": "check if source query is dynamic",
							"type": "IfCondition",
							"dependsOn": [],
							"userProperties": [],
							"typeProperties": {
								"expression": {
									"value": "@equals(item().Source_Query,'Dynamic_Query')",
									"type": "Expression"
								},
								"ifFalseActivities": [
									{
										"name": "Copy Staging_No_Partition",
										"type": "Copy",
										"dependsOn": [],
										"policy": {
											"timeout": "7.00:00:00",
											"retry": 0,
											"retryIntervalInSeconds": 30,
											"secureOutput": false,
											"secureInput": false
										},
										"userProperties": [
											{
												"name": "Destination",
												"value": "@{item().target_table}"
											}
										],
										"typeProperties": {
											"source": {
												"type": "SqlDWSource",
												"sqlReaderQuery": {
													"value": "@item().Source_Query",
													"type": "Expression"
												},
												"queryTimeout": "02:00:00",
												"partitionOption": "None"
											},
											"sink": {
												"type": "SqlDWSink",
												"allowPolyBase": true,
												"polyBaseSettings": {
													"rejectValue": 0,
													"rejectType": "value",
													"useTypeDefault": false
												},
												"disableMetricsCollection": false
											},
											"enableStaging": true,
											"stagingSettings": {
												"linkedServiceName": {
													"referenceName": "AzureBlobStorage1",
													"type": "LinkedServiceReference",
													"parameters": {
														"Container_Name": {
															"value": "@pipeline().globalParameters.Azure_Container_Name",
															"type": "Expression"
														}
													}
												},
												"path": {
													"value": "@concat(pipeline().globalParameters.Env,'/staging/Risk/Polybase_Auto')",
													"type": "Expression"
												},
												"enableCompression": false
											},
											"parallelCopies": 5
										},
										"inputs": [
											{
												"referenceName": "Azure_DW",
												"type": "DatasetReference",
												"parameters": {
													"schema": {
														"value": "PSA",
														"type": "Expression"
													},
													"table": {
														"value": "@item().Target_Table",
														"type": "Expression"
													}
												}
											}
										],
										"outputs": [
											{
												"referenceName": "Azure_DW",
												"type": "DatasetReference",
												"parameters": {
													"schema": {
														"value": "@item().Target_Schema",
														"type": "Expression"
													},
													"table": {
														"value": "@item().Target_Table",
														"type": "Expression"
													}
												}
											}
										]
									},
									{
										"name": "Update ETL Load Control NoCDC",
										"type": "SqlServerStoredProcedure",
										"dependsOn": [
											{
												"activity": "Copy Staging_No_Partition",
												"dependencyConditions": [
													"Succeeded"
												]
											}
										],
										"policy": {
											"timeout": "7.00:00:00",
											"retry": 0,
											"retryIntervalInSeconds": 30,
											"secureOutput": false,
											"secureInput": false
										},
										"userProperties": [],
										"typeProperties": {
											"storedProcedureName": "[EDW_ETL].[Update_ETL_Load_Control]",
											"storedProcedureParameters": {
												"Error_Massage": {
													"value": "",
													"type": "String"
												},
												"ETL_Load_Key": {
													"value": {
														"value": "@pipeline().parameters.ETL_LoadKey",
														"type": "Expression"
													},
													"type": "Int64"
												},
												"Load_Status": {
													"value": "Completed",
													"type": "String"
												},
												"Load_Table": {
													"value": {
														"value": "@concat(item().Target_Schema,'.', item().Target_Table)",
														"type": "Expression"
													},
													"type": "String"
												},
												"Rows_Expired": {
													"value": "0",
													"type": "Int32"
												},
												"Rows_Inserted": {
													"value": {
														"value": "@activity('Copy Staging_No_Partition').output.rowsCopied",
														"type": "Expression"
													},
													"type": "Int32"
												},
												"Rows_Updated": {
													"value": "0",
													"type": "Int32"
												}
											}
										},
										"linkedServiceName": {
											"referenceName": "AzureSynapseDW",
											"type": "LinkedServiceReference"
										}
									}
								],
								"ifTrueActivities": [
									{
										"name": "Load Target CDC",
										"type": "SqlServerStoredProcedure",
										"dependsOn": [],
										"policy": {
											"timeout": "7.00:00:00",
											"retry": 0,
											"retryIntervalInSeconds": 30,
											"secureOutput": false,
											"secureInput": false
										},
										"userProperties": [],
										"typeProperties": {
											"storedProcedureName": "[PSA].[Update_CDC_Records]",
											"storedProcedureParameters": {
												"Batch_Date": {
													"value": {
														"value": "@variables('Load_Dts')",
														"type": "Expression"
													},
													"type": "String"
												},
												"schema_name": {
													"value": {
														"value": "@item().Target_Schema",
														"type": "Expression"
													},
													"type": "String"
												},
												"source_schema_name": {
													"value": {
														"value": "@item().Source_Schema",
														"type": "Expression"
													},
													"type": "String"
												},
												"Source_table_name": {
													"value": {
														"value": "@item().Source_Table_Name",
														"type": "Expression"
													},
													"type": "String"
												},
												"table_name": {
													"value": {
														"value": "@item().Target_Table",
														"type": "Expression"
													},
													"type": "String"
												},
												"ETL_Load_Key": {
													"value": {
														"value": "@pipeline().parameters.ETL_LoadKey",
														"type": "Expression"
													},
													"type": "String"
												},
												"Source_System": {
													"value": {
														"value": "@pipeline().parameters.Source_System",
														"type": "Expression"
													},
													"type": "String"
												}
											}
										},
										"linkedServiceName": {
											"referenceName": "AzureSynapseDW",
											"type": "LinkedServiceReference"
										}
									}
								]
							}
						},
						{
							"name": "EDW - Handle Error",
							"type": "ExecutePipeline",
							"dependsOn": [
								{
									"activity": "check if source query is dynamic",
									"dependencyConditions": [
										"Failed"
									]
								}
							],
							"userProperties": [],
							"typeProperties": {
								"pipeline": {
									"referenceName": "EDW - Handle Error",
									"type": "PipelineReference"
								},
								"waitOnCompletion": true,
								"parameters": {
									"ETL_LoadKey": {
										"value": "@pipeline().parameters.ETL_LoadKey",
										"type": "Expression"
									},
									"Failed_Activity_Name": {
										"value": "@concat('Copy PSA CDC step in ETL Load (id: ',pipeline().parameters.ETL_LoadKey,') run for ',pipeline().parameters.Source_System)",
										"type": "Expression"
									},
									"Failure_Message": {
										"value": "@if(equals(item().Source_Query, 'Dynamic_Query'), activity('Load Target CDC').Error.Message, activity('Copy Staging_No_Partition').Error.Message)",
										"type": "Expression"
									},
									"Pipeline_Name": {
										"value": "@pipeline().Pipeline",
										"type": "Expression"
									},
									"Pipeline_Job_Run_Id": {
										"value": "@pipeline().parameters.Parent_Run_ID",
										"type": "Expression"
									},
									"Source_System": {
										"value": "@pipeline().parameters.Source_System",
										"type": "Expression"
									}
								}
							}
						},
						{
							"name": "Set Dummy Cdc",
							"type": "SetVariable",
							"dependsOn": [
								{
									"activity": "check if source query is dynamic",
									"dependencyConditions": [
										"Succeeded"
									]
								}
							],
							"policy": {
								"secureOutput": false,
								"secureInput": false
							},
							"userProperties": [],
							"typeProperties": {
								"variableName": "Dummy",
								"value": "T"
							}
						}
					]
				}
			},
			{
				"name": "Set load dts",
				"type": "SetVariable",
				"dependsOn": [],
				"policy": {
					"secureOutput": false,
					"secureInput": false
				},
				"userProperties": [],
				"typeProperties": {
					"variableName": "Load_Dts",
					"value": {
						"value": "@formatDateTime(convertTimeZone(utcnow(),'UTC','Eastern Standard Time'),'yyyy-MM-dd HH:mm:ss.fffffff')",
						"type": "Expression"
					}
				}
			},
			{
				"name": "EDW - PSA Check Source Deletion",
				"type": "ExecutePipeline",
				"dependsOn": [
					{
						"activity": "ForEach Non Partition Table CDC",
						"dependencyConditions": [
							"Succeeded"
						]
					}
				],
				"userProperties": [],
				"typeProperties": {
					"pipeline": {
						"referenceName": "EDW - PSA Check Source Deletion",
						"type": "PipelineReference"
					},
					"waitOnCompletion": true,
					"parameters": {
						"Source_System": {
							"value": "@pipeline().parameters.Source_System",
							"type": "Expression"
						},
						"LoadType": {
							"value": "@pipeline().parameters.LoadType",
							"type": "Expression"
						},
						"ETL_LoadKey": {
							"value": "@pipeline().parameters.ETL_LoadKey",
							"type": "Expression"
						},
						"Parent_Run_ID": {
							"value": "@pipeline().parameters.Parent_Run_ID",
							"type": "Expression"
						},
						"Check_Deletion_Type": "AUTO",
						"Load_Param": {
							"value": "@pipeline().parameters.Load_Param",
							"type": "Expression"
						}
					}
				}
			}
		],
		"parameters": {
			"Source_System": {
				"type": "string"
			},
			"LoadType": {
				"type": "string"
			},
			"ETL_LoadKey": {
				"type": "string"
			},
			"Parent_Run_ID": {
				"type": "string"
			},
			"Load_Param": {
				"type": "string"
			}
		},
		"variables": {
			"cancel_job_url": {
				"type": "String"
			},
			"email_subject": {
				"type": "String"
			},
			"email_body": {
				"type": "String"
			},
			"Load_Dts": {
				"type": "String"
			},
			"Dummy": {
				"type": "String"
			},
			"Error_Message": {
				"type": "String"
			}
		},
		"folder": {
			"name": "Datawarehouse"
		},
		"annotations": [],
		"lastPublishTime": "2022-03-02T14:13:15Z"
	},
	"type": "Microsoft.DataFactory/factories/pipelines"
}