{
	"name": "EDW - PSA Check Source Deletion",
	"properties": {
		"activities": [
			{
				"name": "Set load dts",
				"type": "SetVariable",
				"dependsOn": [],
				"policy": {
					"secureOutput": false,
					"secureInput": false
				},
				"userProperties": [],
				"typeProperties": {
					"variableName": "Load_Dts",
					"value": {
						"value": "@formatDateTime(convertTimeZone(utcnow(),'UTC','Eastern Standard Time'),'yyyy-MM-dd HH:mm:ss.fffffff')",
						"type": "Expression"
					}
				}
			},
			{
				"name": "ForEach Non Partition Table check deletion Full",
				"type": "ForEach",
				"dependsOn": [
					{
						"activity": "Get tables with Dynamic Query Full for deletion",
						"dependencyConditions": [
							"Succeeded"
						]
					}
				],
				"userProperties": [],
				"typeProperties": {
					"items": {
						"value": "@activity('Get tables with Dynamic Query Full for deletion').output.value",
						"type": "Expression"
					},
					"isSequential": false,
					"batchCount": 3,
					"activities": [
						{
							"name": "Get record count Full",
							"type": "Lookup",
							"dependsOn": [
								{
									"activity": "IsDeleted",
									"dependencyConditions": [
										"Succeeded"
									]
								}
							],
							"policy": {
								"timeout": "7.00:00:00",
								"retry": 0,
								"retryIntervalInSeconds": 30,
								"secureOutput": false,
								"secureInput": false
							},
							"userProperties": [],
							"typeProperties": {
								"source": {
									"type": "SqlDWSource",
									"sqlReaderQuery": {
										"value": "@concat('select count(*) Num_Of_Rec\nfrom ',item().Target_Schema, '.',item().Target_Table, ' where ETL_Load_Key = ', pipeline().parameters.ETL_LoadKey)",
										"type": "Expression"
									},
									"queryTimeout": "02:00:00",
									"partitionOption": "None"
								},
								"dataset": {
									"referenceName": "Azure_DW",
									"type": "DatasetReference",
									"parameters": {
										"schema": "PSA",
										"table": {
											"value": "@item().Target_Table",
											"type": "Expression"
										}
									}
								}
							}
						},
						{
							"name": "Update ETL Load Control Deletion Full",
							"type": "SqlServerStoredProcedure",
							"dependsOn": [
								{
									"activity": "Get record count Full",
									"dependencyConditions": [
										"Succeeded"
									]
								}
							],
							"policy": {
								"timeout": "7.00:00:00",
								"retry": 0,
								"retryIntervalInSeconds": 30,
								"secureOutput": false,
								"secureInput": false
							},
							"userProperties": [],
							"typeProperties": {
								"storedProcedureName": "[EDW_ETL].[Update_ETL_Load_Control]",
								"storedProcedureParameters": {
									"Error_Massage": {
										"value": "",
										"type": "String"
									},
									"ETL_Load_Key": {
										"value": {
											"value": "@pipeline().parameters.ETL_LoadKey",
											"type": "Expression"
										},
										"type": "Int64"
									},
									"Load_Status": {
										"value": "Completed",
										"type": "String"
									},
									"Load_Table": {
										"value": {
											"value": "@concat(item().Target_Schema,'.', item().Target_Table)",
											"type": "Expression"
										},
										"type": "String"
									},
									"Rows_Expired": {
										"value": "0",
										"type": "Int32"
									},
									"Rows_Inserted": {
										"value": {
											"value": "@activity('Get record count Full').output.firstRow.Num_Of_Rec",
											"type": "Expression"
										},
										"type": "Int32"
									},
									"Rows_Updated": {
										"value": "0",
										"type": "Int32"
									}
								}
							},
							"linkedServiceName": {
								"referenceName": "AzureSynapseDW",
								"type": "LinkedServiceReference"
							}
						},
						{
							"name": "EDW - Handle Error Check Deletion Full",
							"type": "ExecutePipeline",
							"dependsOn": [
								{
									"activity": "IsDeleted",
									"dependencyConditions": [
										"Failed"
									]
								}
							],
							"userProperties": [],
							"typeProperties": {
								"pipeline": {
									"referenceName": "EDW - Handle Error",
									"type": "PipelineReference"
								},
								"waitOnCompletion": true,
								"parameters": {
									"ETL_LoadKey": {
										"value": "@pipeline().parameters.ETL_LoadKey",
										"type": "Expression"
									},
									"Failed_Activity_Name": {
										"value": "@concat('Copy PSA CDC step for source deletion in ETL Load (id: ',pipeline().parameters.ETL_LoadKey,') run for ',pipeline().parameters.Source_System)",
										"type": "Expression"
									},
									"Failure_Message": {
										"value": "@activity('IsDeleted').Error.Message",
										"type": "Expression"
									},
									"Pipeline_Name": {
										"value": "@pipeline().Pipeline",
										"type": "Expression"
									},
									"Pipeline_Job_Run_Id": {
										"value": "@pipeline().parameters.Parent_Run_ID",
										"type": "Expression"
									},
									"Source_System": {
										"value": "@pipeline().parameters.Source_System",
										"type": "Expression"
									}
								}
							}
						},
						{
							"name": "IsDeleted",
							"type": "SqlServerStoredProcedure",
							"dependsOn": [],
							"policy": {
								"timeout": "7.00:00:00",
								"retry": 0,
								"retryIntervalInSeconds": 30,
								"secureOutput": false,
								"secureInput": false
							},
							"userProperties": [],
							"typeProperties": {
								"storedProcedureName": "[PSA].[Update_IsDeleted_Records]",
								"storedProcedureParameters": {
									"Batch_Date": {
										"value": {
											"value": "@variables('Load_Dts')",
											"type": "Expression"
										},
										"type": "String"
									},
									"schema_name": {
										"value": {
											"value": "@item().Target_Schema",
											"type": "Expression"
										},
										"type": "String"
									},
									"source_schema_name": {
										"value": {
											"value": "@item().Source_Schema",
											"type": "Expression"
										},
										"type": "String"
									},
									"Source_table_name": {
										"value": {
											"value": "@item().Source_Table_Name",
											"type": "Expression"
										},
										"type": "String"
									},
									"table_name": {
										"value": {
											"value": "@item().Target_Table",
											"type": "Expression"
										},
										"type": "String"
									},
									"ETL_Load_Key": {
										"value": {
											"value": "@pipeline().parameters.ETL_LoadKey",
											"type": "Expression"
										},
										"type": "String"
									}
								}
							},
							"linkedServiceName": {
								"referenceName": "AzureSynapseDW",
								"type": "LinkedServiceReference"
							}
						}
					]
				}
			},
			{
				"name": "Get tables with Dynamic Query Full for deletion",
				"type": "Lookup",
				"dependsOn": [
					{
						"activity": "Set load dts",
						"dependencyConditions": [
							"Succeeded"
						]
					}
				],
				"policy": {
					"timeout": "7.00:00:00",
					"retry": 0,
					"retryIntervalInSeconds": 30,
					"secureOutput": false,
					"secureInput": false
				},
				"userProperties": [],
				"typeProperties": {
					"source": {
						"type": "SqlDWSource",
						"sqlReaderStoredProcedureName": "[EDW_Config].[Create_Deletion_Check_List]",
						"storedProcedureParameters": {
							"Check_Deletion_Type": {
								"type": "String",
								"value": {
									"value": "@pipeline().parameters.Check_Deletion_Type",
									"type": "Expression"
								}
							},
							"Load_Param": {
								"type": "String",
								"value": {
									"value": "@string(pipeline().parameters.Load_Param)",
									"type": "Expression"
								}
							},
							"Load_Type": {
								"type": "String",
								"value": {
									"value": "@pipeline().parameters.LoadType",
									"type": "Expression"
								}
							},
							"Source_System": {
								"type": "String",
								"value": {
									"value": "@pipeline().parameters.Source_System",
									"type": "Expression"
								}
							}
						},
						"queryTimeout": "02:00:00",
						"partitionOption": "None"
					},
					"dataset": {
						"referenceName": "Azure_ConfigDB",
						"type": "DatasetReference",
						"parameters": {
							"schema": "[DataWarehouse_Staging]",
							"table": "Job_Run"
						}
					},
					"firstRowOnly": false
				}
			},
			{
				"name": "Get tables with Dynamic Query DELTA for deletion",
				"type": "Lookup",
				"dependsOn": [
					{
						"activity": "ForEach Non Partition Table check deletion Full",
						"dependencyConditions": [
							"Succeeded"
						]
					}
				],
				"policy": {
					"timeout": "7.00:00:00",
					"retry": 0,
					"retryIntervalInSeconds": 30,
					"secureOutput": false,
					"secureInput": false
				},
				"userProperties": [],
				"typeProperties": {
					"source": {
						"type": "SqlDWSource",
						"sqlReaderQuery": {
							"value": "@concat('SELECT DISTINCT [Source_System]\n\t  ,coalesce(Source_Deletion_Compare, ''FULL'') Source_Deletion_Compare\n  FROM [EDW_Config].[Ref_Load_Process]\n  WHERE Source_System=''',pipeline().parameters.Source_System,''' AND Source_Query=''Dynamic_Query'' AND Is_Enabled=1 and \n    ( \n       Source_Deletion_Compare=''DELTA'' \n         and (\n            (\n                ''AUTO''=''',pipeline().parameters.Check_Deletion_Type,''' \n            ) or \n            ''ONDEMAND''=''',pipeline().parameters.Check_Deletion_Type,''' \n         )\n   )\n')",
							"type": "Expression"
						},
						"queryTimeout": "02:00:00",
						"partitionOption": "None"
					},
					"dataset": {
						"referenceName": "Azure_ConfigDB",
						"type": "DatasetReference",
						"parameters": {
							"schema": "[DataWarehouse_Staging]",
							"table": "Job_Run"
						}
					},
					"firstRowOnly": false
				}
			},
			{
				"name": "ForEach Source System check deletion Delta",
				"type": "ForEach",
				"dependsOn": [
					{
						"activity": "Get tables with Dynamic Query DELTA for deletion",
						"dependencyConditions": [
							"Succeeded"
						]
					}
				],
				"userProperties": [],
				"typeProperties": {
					"items": {
						"value": "@activity('Get tables with Dynamic Query DELTA for deletion').output.value",
						"type": "Expression"
					},
					"isSequential": true,
					"activities": [
						{
							"name": "EDW - Handle Error Check Deletion Delta",
							"type": "ExecutePipeline",
							"dependsOn": [
								{
									"activity": "Check source system table comparation",
									"dependencyConditions": [
										"Failed"
									]
								}
							],
							"userProperties": [],
							"typeProperties": {
								"pipeline": {
									"referenceName": "EDW - Handle Error",
									"type": "PipelineReference"
								},
								"waitOnCompletion": true,
								"parameters": {
									"ETL_LoadKey": {
										"value": "@pipeline().parameters.ETL_LoadKey",
										"type": "Expression"
									},
									"Failed_Activity_Name": {
										"value": "@concat('Source deletion in ETL Load (id: ',pipeline().parameters.ETL_LoadKey,') run for ',pipeline().parameters.Source_System)",
										"type": "Expression"
									},
									"Failure_Message": {
										"value": "@variables('Error_Message')",
										"type": "Expression"
									},
									"Pipeline_Name": {
										"value": "@pipeline().Pipeline",
										"type": "Expression"
									},
									"Pipeline_Job_Run_Id": {
										"value": "@pipeline().parameters.Parent_Run_ID",
										"type": "Expression"
									},
									"Source_System": {
										"value": "@pipeline().parameters.Source_System",
										"type": "Expression"
									}
								}
							}
						},
						{
							"name": "Check source system table comparation",
							"type": "Switch",
							"dependsOn": [],
							"userProperties": [],
							"typeProperties": {
								"on": {
									"value": "@concat(toupper(item().Source_System), '_',toupper(item().Source_Deletion_Compare))",
									"type": "Expression"
								},
								"cases": [
									{
										"value": "PSA_EAGLE_DELTA",
										"activities": [
											{
												"name": "EDW - Deletion IDs Detection - Eagle",
												"type": "ExecutePipeline",
												"dependsOn": [
													{
														"activity": "Get Eagle Connection",
														"dependencyConditions": [
															"Succeeded"
														]
													}
												],
												"userProperties": [],
												"typeProperties": {
													"pipeline": {
														"referenceName": "EDW - Deletion IDs Detection - Eagle",
														"type": "PipelineReference"
													},
													"waitOnCompletion": true,
													"parameters": {
														"Batch_Date": "1900-01-01",
														"Parent_Run_ID": {
															"value": "@pipeline().parameters.Parent_Run_ID",
															"type": "Expression"
														},
														"ETL_Load_Key": {
															"value": "@pipeline().parameters.ETL_LoadKey",
															"type": "Expression"
														},
														"Source_System": {
															"value": "@concat(item().Source_System,'_Deletion_Check')",
															"type": "Expression"
														},
														"Load_Param": {
															"value": "@pipeline().parameters.Load_Param",
															"type": "Expression"
														}
													}
												}
											},
											{
												"name": "Get Eagle Connection",
												"type": "Lookup",
												"dependsOn": [],
												"policy": {
													"timeout": "7.00:00:00",
													"retry": 0,
													"retryIntervalInSeconds": 30,
													"secureOutput": false,
													"secureInput": false
												},
												"userProperties": [],
												"typeProperties": {
													"source": {
														"type": "SqlDWSource",
														"sqlReaderQuery": {
															"value": "@concat('Select SQL_Server_Name, SQL_User_Name, SQL_Password_Secret_Name \nFrom [EDW_Config].[Ref_Process_Source_System] \nwhere process_name = ''', pipeline().parameters.Source_System,'''')",
															"type": "Expression"
														},
														"queryTimeout": "02:00:00",
														"partitionOption": "None"
													},
													"dataset": {
														"referenceName": "Azure_ConfigDB",
														"type": "DatasetReference",
														"parameters": {
															"schema": "EDW_Config",
															"table": "Ref_Process_Source_System"
														}
													},
													"firstRowOnly": true
												}
											},
											{
												"name": "Set Error Message Eagle delta",
												"type": "SetVariable",
												"dependsOn": [
													{
														"activity": "EDW - Deletion IDs Detection - Eagle",
														"dependencyConditions": [
															"Failed"
														]
													}
												],
												"policy": {
													"secureOutput": false,
													"secureInput": false
												},
												"userProperties": [],
												"typeProperties": {
													"variableName": "Error_Message",
													"value": {
														"value": "@activity('EDW - Deletion IDs Detection - Eagle').output.pipelineReturnValue.Error.Message",
														"type": "Expression"
													}
												}
											},
											{
												"name": "Set Dummy Eagle delta",
												"type": "SetVariable",
												"dependsOn": [
													{
														"activity": "EDW - Deletion IDs Detection - Eagle",
														"dependencyConditions": [
															"Succeeded"
														]
													}
												],
												"policy": {
													"secureOutput": false,
													"secureInput": false
												},
												"userProperties": [],
												"typeProperties": {
													"variableName": "Dummy",
													"value": "T"
												}
											}
										]
									},
									{
										"value": "PSA_EDP_EAGLE_DELTA",
										"activities": [
											{
												"name": "EDW - Deletion IDs Detection - Eagle_EDP",
												"type": "ExecutePipeline",
												"dependsOn": [
													{
														"activity": "Get Eagle Connection_EDP",
														"dependencyConditions": [
															"Succeeded"
														]
													}
												],
												"userProperties": [],
												"typeProperties": {
													"pipeline": {
														"referenceName": "EDW - Deletion IDs Detection - Eagle",
														"type": "PipelineReference"
													},
													"waitOnCompletion": true,
													"parameters": {
														"Batch_Date": "1900-01-01",
														"Parent_Run_ID": {
															"value": "@pipeline().parameters.Parent_Run_ID",
															"type": "Expression"
														},
														"ETL_Load_Key": {
															"value": "@pipeline().parameters.ETL_LoadKey",
															"type": "Expression"
														},
														"Source_System": {
															"value": "@concat(item().Source_System,'_Deletion_Check')",
															"type": "Expression"
														},
														"Load_Param": {
															"value": "@pipeline().parameters.Load_Param",
															"type": "Expression"
														}
													}
												}
											},
											{
												"name": "Get Eagle Connection_EDP",
												"type": "Lookup",
												"dependsOn": [],
												"policy": {
													"timeout": "7.00:00:00",
													"retry": 0,
													"retryIntervalInSeconds": 30,
													"secureOutput": false,
													"secureInput": false
												},
												"userProperties": [],
												"typeProperties": {
													"source": {
														"type": "SqlDWSource",
														"sqlReaderQuery": {
															"value": "@concat('Select SQL_Server_Name, SQL_User_Name, SQL_Password_Secret_Name \nFrom [EDW_Config].[Ref_Process_Source_System] \nwhere process_name = ''', pipeline().parameters.Source_System,'''')",
															"type": "Expression"
														},
														"queryTimeout": "02:00:00",
														"partitionOption": "None"
													},
													"dataset": {
														"referenceName": "Azure_ConfigDB",
														"type": "DatasetReference",
														"parameters": {
															"schema": "EDW_Config",
															"table": "Ref_Process_Source_System"
														}
													},
													"firstRowOnly": true
												}
											},
											{
												"name": "Set Error Message Eagle delta_EDP",
												"type": "SetVariable",
												"dependsOn": [
													{
														"activity": "EDW - Deletion IDs Detection - Eagle_EDP",
														"dependencyConditions": [
															"Failed"
														]
													}
												],
												"policy": {
													"secureOutput": false,
													"secureInput": false
												},
												"userProperties": [],
												"typeProperties": {
													"variableName": "Error_Message",
													"value": {
														"value": "@activity('EDW - Deletion IDs Detection - Eagle_EDP').output.Error.Message",
														"type": "Expression"
													}
												}
											},
											{
												"name": "Set Dummy Eagle delta_EDP",
												"type": "SetVariable",
												"dependsOn": [
													{
														"activity": "EDW - Deletion IDs Detection - Eagle_EDP",
														"dependencyConditions": [
															"Succeeded"
														]
													}
												],
												"policy": {
													"secureOutput": false,
													"secureInput": false
												},
												"userProperties": [],
												"typeProperties": {
													"variableName": "Dummy",
													"value": "T"
												}
											}
										]
									}
								]
							}
						},
						{
							"name": "Set Dummy Del Table Load",
							"type": "SetVariable",
							"dependsOn": [
								{
									"activity": "Check source system table comparation",
									"dependencyConditions": [
										"Succeeded"
									]
								}
							],
							"policy": {
								"secureOutput": false,
								"secureInput": false
							},
							"userProperties": [],
							"typeProperties": {
								"variableName": "Dummy",
								"value": "T"
							}
						}
					]
				}
			}
		],
		"parameters": {
			"Source_System": {
				"type": "string"
			},
			"LoadType": {
				"type": "string"
			},
			"ETL_LoadKey": {
				"type": "string"
			},
			"Parent_Run_ID": {
				"type": "string"
			},
			"Check_Deletion_Type": {
				"type": "string"
			},
			"Load_Param": {
				"type": "string"
			}
		},
		"variables": {
			"cancel_job_url": {
				"type": "String"
			},
			"email_subject": {
				"type": "String"
			},
			"email_body": {
				"type": "String"
			},
			"Load_Dts": {
				"type": "String"
			},
			"Dummy": {
				"type": "String"
			},
			"Error_Message": {
				"type": "String"
			}
		},
		"folder": {
			"name": "Datawarehouse/CDC Deletion Process"
		},
		"annotations": [],
		"lastPublishTime": "2022-02-23T19:49:49Z"
	},
	"type": "Microsoft.DataFactory/factories/pipelines"
}