{
	"name": "EDW Load - Trigger",
	"properties": {
		"description": "Triggers source processing by putting messages into a message queue",
		"activities": [
			{
				"name": "If Configuration Found",
				"type": "IfCondition",
				"dependsOn": [
					{
						"activity": "Get source dedicated run flag",
						"dependencyConditions": [
							"Succeeded"
						]
					}
				],
				"userProperties": [],
				"typeProperties": {
					"expression": {
						"value": "@not(equals(activity('Get source dedicated run flag').output.firstRow.Dedicated_Run, -1))",
						"type": "Expression"
					},
					"ifTrueActivities": [
						{
							"name": "Set Message",
							"type": "SetVariable",
							"dependsOn": [
								{
									"activity": "Set Dedicated Run",
									"dependencyConditions": [
										"Succeeded"
									]
								}
							],
							"policy": {
								"secureOutput": false,
								"secureInput": false
							},
							"userProperties": [],
							"typeProperties": {
								"variableName": "message",
								"value": {
									"value": "@replace(\n    replace(\n        replace(\n            replace(\n                replace(variables('message_template'), \n                    '<source_system>', pipeline().parameters.Source_System),\n                '<load_type>', pipeline().parameters.Load_Type),\n            '<batch_date>', string(pipeline().parameters.Batch_Date)),\n        '<load_param>', string(pipeline().parameters.Load_Param)),\n    '<dedicated>', variables('dedicated_run')\n)",
									"type": "Expression"
								}
							}
						},
						{
							"name": "Function -  SendQueueMessage",
							"type": "AzureFunctionActivity",
							"dependsOn": [
								{
									"activity": "Set Message",
									"dependencyConditions": [
										"Succeeded"
									]
								}
							],
							"policy": {
								"timeout": "0.12:00:00",
								"retry": 0,
								"retryIntervalInSeconds": 30,
								"secureOutput": false,
								"secureInput": false
							},
							"userProperties": [],
							"typeProperties": {
								"functionName": "SendQueueMessage",
								"method": "POST",
								"body": {
									"value": "@concat('{ \"QueueName\":\"', variables('queue_name'), '\", \"Message\":', variables('message'), '}')",
									"type": "Expression"
								}
							},
							"linkedServiceName": {
								"referenceName": "IDPFunction",
								"type": "LinkedServiceReference",
								"parameters": {
									"Function_URL": {
										"value": "@pipeline().globalParameters.Azure_FunctionApp_URL",
										"type": "Expression"
									},
									"Function_ResourceID": {
										"value": "@pipeline().globalParameters.Azure_FunctionApp_ID",
										"type": "Expression"
									}
								}
							}
						},
						{
							"name": "Set Dedicated Run",
							"type": "SetVariable",
							"dependsOn": [],
							"policy": {
								"secureOutput": false,
								"secureInput": false
							},
							"userProperties": [],
							"typeProperties": {
								"variableName": "dedicated_run",
								"value": {
									"value": "@string(if(equals(activity('Get source dedicated run flag').output.firstRow.Dedicated_Run, 1), 1, 0))",
									"type": "Expression"
								}
							}
						}
					]
				}
			},
			{
				"name": "Get source dedicated run flag",
				"type": "Lookup",
				"dependsOn": [],
				"policy": {
					"timeout": "0.12:00:00",
					"retry": 0,
					"retryIntervalInSeconds": 30,
					"secureOutput": false,
					"secureInput": false
				},
				"userProperties": [],
				"typeProperties": {
					"source": {
						"type": "SqlDWSource",
						"sqlReaderStoredProcedureName": "[EDW_ETL].[Get_Source_Dedicated_Flag]",
						"storedProcedureParameters": {
							"load_type": {
								"type": "String",
								"value": {
									"value": "@pipeline().parameters.Load_Type",
									"type": "Expression"
								}
							},
							"source_system": {
								"type": "String",
								"value": {
									"value": "@pipeline().parameters.Source_System",
									"type": "Expression"
								}
							}
						},
						"queryTimeout": "02:00:00",
						"partitionOption": "None"
					},
					"dataset": {
						"referenceName": "Azure_ConfigDB",
						"type": "DatasetReference",
						"parameters": {
							"schema": "EDW_ETL",
							"table": "Get_Source_Dedicated_Flag"
						}
					},
					"firstRowOnly": true
				}
			}
		],
		"parameters": {
			"Source_System": {
				"type": "string",
				"defaultValue": "ManualOverride"
			},
			"Load_Type": {
				"type": "string",
				"defaultValue": "DELTA"
			},
			"Batch_Date": {
				"type": "string"
			},
			"Load_Param": {
				"type": "string"
			}
		},
		"variables": {
			"dedicated_run": {
				"type": "String",
				"defaultValue": "0"
			},
			"message_template": {
				"type": "String",
				"defaultValue": "{\"source_system\":\"<source_system>\",\"load_type\":\"<load_type>\",\"batch_date\":\"<batch_date>\",\"load_param\":\"<load_param>\",\"dedicated\":\"<dedicated>\"}"
			},
			"message": {
				"type": "String"
			},
			"queue_name": {
				"type": "String",
				"defaultValue": "dispatcher-queue"
			}
		},
		"folder": {
			"name": "Datawarehouse"
		},
		"annotations": [],
		"lastPublishTime": "2022-02-23T19:49:51Z"
	},
	"type": "Microsoft.DataFactory/factories/pipelines"
}