{
	"name": "EDW - Load From SharePoint File_FuncApp",
	"properties": {
		"activities": [
			{
				"name": "Get SharePoint Secret",
				"type": "WebActivity",
				"dependsOn": [
					{
						"activity": "Get SharePoint Config",
						"dependencyConditions": [
							"Succeeded"
						]
					}
				],
				"policy": {
					"timeout": "7.00:00:00",
					"retry": 0,
					"retryIntervalInSeconds": 30,
					"secureOutput": true,
					"secureInput": false
				},
				"userProperties": [],
				"typeProperties": {
					"url": {
						"value": "@activity('Get SharePoint Config').output.firstRow.KeyVault_URL",
						"type": "Expression"
					},
					"method": "GET",
					"authentication": {
						"type": "MSI",
						"resource": "https://vault.azure.net"
					}
				}
			},
			{
				"name": "Set Client Secret",
				"type": "SetVariable",
				"dependsOn": [
					{
						"activity": "Get SharePoint Secret",
						"dependencyConditions": [
							"Succeeded"
						]
					}
				],
				"userProperties": [],
				"typeProperties": {
					"variableName": "ClientSecret",
					"value": {
						"value": "@activity('Get SharePoint Secret').output.value",
						"type": "Expression"
					}
				}
			},
			{
				"name": "Get SharePoint Config",
				"type": "Lookup",
				"dependsOn": [
					{
						"activity": "Info check document name parameter",
						"dependencyConditions": [
							"Succeeded"
						]
					}
				],
				"policy": {
					"timeout": "7.00:00:00",
					"retry": 0,
					"retryIntervalInSeconds": 30,
					"secureOutput": false,
					"secureInput": false
				},
				"userProperties": [],
				"typeProperties": {
					"source": {
						"type": "SqlDWSource",
						"sqlReaderQuery": {
							"value": "@concat('SELECT [KeyVault_URL]\n      ,[SharePoint_Tenant_ID]\n      ,[SharePoint_Tenant_Name]\n      ,[Client_ID]\n  FROM [EDW_Config].[SharePoint_Document]\n  where Enabled=1 and SharePoint_URL =''', trim(pipeline().parameters.SharePoint_URL), ''' And [Load_Type] =''',pipeline().parameters.Load_Type, '''')",
							"type": "Expression"
						},
						"queryTimeout": "02:00:00",
						"partitionOption": "None"
					},
					"dataset": {
						"referenceName": "Azure_ConfigDB",
						"type": "DatasetReference",
						"parameters": {
							"schema": "EDW_Config",
							"table": "SharePoint_Document"
						}
					}
				}
			},
			{
				"name": "Info check document name parameter",
				"type": "SetVariable",
				"dependsOn": [],
				"userProperties": [],
				"typeProperties": {
					"variableName": "v_DocumentName",
					"value": {
						"value": "@pipeline().parameters.Document_Name",
						"type": "Expression"
					}
				}
			},
			{
				"name": "Put Or Save",
				"type": "Switch",
				"dependsOn": [
					{
						"activity": "Set Client Secret",
						"dependencyConditions": [
							"Succeeded"
						]
					}
				],
				"userProperties": [],
				"typeProperties": {
					"on": {
						"value": "@toUpper(pipeline().parameters.Transfer_Type)",
						"type": "Expression"
					},
					"cases": [
						{
							"value": "GET",
							"activities": [
								{
									"name": "Resset variable to fail pipeline if error",
									"type": "SetVariable",
									"dependsOn": [
										{
											"activity": "Copy to ADLS",
											"dependencyConditions": [
												"Succeeded"
											]
										}
									],
									"userProperties": [],
									"typeProperties": {
										"variableName": "v_DocumentName",
										"value": {
											"value": "@pipeline().parameters.Document_Name",
											"type": "Expression"
										}
									}
								},
								{
									"name": "Set to Error",
									"type": "SetVariable",
									"dependsOn": [
										{
											"activity": "Copy to ADLS",
											"dependencyConditions": [
												"Failed"
											]
										}
									],
									"userProperties": [],
									"typeProperties": {
										"variableName": "ErrorMessage",
										"value": {
											"value": "@activity('Copy To ADLS').Error.Message",
											"type": "Expression"
										}
									}
								},
								{
									"name": "Set JSON Body_download",
									"type": "SetVariable",
									"dependsOn": [],
									"userProperties": [],
									"typeProperties": {
										"variableName": "JSONBody",
										"value": {
											"value": "@concat('{\"container\": \"',pipeline().globalParameters.Env,'\",\n\t\t\"tgtFilePath\": \"',pipeline().parameters.ADLS_Destination_Path,'\",\n\t\t\"srcFilePath\": \"',pipeline().parameters.Document_Path, '\",\n\t\t\"srcFileName\": \"',pipeline().parameters.Document_Name,'\",\n\t\t\"clientID\" : \"' ,activity('Get SharePoint Config').output.firstRow.Client_ID,'\",\n\t\t\"clientSecret\" : \"' ,replace(variables('ClientSecret'),'%2B','+'),'\",\n\t\t\"clientSubFolder\": \"',pipeline().parameters.Document_Path,'\",\n\t\t\"siteURL\": \"',pipeline().parameters.SharePoint_URL,'\"\n\t\t}')",
											"type": "Expression"
										}
									}
								},
								{
									"name": "Copy to ADLS",
									"type": "AzureFunctionActivity",
									"dependsOn": [
										{
											"activity": "Set JSON Body_download",
											"dependencyConditions": [
												"Succeeded"
											]
										}
									],
									"policy": {
										"timeout": "7.00:00:00",
										"retry": 0,
										"retryIntervalInSeconds": 30,
										"secureOutput": false,
										"secureInput": false
									},
									"userProperties": [],
									"typeProperties": {
										"functionName": "SharePointToADLS",
										"method": "POST",
										"body": {
											"value": "@variables('JSONBody')",
											"type": "Expression"
										}
									},
									"linkedServiceName": {
										"referenceName": "IDPFunction",
										"type": "LinkedServiceReference",
										"parameters": {
											"Function_URL": {
												"value": "@pipeline().globalParameters.Azure_FunctionApp_URL",
												"type": "Expression"
											},
											"Function_ResourceID": {
												"value": "@pipeline().globalParameters.Azure_FunctionApp_ID",
												"type": "Expression"
											}
										}
									}
								}
							]
						},
						{
							"value": "PUT",
							"activities": [
								{
									"name": "Set JSON Body",
									"type": "SetVariable",
									"dependsOn": [],
									"userProperties": [],
									"typeProperties": {
										"variableName": "JSONBody",
										"value": {
											"value": "@concat('{\"container\": \"',pipeline().globalParameters.Env,'\",\n\t\t\"responseFilePath\": \"',pipeline().parameters.ADLS_Destination_Path,'\",\n\t\t\"responseFileName\": \"',pipeline().parameters.Document_Name,'\",\n\t\t\"clientID\" : \"' ,activity('Get SharePoint Config').output.firstRow.Client_ID,'\",\n\t\t\"clientSecret\" : \"' ,replace(variables('ClientSecret'),'%2B','+'),'\",\n\t\t\"clientSubFolder\": \"',pipeline().parameters.Document_Path,'\",\n\t\t\"siteURL\": \"',pipeline().parameters.SharePoint_URL,'\"\n\t\t}')",
											"type": "Expression"
										}
									}
								},
								{
									"name": "Dummy - variable set",
									"type": "SetVariable",
									"dependsOn": [
										{
											"activity": "Load File to SharePoint",
											"dependencyConditions": [
												"Succeeded"
											]
										}
									],
									"userProperties": [],
									"typeProperties": {
										"variableName": "v_DocumentName",
										"value": {
											"value": "@pipeline().parameters.Document_Name",
											"type": "Expression"
										}
									}
								},
								{
									"name": "Load File to SharePoint",
									"type": "AzureFunctionActivity",
									"dependsOn": [
										{
											"activity": "Set JSON Body",
											"dependencyConditions": [
												"Succeeded"
											]
										}
									],
									"policy": {
										"timeout": "7.00:00:00",
										"retry": 0,
										"retryIntervalInSeconds": 30,
										"secureOutput": false,
										"secureInput": false
									},
									"userProperties": [],
									"typeProperties": {
										"functionName": "ADLSToSharePoint",
										"method": "POST",
										"body": {
											"value": "@variables('JSONBody')",
											"type": "Expression"
										}
									},
									"linkedServiceName": {
										"referenceName": "IDPFunction",
										"type": "LinkedServiceReference",
										"parameters": {
											"Function_URL": {
												"value": "@pipeline().globalParameters.Azure_FunctionApp_URL",
												"type": "Expression"
											},
											"Function_ResourceID": {
												"value": "@pipeline().globalParameters.Azure_FunctionApp_ID",
												"type": "Expression"
											}
										}
									}
								},
								{
									"name": "Set upload SharePoint error message",
									"type": "SetVariable",
									"dependsOn": [
										{
											"activity": "Load File to SharePoint",
											"dependencyConditions": [
												"Failed"
											]
										}
									],
									"userProperties": [],
									"typeProperties": {
										"variableName": "ErrorMessage",
										"value": {
											"value": "@activity('Load File to SharePoint').Error.Message",
											"type": "Expression"
										}
									}
								}
							]
						}
					]
				}
			},
			{
				"name": "check if send error when file missing",
				"type": "IfCondition",
				"dependsOn": [
					{
						"activity": "Put Or Save",
						"dependencyConditions": [
							"Failed"
						]
					}
				],
				"userProperties": [],
				"typeProperties": {
					"expression": {
						"value": "@equals(pipeline().parameters.Ignore_File_Missing_Error, 'False')",
						"type": "Expression"
					},
					"ifTrueActivities": [
						{
							"name": "EDW - Handle Error Put",
							"type": "ExecutePipeline",
							"dependsOn": [
								{
									"activity": "Set dummy",
									"dependencyConditions": [
										"Succeeded"
									]
								}
							],
							"userProperties": [],
							"typeProperties": {
								"pipeline": {
									"referenceName": "EDW - Handle Error",
									"type": "PipelineReference"
								},
								"waitOnCompletion": true,
								"parameters": {
									"ETL_LoadKey": {
										"value": "@pipeline().parameters.ETL_Load_Key",
										"type": "Expression"
									},
									"Failed_Activity_Name": {
										"value": "@concat('Download from SharePoint for ETL Load (id: ',pipeline().parameters.ETL_Load_Key,') run for ',pipeline().parameters.Load_Type)",
										"type": "Expression"
									},
									"Failure_Message": {
										"value": "@concat('<p>SharePoint URL: ',pipeline().parameters.SharePoint_URL,'</p><p>Document Path: ',pipeline().parameters.Document_Path,'</p><p>Document Name: ',pipeline().parameters.Document_Name,'</p><p>',variables('ErrorMessage'),'</p>')",
										"type": "Expression"
									},
									"Pipeline_Name": {
										"value": "@pipeline().Pipeline",
										"type": "Expression"
									},
									"Pipeline_Job_Run_Id": {
										"value": "@pipeline().parameters.Parent_Run_ID",
										"type": "Expression"
									},
									"Source_System": {
										"value": "@pipeline().parameters.Load_Type",
										"type": "Expression"
									}
								}
							}
						},
						{
							"name": "Fail current pipeline",
							"type": "Fail",
							"dependsOn": [
								{
									"activity": "Set dummy",
									"dependencyConditions": [
										"Succeeded"
									]
								}
							],
							"userProperties": [],
							"typeProperties": {
								"message": {
									"value": "@variables('ErrorMessage')",
									"type": "Expression"
								},
								"errorCode": "1"
							}
						},
						{
							"name": "Set dummy",
							"type": "SetVariable",
							"dependsOn": [],
							"userProperties": [],
							"typeProperties": {
								"variableName": "v_DocumentName",
								"value": {
									"value": "@pipeline().parameters.Document_Name",
									"type": "Expression"
								}
							}
						}
					]
				}
			},
			{
				"name": "Is Archive",
				"type": "IfCondition",
				"dependsOn": [
					{
						"activity": "Put Or Save",
						"dependencyConditions": [
							"Succeeded"
						]
					}
				],
				"userProperties": [],
				"typeProperties": {
					"expression": {
						"value": "@equals(int(pipeline().parameters.Archive),1)",
						"type": "Expression"
					},
					"ifTrueActivities": [
						{
							"name": "Archive",
							"type": "Copy",
							"dependsOn": [],
							"policy": {
								"timeout": "7.00:00:00",
								"retry": 0,
								"retryIntervalInSeconds": 30,
								"secureOutput": false,
								"secureInput": false
							},
							"userProperties": [],
							"typeProperties": {
								"source": {
									"type": "BinarySource",
									"storeSettings": {
										"type": "AzureBlobFSReadSettings",
										"recursive": true
									},
									"formatSettings": {
										"type": "BinaryReadSettings"
									}
								},
								"sink": {
									"type": "BinarySink",
									"storeSettings": {
										"type": "AzureBlobFSWriteSettings"
									}
								},
								"enableStaging": false
							},
							"inputs": [
								{
									"referenceName": "ds_ADLS_Binary",
									"type": "DatasetReference",
									"parameters": {
										"env": {
											"value": "@pipeline().globalParameters.Env",
											"type": "Expression"
										},
										"folder_path": {
											"value": "@pipeline().parameters.ADLS_Destination_Path",
											"type": "Expression"
										},
										"file_name": {
											"value": "@pipeline().parameters.Document_Name",
											"type": "Expression"
										},
										"Container_Name": {
											"value": "@pipeline().globalParameters.Azure_Container_Name",
											"type": "Expression"
										}
									}
								}
							],
							"outputs": [
								{
									"referenceName": "ds_ADLS_Binary",
									"type": "DatasetReference",
									"parameters": {
										"env": {
											"value": "@pipeline().globalParameters.Env",
											"type": "Expression"
										},
										"folder_path": {
											"value": "@concat(pipeline().parameters.ADLS_Destination_Path,'Archive/')",
											"type": "Expression"
										},
										"file_name": {
											"value": "@pipeline().parameters.Document_Name",
											"type": "Expression"
										},
										"Container_Name": {
											"value": "@pipeline().globalParameters.Azure_Container_Name",
											"type": "Expression"
										}
									}
								}
							]
						},
						{
							"name": "Delete1",
							"type": "Delete",
							"dependsOn": [
								{
									"activity": "Archive",
									"dependencyConditions": [
										"Succeeded"
									]
								}
							],
							"policy": {
								"timeout": "7.00:00:00",
								"retry": 0,
								"retryIntervalInSeconds": 30,
								"secureOutput": false,
								"secureInput": false
							},
							"userProperties": [],
							"typeProperties": {
								"dataset": {
									"referenceName": "ds_ADLS_Binary",
									"type": "DatasetReference",
									"parameters": {
										"env": {
											"value": "@pipeline().globalParameters.Env",
											"type": "Expression"
										},
										"folder_path": {
											"value": "@pipeline().parameters.ADLS_Destination_Path",
											"type": "Expression"
										},
										"file_name": {
											"value": "@pipeline().parameters.Document_Name",
											"type": "Expression"
										},
										"Container_Name": {
											"value": "@pipeline().globalParameters.Azure_Container_Name",
											"type": "Expression"
										}
									}
								},
								"enableLogging": false,
								"storeSettings": {
									"type": "AzureBlobFSReadSettings",
									"recursive": true,
									"enablePartitionDiscovery": false
								}
							}
						}
					]
				}
			}
		],
		"parameters": {
			"Load_Type": {
				"type": "string",
				"defaultValue": "SharePoint_Cash_Collateral_MS"
			},
			"Document_Name": {
				"type": "string",
				"defaultValue": "IMCOO-FuturesOptionsStatements.20210906.pdf"
			},
			"ETL_Load_Key": {
				"type": "string"
			},
			"Parent_Run_ID": {
				"type": "string"
			},
			"SharePoint_URL": {
				"type": "string",
				"defaultValue": "https://imcoinvest.sharepoint.com/sites/CASHCollateral"
			},
			"Document_Path": {
				"type": "string",
				"defaultValue": "/sites/CASHCollateral/Shared Documents/Futures Statements/MS/"
			},
			"ADLS_Destination_Path": {
				"type": "string",
				"defaultValue": "/staging/sftp/MorganStanley/pull/Decrypted/"
			},
			"Transfer_Type": {
				"type": "string",
				"defaultValue": "PUT"
			},
			"ADLS_Container": {
				"type": "string",
				"defaultValue": "[ADLS_Environment]"
			},
			"Ignore_File_Missing_Error": {
				"type": "string",
				"defaultValue": "False"
			},
			"Archive": {
				"type": "string"
			}
		},
		"variables": {
			"ClientSecret": {
				"type": "String"
			},
			"v_DocumentName": {
				"type": "String"
			},
			"JSONBody": {
				"type": "String"
			},
			"ErrorMessage": {
				"type": "String"
			}
		},
		"folder": {
			"name": "Datawarehouse/SharePoint/By_Func_App"
		},
		"annotations": [],
		"lastPublishTime": "2022-03-04T19:15:56Z"
	},
	"type": "Microsoft.DataFactory/factories/pipelines"
}