{
	"name": "EDW - Load SFTP - Main",
	"properties": {
		"description": "for debug\n1) Proc set to 5 row.\n2) pull loop, set status = 'Completed' on fail, ",
		"activities": [
			{
				"name": "Get File List",
				"description": "ORDER BY [Transfer_Type] DESC, make sure PUSH come 1st.",
				"type": "Lookup",
				"dependsOn": [],
				"policy": {
					"timeout": "7.00:00:00",
					"retry": 0,
					"retryIntervalInSeconds": 30,
					"secureOutput": false,
					"secureInput": false
				},
				"userProperties": [],
				"typeProperties": {
					"source": {
						"type": "SqlDWSource",
						"sqlReaderQuery": {
							"value": "@concat('\n    SELECT\n        PGP_Key_Name,\n        coalesce(Archive,0) Archive,coalesce(Wait_Time,60) Wait_Time ,coalesce(retry_attempt,5) retry_attempt\n        ,Transfer_Type,Proc_Name,Host,User_Name,AKV_Linked_Service,Secret_Name,SFTP_File_Path,ADLS_File_Path,ADLS_File_Path_Returned,\n        replace([File_name],''<date>'', case when SFTP_File_Time_Flag = 1 then concat(''',pipeline().parameters.Batch_Date,''',''',pipeline().parameters.Time_Stamp,''') else ''',pipeline().parameters.Batch_Date,''' end) AS file_name,\n        replace([File_Name_Returned],''<date>'', case when SFTP_File_Time_Flag = 1 then concat(''',pipeline().parameters.Batch_Date,''',''',pipeline().parameters.Time_Stamp,''') else ''',pipeline().parameters.Batch_Date,''' end) AS File_Name_Returned,\n        replace([File_name],''<date>'', case when SFTP_File_Time_Flag = 1 then concat(''',formatDateTime(utcnow(), 'yyyyMMdd'),''',''',pipeline().parameters.Time_Stamp,''') else ''',formatDateTime(utcnow(), 'yyyyMMdd'),''' end) AS sftp_file_name\n        ,Integration_Runtime\n    FROM [EDW_Config].[SFTP_Vendors] \n    WHERE Source_System = ''', pipeline().parameters.source_system,'''\n        AND Transfer_Type = ''', pipeline().parameters.Transfer_Type,'''\n        AND (Load_Type=''All'' or Load_Type = ''', pipeline().parameters.Load_Type,''')\n        AND [Enabled] = 1 AND Transfer_Type = ''PUSH''\n    ORDER BY [Transfer_Type] DESC\n')",
							"type": "Expression"
						},
						"queryTimeout": "02:00:00",
						"partitionOption": "None"
					},
					"dataset": {
						"referenceName": "Azure_ConfigDB",
						"type": "DatasetReference",
						"parameters": {
							"schema": "EDW_Config",
							"table": "SFTP_Vendors"
						}
					},
					"firstRowOnly": false
				}
			},
			{
				"name": "ForEach File Push",
				"description": " ",
				"type": "ForEach",
				"dependsOn": [
					{
						"activity": "Get File List",
						"dependencyConditions": [
							"Succeeded"
						]
					}
				],
				"userProperties": [],
				"typeProperties": {
					"items": {
						"value": "@activity('Get File List').output.value",
						"type": "Expression"
					},
					"isSequential": false,
					"activities": [
						{
							"name": "Is Push",
							"type": "IfCondition",
							"dependsOn": [],
							"userProperties": [],
							"typeProperties": {
								"expression": {
									"value": "@equals(toUpper(item().Transfer_Type),'PUSH')",
									"type": "Expression"
								},
								"ifTrueActivities": [
									{
										"name": "Push File PL",
										"type": "ExecutePipeline",
										"dependsOn": [],
										"userProperties": [],
										"typeProperties": {
											"pipeline": {
												"referenceName": "EDW - SFTP Push Loop",
												"type": "PipelineReference"
											},
											"waitOnCompletion": true,
											"parameters": {
												"source_system": {
													"value": "@pipeline().parameters.Source_System",
													"type": "Expression"
												},
												"parent_runid": {
													"value": "@pipeline().parameters.Parent_Run_ID",
													"type": "Expression"
												},
												"adls_path": {
													"value": "@item().ADLS_File_Path",
													"type": "Expression"
												},
												"sftp_host": {
													"value": "@item().Host",
													"type": "Expression"
												},
												"user_name": {
													"value": "@item().User_Name",
													"type": "Expression"
												},
												"kvls": {
													"value": "@item().AKV_Linked_Service",
													"type": "Expression"
												},
												"secret_name": {
													"value": "@item().Secret_Name",
													"type": "Expression"
												},
												"sftp_path": {
													"value": "@item().SFTP_File_Path",
													"type": "Expression"
												},
												"file_name": {
													"value": "@item().file_name",
													"type": "Expression"
												},
												"load_key": {
													"value": "@pipeline().parameters.ETL_LoadKey",
													"type": "Expression"
												},
												"wait_time": {
													"value": "@item().Wait_Time",
													"type": "Expression"
												},
												"retry_attempt": {
													"value": "@item().retry_attempt",
													"type": "Expression"
												},
												"integration_runtime": {
													"value": "@item().Integration_Runtime",
													"type": "Expression"
												}
											}
										}
									}
								]
							}
						}
					]
				}
			},
			{
				"name": "ForEach File Pull",
				"description": "",
				"type": "ForEach",
				"dependsOn": [
					{
						"activity": "Get Final Files",
						"dependencyConditions": [
							"Succeeded"
						]
					}
				],
				"userProperties": [],
				"typeProperties": {
					"items": {
						"value": "@activity('Get Final Files').output.value",
						"type": "Expression"
					},
					"isSequential": false,
					"batchCount": 3,
					"activities": [
						{
							"name": "Is Pull",
							"type": "IfCondition",
							"dependsOn": [],
							"userProperties": [],
							"typeProperties": {
								"expression": {
									"value": "@equals(toUpper(item().Transfer_Type),'PULL')",
									"type": "Expression"
								},
								"ifTrueActivities": [
									{
										"name": "Pull File PL",
										"type": "ExecutePipeline",
										"dependsOn": [],
										"userProperties": [],
										"typeProperties": {
											"pipeline": {
												"referenceName": "EDW - SFTP Pull Loop",
												"type": "PipelineReference"
											},
											"waitOnCompletion": true,
											"parameters": {
												"source_system": {
													"value": "@pipeline().parameters.Source_System",
													"type": "Expression"
												},
												"parent_runid": {
													"value": "@pipeline().parameters.Parent_Run_ID",
													"type": "Expression"
												},
												"adls_path": {
													"value": "@item().ADLS_File_Path",
													"type": "Expression"
												},
												"sftp_host": {
													"value": "@item().Host",
													"type": "Expression"
												},
												"user_name": {
													"value": "@item().User_Name",
													"type": "Expression"
												},
												"kvls": {
													"value": "@item().AKV_Linked_Service",
													"type": "Expression"
												},
												"secret_name": {
													"value": "@item().Secret_Name",
													"type": "Expression"
												},
												"sftp_path": {
													"value": "@item().SFTP_File_Path",
													"type": "Expression"
												},
												"file_name": {
													"value": "@item().file_name",
													"type": "Expression"
												},
												"load_key": {
													"value": "@pipeline().parameters.ETL_LoadKey",
													"type": "Expression"
												},
												"wait_time": {
													"value": "@item().Wait_Time",
													"type": "Expression"
												},
												"retry_attempt": {
													"value": "@item().retry_attempt",
													"type": "Expression"
												},
												"integration_runtime": {
													"value": "@item().Integration_Runtime",
													"type": "Expression"
												},
												"Ignore_File_Missing_Error": {
													"value": "@item().Ignore_File_Missing_Error",
													"type": "Expression"
												}
											}
										}
									}
								]
							}
						},
						{
							"name": "Is Archive",
							"type": "IfCondition",
							"dependsOn": [
								{
									"activity": "Is Pull",
									"dependencyConditions": [
										"Succeeded"
									]
								}
							],
							"userProperties": [],
							"typeProperties": {
								"expression": {
									"value": "@equals(int(item().Archive),1)",
									"type": "Expression"
								},
								"ifTrueActivities": [
									{
										"name": "Archive",
										"type": "Copy",
										"dependsOn": [],
										"policy": {
											"timeout": "7.00:00:00",
											"retry": 0,
											"retryIntervalInSeconds": 30,
											"secureOutput": false,
											"secureInput": false
										},
										"userProperties": [],
										"typeProperties": {
											"source": {
												"type": "BinarySource",
												"storeSettings": {
													"type": "AzureBlobFSReadSettings",
													"recursive": true
												},
												"formatSettings": {
													"type": "BinaryReadSettings"
												}
											},
											"sink": {
												"type": "BinarySink",
												"storeSettings": {
													"type": "AzureBlobFSWriteSettings"
												}
											},
											"enableStaging": false
										},
										"inputs": [
											{
												"referenceName": "ds_ADLS_Binary",
												"type": "DatasetReference",
												"parameters": {
													"env": {
														"value": "@pipeline().globalParameters.Env",
														"type": "Expression"
													},
													"folder_path": {
														"value": "@item().ADLS_File_Path_Returned",
														"type": "Expression"
													},
													"file_name": {
														"value": "@item().File_Name_Returned",
														"type": "Expression"
													},
													"Container_Name": {
														"value": "@pipeline().globalParameters.Azure_Container_Name",
														"type": "Expression"
													}
												}
											}
										],
										"outputs": [
											{
												"referenceName": "ds_ADLS_Binary",
												"type": "DatasetReference",
												"parameters": {
													"env": {
														"value": "@pipeline().globalParameters.Env",
														"type": "Expression"
													},
													"folder_path": {
														"value": "@concat(item().ADLS_File_Path_Returned,'Archive/')",
														"type": "Expression"
													},
													"file_name": {
														"value": "@item().File_Name_Returned",
														"type": "Expression"
													},
													"Container_Name": {
														"value": "@pipeline().globalParameters.Azure_Container_Name",
														"type": "Expression"
													}
												}
											}
										]
									},
									{
										"name": "Delete1",
										"type": "Delete",
										"dependsOn": [
											{
												"activity": "Archive",
												"dependencyConditions": [
													"Succeeded"
												]
											}
										],
										"policy": {
											"timeout": "7.00:00:00",
											"retry": 0,
											"retryIntervalInSeconds": 30,
											"secureOutput": false,
											"secureInput": false
										},
										"userProperties": [],
										"typeProperties": {
											"dataset": {
												"referenceName": "ds_ADLS_Binary",
												"type": "DatasetReference",
												"parameters": {
													"env": {
														"value": "@pipeline().globalParameters.Env",
														"type": "Expression"
													},
													"folder_path": {
														"value": "@item().ADLS_File_Path_Returned",
														"type": "Expression"
													},
													"file_name": {
														"value": "@item().file_name_returned",
														"type": "Expression"
													},
													"Container_Name": {
														"value": "@pipeline().globalParameters.Azure_Container_Name",
														"type": "Expression"
													}
												}
											},
											"enableLogging": false,
											"storeSettings": {
												"type": "AzureBlobFSReadSettings",
												"recursive": true,
												"enablePartitionDiscovery": false
											}
										}
									}
								]
							}
						}
					]
				}
			},
			{
				"name": "Get latest modified date files - wildcard",
				"type": "ForEach",
				"dependsOn": [
					{
						"activity": "Get file list - Wildcard",
						"dependencyConditions": [
							"Succeeded"
						]
					}
				],
				"userProperties": [],
				"typeProperties": {
					"items": {
						"value": "@activity('Get file list - Wildcard').output.value",
						"type": "Expression"
					},
					"batchCount": 6,
					"activities": [
						{
							"name": "Check Auto Or Self Hosted",
							"type": "IfCondition",
							"dependsOn": [],
							"userProperties": [],
							"typeProperties": {
								"expression": {
									"value": "@equals(activity('Check source_system connection type').output.firstRow.Integration_Runtime ,'AutoResolve')",
									"type": "Expression"
								},
								"ifFalseActivities": [
									{
										"name": "Get Metadata_File_Self",
										"type": "GetMetadata",
										"dependsOn": [],
										"policy": {
											"timeout": "0.12:00:00",
											"retry": 0,
											"retryIntervalInSeconds": 30,
											"secureOutput": false,
											"secureInput": false
										},
										"userProperties": [],
										"typeProperties": {
											"dataset": {
												"referenceName": "ds_SFTP_Binary",
												"type": "DatasetReference",
												"parameters": {
													"ds_vendorFP": {
														"value": "@activity('Check source_system connection type').output.firstRow.SFTP_File_Path",
														"type": "Expression"
													},
													"ds_vendorfn": {
														"value": "@item().File_name",
														"type": "Expression"
													},
													"ds_host": {
														"value": "@activity('Check source_system connection type').output.firstRow.Host",
														"type": "Expression"
													},
													"ds_user": {
														"value": "@activity('Check source_system connection type').output.firstRow.User_Name",
														"type": "Expression"
													},
													"ds_secret": {
														"value": "@activity('Check source_system connection type').output.firstRow.Secret_Name",
														"type": "Expression"
													}
												}
											},
											"fieldList": [
												"itemName",
												"lastModified"
											],
											"storeSettings": {
												"type": "SftpReadSettings",
												"recursive": true,
												"enablePartitionDiscovery": false,
												"disableChunking": false
											},
											"formatSettings": {
												"type": "BinaryReadSettings"
											}
										}
									},
									{
										"name": "Insert Log - Self",
										"type": "Script",
										"dependsOn": [
											{
												"activity": "Get Metadata_File_Self",
												"dependencyConditions": [
													"Succeeded"
												]
											}
										],
										"policy": {
											"timeout": "0.12:00:00",
											"retry": 0,
											"retryIntervalInSeconds": 30,
											"secureOutput": false,
											"secureInput": false
										},
										"userProperties": [],
										"linkedServiceName": {
											"referenceName": "AzureConfigDB",
											"type": "LinkedServiceReference"
										},
										"typeProperties": {
											"scripts": [
												{
													"parameters": [
														{
															"name": "Source_System",
															"type": "String",
															"value": {
																"value": "@pipeline().parameters.Source_System",
																"type": "Expression"
															},
															"direction": "Input"
														},
														{
															"name": "Document_Name",
															"type": "String",
															"value": {
																"value": "@activity('Get Metadata_File_Self').output.itemName",
																"type": "Expression"
															},
															"direction": "Input"
														},
														{
															"name": "Current_Modified_Date ",
															"type": "String",
															"value": {
																"value": "@activity('Get Metadata_File_Self').output.lastModified",
																"type": "Expression"
															},
															"direction": "Input"
														}
													],
													"type": "Query",
													"text": ";WITH CTE AS \n(\n\tSELECT @Source_system as Source_system,@Document_Name as Document_Name,@Current_Modified_Date AS Current_Modified_Date\n)\nMERGE INTO EDW_ETL.SFTP_File_Modified_Date AS tgt\nUSING CTE AS src --(Source_system,Document_Name,Current_Modified_Date)\nON tgt.Source_system = src.Source_system and tgt.Document_Name = src.Document_Name\nWHEN MATCHED THEN \n\tUPDATE SET tgt.Current_Modified_Date = src.Current_Modified_Date\nWHEN NOT MATCHED BY TARGET THEN \n\tINSERT (Source_system,Document_Name,Current_Modified_Date)\n\tVALUES (src.Source_system,src.Document_Name,src.Current_Modified_Date);"
												}
											],
											"scriptBlockExecutionTimeout": "02:00:00"
										}
									}
								],
								"ifTrueActivities": [
									{
										"name": "Get Metadata_File_Auto",
										"type": "GetMetadata",
										"dependsOn": [],
										"policy": {
											"timeout": "0.12:00:00",
											"retry": 0,
											"retryIntervalInSeconds": 30,
											"secureOutput": false,
											"secureInput": false
										},
										"userProperties": [],
										"typeProperties": {
											"dataset": {
												"referenceName": "ds_SFTP_Binary_AutoResolve",
												"type": "DatasetReference",
												"parameters": {
													"ds_vendorFP": {
														"value": "@activity('Check source_system connection type').output.firstRow.SFTP_File_Path",
														"type": "Expression"
													},
													"ds_vendorfn": {
														"value": "@item().File_name",
														"type": "Expression"
													},
													"ds_host": {
														"value": "@activity('Check source_system connection type').output.firstRow.Host",
														"type": "Expression"
													},
													"ds_user": {
														"value": "@activity('Check source_system connection type').output.firstRow.User_Name",
														"type": "Expression"
													},
													"ds_secret": {
														"value": "@activity('Check source_system connection type').output.firstRow.Secret_Name",
														"type": "Expression"
													}
												}
											},
											"fieldList": [
												"itemName",
												"lastModified"
											],
											"storeSettings": {
												"type": "SftpReadSettings",
												"recursive": true,
												"enablePartitionDiscovery": false,
												"disableChunking": false
											},
											"formatSettings": {
												"type": "BinaryReadSettings"
											}
										}
									},
									{
										"name": "Insert Log",
										"type": "Script",
										"dependsOn": [
											{
												"activity": "Get Metadata_File_Auto",
												"dependencyConditions": [
													"Succeeded"
												]
											}
										],
										"policy": {
											"timeout": "0.12:00:00",
											"retry": 0,
											"retryIntervalInSeconds": 30,
											"secureOutput": false,
											"secureInput": false
										},
										"userProperties": [],
										"linkedServiceName": {
											"referenceName": "AzureConfigDB",
											"type": "LinkedServiceReference"
										},
										"typeProperties": {
											"scripts": [
												{
													"parameters": [
														{
															"name": "Source_System",
															"type": "String",
															"value": {
																"value": "@pipeline().parameters.Source_System",
																"type": "Expression"
															},
															"direction": "Input"
														},
														{
															"name": "Document_Name",
															"type": "String",
															"value": {
																"value": "@activity('Get Metadata_File_Auto').output.itemName",
																"type": "Expression"
															},
															"direction": "Input"
														},
														{
															"name": "Current_Modified_Date",
															"type": "String",
															"value": {
																"value": "@activity('Get Metadata_File_Auto').output.lastModified",
																"type": "Expression"
															},
															"direction": "Input"
														}
													],
													"type": "Query",
													"text": ";WITH CTE AS \n(\n\tSELECT @Source_system as Source_system,@Document_Name as Document_Name,@Current_Modified_Date AS Current_Modified_Date\n)\nMERGE INTO EDW_ETL.SFTP_File_Modified_Date AS tgt\nUSING CTE AS src --(Source_system,Document_Name,Current_Modified_Date)\nON tgt.Source_system = src.Source_system and tgt.Document_Name = src.Document_Name\nWHEN MATCHED THEN \n\tUPDATE SET tgt.Current_Modified_Date = src.Current_Modified_Date\nWHEN NOT MATCHED BY TARGET THEN \n\tINSERT (Source_system,Document_Name,Current_Modified_Date)\n\tVALUES (src.Source_system,src.Document_Name,src.Current_Modified_Date);"
												}
											],
											"scriptBlockExecutionTimeout": "02:00:00"
										}
									}
								]
							}
						}
					]
				}
			},
			{
				"name": "Check source_system connection type",
				"type": "Lookup",
				"dependsOn": [
					{
						"activity": "ForEach File Push",
						"dependencyConditions": [
							"Succeeded"
						]
					}
				],
				"policy": {
					"timeout": "0.12:00:00",
					"retry": 0,
					"retryIntervalInSeconds": 30,
					"secureOutput": false,
					"secureInput": false
				},
				"userProperties": [],
				"typeProperties": {
					"source": {
						"type": "SqlDWSource",
						"sqlReaderQuery": {
							"value": "@concat('\nIF 1 <= (SELECT count(1) From [EDW_Config].[SFTP_Vendors] WHERE Source_system = ''',pipeline().parameters.Source_System,'''  and UPPER(Transfer_Type) = ''PULL'')\nBEGIN \nselect distinct Host,User_Name,Secret_Name,SFTP_File_Path,ADLS_File_Path,Integration_Runtime from \n[EDW_Config].[SFTP_Vendors] a \nWHERE Source_system = ''',pipeline().parameters.Source_System,''' and UPPER(Transfer_Type) = ''PULL''\nEND \nELSE \nBEGIN\nSELECT NULL AS Host,NULL AS User_Name,NULL AS Secret_Name, NULL AS SFTP_File_Path, NULL AS ADLS_File_Path,''Default'' AS Integration_Runtime \nEND\n')",
							"type": "Expression"
						},
						"queryTimeout": "02:00:00",
						"partitionOption": "None"
					},
					"dataset": {
						"referenceName": "Azure_ConfigDB",
						"type": "DatasetReference",
						"parameters": {
							"schema": "EDW_Config",
							"table": "SFTP_Vendors"
						}
					},
					"firstRowOnly": true
				}
			},
			{
				"name": "Check if AutoResolved or Self-Hosted",
				"type": "Switch",
				"dependsOn": [
					{
						"activity": "Check source_system connection type",
						"dependencyConditions": [
							"Succeeded"
						]
					}
				],
				"userProperties": [],
				"typeProperties": {
					"on": {
						"value": "@activity('Check source_system connection type').output.firstRow.Integration_Runtime",
						"type": "Expression"
					},
					"cases": [
						{
							"value": "AutoResolve",
							"activities": [
								{
									"name": "Get Metadata",
									"type": "GetMetadata",
									"dependsOn": [],
									"policy": {
										"timeout": "0.12:00:00",
										"retry": 0,
										"retryIntervalInSeconds": 30,
										"secureOutput": false,
										"secureInput": false
									},
									"userProperties": [],
									"typeProperties": {
										"dataset": {
											"referenceName": "ds_SFTP_Binary_AutoResolve",
											"type": "DatasetReference",
											"parameters": {
												"ds_vendorFP": {
													"value": "@activity('Check source_system connection type').output.firstRow.SFTP_File_Path\n",
													"type": "Expression"
												},
												"ds_vendorfn": "*",
												"ds_host": {
													"value": "@activity('Check source_system connection type').output.firstRow.Host",
													"type": "Expression"
												},
												"ds_user": {
													"value": "@activity('Check source_system connection type').output.firstRow.User_Name",
													"type": "Expression"
												},
												"ds_secret": {
													"value": "@activity('Check source_system connection type').output.firstRow.Secret_Name",
													"type": "Expression"
												}
											}
										},
										"fieldList": [
											"childItems"
										],
										"storeSettings": {
											"type": "SftpReadSettings",
											"recursive": true,
											"enablePartitionDiscovery": false,
											"disableChunking": false
										},
										"formatSettings": {
											"type": "BinaryReadSettings"
										}
									}
								},
								{
									"name": "Filter for Files Auto",
									"type": "Filter",
									"dependsOn": [
										{
											"activity": "Get Metadata",
											"dependencyConditions": [
												"Succeeded"
											]
										}
									],
									"userProperties": [],
									"typeProperties": {
										"items": {
											"value": "@activity('Get Metadata').output.childItems",
											"type": "Expression"
										},
										"condition": {
											"value": "@equals(item().Type, 'File')",
											"type": "Expression"
										}
									}
								},
								{
									"name": "Populate List Table_Auto",
									"type": "Script",
									"dependsOn": [
										{
											"activity": "Filter for Files Auto",
											"dependencyConditions": [
												"Succeeded"
											]
										}
									],
									"policy": {
										"timeout": "0.12:00:00",
										"retry": 0,
										"retryIntervalInSeconds": 30,
										"secureOutput": false,
										"secureInput": false
									},
									"userProperties": [],
									"linkedServiceName": {
										"referenceName": "AzureConfigDB",
										"type": "LinkedServiceReference"
									},
									"typeProperties": {
										"scripts": [
											{
												"parameters": [
													{
														"name": "filenames",
														"type": "String",
														"value": {
															"value": "@CONCAT('{\"value\":',activity('Filter for Files Auto').output.value,'}')",
															"type": "Expression"
														},
														"direction": "Input"
													},
													{
														"name": "Load_type",
														"type": "String",
														"value": {
															"value": "@pipeline().parameters.Load_type",
															"type": "Expression"
														},
														"direction": "Input"
													},
													{
														"name": "ETL_Load_key",
														"type": "String",
														"value": {
															"value": "@pipeline().parameters.ETL_LoadKey",
															"type": "Expression"
														},
														"direction": "Input"
													},
													{
														"name": "ADLS_Path",
														"type": "String",
														"value": {
															"value": "@activity('Check source_system connection type').output.firstRow.ADLS_File_Path",
															"type": "Expression"
														},
														"direction": "Input"
													},
													{
														"name": "SFTP_URL",
														"type": "String",
														"value": {
															"value": "@activity('Check source_system connection type').output.firstRow.SFTP_File_Path",
															"type": "Expression"
														},
														"direction": "Input"
													},
													{
														"name": "Source_System",
														"type": "String",
														"value": {
															"value": "@pipeline().parameters.Source_System",
															"type": "Expression"
														},
														"direction": "Input"
													}
												],
												"type": "Query",
												"text": {
													"value": "DELETE FROM [EDW_ETL].[SFTP_Document_File_List] where Source_system = @Source_System\n\nDECLARE @isJSONPathExists BIT \n\nSELECT @isJSONPathExists = JSON_PATH_EXISTS(@filenames, '$.value')\n\nif @isJSONPathExists = 1 Begin\n\nINSERT INTO [EDW_ETL].[SFTP_Document_File_List] (ETL_load_Key,Source_system,Load_type,name,Path,Load_DTS)\nSelect @ETL_Load_key,@Source_System,@Load_type,Table_name,@ADLS_Path,GETDATE() from OPENJSON(@filenames,'$.value')\nWITH \n(\n\tTable_name VARCHAR(1000) '$.name'\n\t\t\n) as details\n\nend",
													"type": "Expression"
												}
											}
										],
										"scriptBlockExecutionTimeout": "02:00:00"
									}
								}
							]
						},
						{
							"value": "Self-Hosted",
							"activities": [
								{
									"name": "Get Metadata_Self_Hosted",
									"type": "GetMetadata",
									"dependsOn": [],
									"policy": {
										"timeout": "0.12:00:00",
										"retry": 0,
										"retryIntervalInSeconds": 30,
										"secureOutput": false,
										"secureInput": false
									},
									"userProperties": [],
									"typeProperties": {
										"dataset": {
											"referenceName": "ds_SFTP_Binary",
											"type": "DatasetReference",
											"parameters": {
												"ds_vendorFP": {
													"value": "@activity('Check source_system connection type').output.firstRow.SFTP_File_Path",
													"type": "Expression"
												},
												"ds_vendorfn": "*",
												"ds_host": {
													"value": "@activity('Check source_system connection type').output.firstRow.Host",
													"type": "Expression"
												},
												"ds_user": {
													"value": "@activity('Check source_system connection type').output.firstRow.User_Name",
													"type": "Expression"
												},
												"ds_secret": {
													"value": "@activity('Check source_system connection type').output.firstRow.Secret_Name",
													"type": "Expression"
												}
											}
										},
										"fieldList": [
											"childItems"
										],
										"storeSettings": {
											"type": "SftpReadSettings",
											"recursive": true,
											"enablePartitionDiscovery": false,
											"disableChunking": false
										},
										"formatSettings": {
											"type": "BinaryReadSettings"
										}
									}
								},
								{
									"name": "Filter for Files",
									"type": "Filter",
									"dependsOn": [
										{
											"activity": "Get Metadata_Self_Hosted",
											"dependencyConditions": [
												"Succeeded"
											]
										}
									],
									"userProperties": [],
									"typeProperties": {
										"items": {
											"value": "@activity('Get Metadata_Self_Hosted').output.childItems",
											"type": "Expression"
										},
										"condition": {
											"value": "@equals(item().Type, 'File')",
											"type": "Expression"
										}
									}
								},
								{
									"name": "Populate List Table_self",
									"type": "Script",
									"dependsOn": [
										{
											"activity": "Filter for Files",
											"dependencyConditions": [
												"Succeeded"
											]
										}
									],
									"policy": {
										"timeout": "0.12:00:00",
										"retry": 0,
										"retryIntervalInSeconds": 30,
										"secureOutput": false,
										"secureInput": false
									},
									"userProperties": [],
									"linkedServiceName": {
										"referenceName": "AzureConfigDB",
										"type": "LinkedServiceReference"
									},
									"typeProperties": {
										"scripts": [
											{
												"parameters": [
													{
														"name": "filenames",
														"type": "String",
														"value": {
															"value": "@CONCAT('{\"value\":',activity('Filter for Files').output.value,'}')",
															"type": "Expression"
														},
														"direction": "Input"
													},
													{
														"name": "Load_type",
														"type": "String",
														"value": {
															"value": "@pipeline().parameters.Load_type",
															"type": "Expression"
														},
														"direction": "Input"
													},
													{
														"name": "ETL_Load_key",
														"type": "String",
														"value": {
															"value": "@pipeline().parameters.ETL_LoadKey",
															"type": "Expression"
														},
														"direction": "Input"
													},
													{
														"name": "ADLS_Path",
														"type": "String",
														"value": {
															"value": "@activity('Check source_system connection type').output.firstRow.ADLS_File_Path",
															"type": "Expression"
														},
														"direction": "Input"
													},
													{
														"name": "SFTP_URL",
														"type": "String",
														"value": {
															"value": "@activity('Check source_system connection type').output.firstRow.SFTP_File_Path",
															"type": "Expression"
														},
														"direction": "Input"
													},
													{
														"name": "Source_System",
														"type": "String",
														"value": {
															"value": "@pipeline().parameters.Source_System",
															"type": "Expression"
														},
														"direction": "Input"
													}
												],
												"type": "Query",
												"text": {
													"value": "DELETE FROM [EDW_ETL].[SFTP_Document_File_List] where Source_system = @Source_System\n\nDECLARE @isJSONPathExists BIT \n\nSELECT @isJSONPathExists = JSON_PATH_EXISTS(@filenames, '$.value')\n\nif @isJSONPathExists = 1 Begin\n\nINSERT INTO [EDW_ETL].[SFTP_Document_File_List] (ETL_load_Key,Source_system,Load_type,name,Path,Load_DTS)\nSelect @ETL_Load_key,@Source_System,@Load_type,Table_name,@ADLS_Path,GETDATE() from OPENJSON(@filenames,'$.value')\nWITH \n(\n\tTable_name VARCHAR(1000) '$.name'\n\t\t\n) as details\n\nend",
													"type": "Expression"
												}
											}
										],
										"scriptBlockExecutionTimeout": "02:00:00"
									}
								}
							]
						}
					]
				}
			},
			{
				"name": "Get file list - Wildcard",
				"type": "Lookup",
				"dependsOn": [
					{
						"activity": "Check if AutoResolved or Self-Hosted",
						"dependencyConditions": [
							"Succeeded"
						]
					}
				],
				"policy": {
					"timeout": "0.12:00:00",
					"retry": 0,
					"retryIntervalInSeconds": 30,
					"secureOutput": false,
					"secureInput": false
				},
				"userProperties": [],
				"typeProperties": {
					"source": {
						"type": "SqlDWSource",
						"sqlReaderQuery": {
							"value": "@concat('\n;with CTE AS \n(\n\tSELECT DISTINCT Filename_Wildcard From [EDW_Config].[SFTP_Vendors] WHERE Source_system =  ''',pipeline().parameters.Source_System,'''\n)\n\tSELECT\n\t      PGP_Key_Name,\n\t      coalesce(Archive,0) Archive,coalesce(Wait_Time,60) Wait_Time ,coalesce(retry_attempt,5) retry_attempt\n\t      ,Transfer_Type,Proc_Name,Host,User_Name,AKV_Linked_Service,Secret_Name,SFTP_File_Path,ADLS_File_Path,ADLS_File_Path_Returned\n\t\t\t,l.name AS [File_name]\n\t\t\t,replace([File_Name_Returned],''<date>'', case when SFTP_File_Time_Flag = 1 then concat(''',pipeline().parameters.Batch_Date,''',''',pipeline().parameters.Time_Stamp,''') else ''',pipeline().parameters.Batch_Date,''' end) AS File_Name_Returned\n\t\t\t,replace([File_name],''<date>'', case when SFTP_File_Time_Flag = 1 then concat(''',formatDateTime(utcnow(), 'yyyyMMdd'),''',''',pipeline().parameters.Time_Stamp,''') else ''',formatDateTime(utcnow(), 'yyyyMMdd'),''' end) AS sftp_file_name\n\t\t\t,Integration_Runtime\n\t  FROM [EDW_Config].[SFTP_Vendors] s JOIN CTE c ON 1 = c.Filename_Wildcard\n\t  JOIN [EDW_ETL].[SFTP_Document_File_List] l \n\t  ON s.Source_System = l.Source_System and l.name like replace(s.[File_name],''<date>'', case when s.SFTP_File_Time_Flag = 1 then concat(''',pipeline().parameters.Batch_Date,''',''',pipeline().parameters.Time_Stamp,''') else ''',pipeline().parameters.Batch_Date,''' end)\n\t  WHERE s.Source_System = ''',pipeline().parameters.Source_System,'''\n\t      AND Transfer_Type = ''PULL''\n\t\t  AND (s.Load_Type=''All'' or s.Load_Type = ''',pipeline().parameters.Load_type,''')\n\t      AND [Enabled] = 1 \n'\n)",
							"type": "Expression"
						},
						"queryTimeout": "02:00:00",
						"partitionOption": "None"
					},
					"dataset": {
						"referenceName": "Azure_ConfigDB",
						"type": "DatasetReference",
						"parameters": {
							"schema": "EDW_Config",
							"table": "SFTP_Vendors"
						}
					},
					"firstRowOnly": false
				}
			},
			{
				"name": "Get Final Files",
				"type": "Lookup",
				"dependsOn": [
					{
						"activity": "Get latest modified date files - wildcard",
						"dependencyConditions": [
							"Succeeded"
						]
					}
				],
				"policy": {
					"timeout": "0.12:00:00",
					"retry": 0,
					"retryIntervalInSeconds": 30,
					"secureOutput": false,
					"secureInput": false
				},
				"userProperties": [],
				"typeProperties": {
					"source": {
						"type": "SqlDWSource",
						"sqlReaderQuery": {
							"value": "@concat('\nIF 1 = (SELECT DISTINCT Filename_Wildcard From [EDW_Config].[SFTP_Vendors] WHERE Source_system = ''',pipeline().parameters.Source_System,''')\nBEGIN\n;WITH CTE AS \n\t(\n\t    SELECT\n\t      PGP_Key_Name,\n\t      coalesce(Archive,0) Archive,coalesce(Wait_Time,60) Wait_Time ,coalesce(retry_attempt,5) retry_attempt\n\t      ,Transfer_Type,Proc_Name,Host,User_Name,AKV_Linked_Service,Secret_Name,SFTP_File_Path,ADLS_File_Path,ADLS_File_Path_Returned\n\t\t\t,l.name AS [File_name]\n\t\t\t,replace([File_Name_Returned],''<date>'', case when SFTP_File_Time_Flag = 1 then concat(''',pipeline().parameters.Batch_Date,''',''',pipeline().parameters.Time_Stamp,''') else ''',pipeline().parameters.Batch_Date,''' end) AS File_Name_Returned\n\t\t\t,replace([File_name],''<date>'', case when SFTP_File_Time_Flag = 1 then concat(''',formatDateTime(utcnow(), 'yyyyMMdd'),''',''',pipeline().parameters.Time_Stamp,''') else ''',formatDateTime(utcnow(), 'yyyyMMdd'),''' end) AS sftp_file_name\n\t\t\t,Integration_Runtime\n\t\t\t,s.Source_system\n\t\t\t,Ignore_File_Missing_Error = case when coalesce(Ignore_File_Missing_Flag,0) =1 then ''True'' else ''False'' end   \n\t  FROM [EDW_Config].[SFTP_Vendors] s JOIN [EDW_ETL].[SFTP_Document_File_List] l ON s.Source_System = l.Source_System and l.name like replace(s.[File_name],''<date>'', case when s.SFTP_File_Time_Flag = 1 then concat(''',pipeline().parameters.Batch_Date,''',''',pipeline().parameters.Time_Stamp,''') else ''',pipeline().parameters.Batch_Date,''' end)\n\t  WHERE s.Source_System = ''',pipeline().parameters.Source_System,'''\n\t      AND Transfer_Type = ''PULL''\n\t\t  AND (s.Load_Type=''All'' or s.Load_Type = ''',pipeline().parameters.Load_type,''')\n\t      AND [Enabled] = 1\n\t) ,\n\t\tmax_LoadDate AS\n\t\t(\n\t\t\tselect Document_Name,max(Load_DTS) AS Load_DTS FROM [EDW_ETL].[SFTP_Document_File_Log] l join CTE on l.Source_system = CTE.Source_system AND l.Document_Name = CTE.File_Name\n\t\t\tGroup by Document_Name\n\t\t)\n\t\tSELECT PGP_Key_Name,Archive,Wait_Time,retry_attempt,Transfer_Type,Proc_Name,Host,User_Name,AKV_Linked_Service,Secret_Name,SFTP_File_Path,ADLS_File_Path\n\t\t,ADLS_File_Path_Returned,[File_name],File_Name_Returned,sftp_file_name,Integration_Runtime\n\t\t,Ignore_File_Missing_Error\n\t\tfrom CTE c LEFT JOIN max_LoadDate m on c.File_Name = m.Document_Name\n\t\tLEFT join [EDW_ETL].[SFTP_File_Modified_Date] f on f.Document_Name = c.File_Name and f.source_system = c.source_system\n\t\tWHERE convert(datetime2,f.Current_Modified_Date) > convert(datetime2,m.Load_DTS) OR c.File_Name NOT IN (select Distinct l.Document_name From [EDW_ETL].[SFTP_Document_File_Log] l join [EDW_ETL].[SFTP_File_Modified_Date] m on l.source_system = m.source_system and l.Document_Name = m.Document_Name\n\t\tWHERE Status = ''Completed'')\nEND \nELSE \nBEGIN\n    SELECT\n        PGP_Key_Name,\n        coalesce(Archive,0) Archive,coalesce(Wait_Time,60) Wait_Time ,coalesce(retry_attempt,5) retry_attempt\n        ,Transfer_Type,Proc_Name,Host,User_Name,AKV_Linked_Service,Secret_Name,SFTP_File_Path,ADLS_File_Path,ADLS_File_Path_Returned\n\t\t,replace([File_name],''<date>'', case when SFTP_File_Time_Flag = 1 then concat(''',pipeline().parameters.Batch_Date,''',''',pipeline().parameters.Time_Stamp,''') else ''',pipeline().parameters.Batch_Date,''' end) AS file_name\n        ,replace([File_Name_Returned],''<date>'', case when SFTP_File_Time_Flag = 1 then concat(''',pipeline().parameters.Batch_Date,''',''',pipeline().parameters.Time_Stamp,''') else ''',pipeline().parameters.Batch_Date,''' end) AS File_Name_Returned\n        ,replace([File_name],''<date>'', case when SFTP_File_Time_Flag = 1 then concat(''',formatDateTime(utcnow(), 'yyyyMMdd'),''',''',pipeline().parameters.Time_Stamp,''') else ''',formatDateTime(utcnow(), 'yyyyMMdd'),''' end) AS sftp_file_name\n\t\t,Integration_Runtime\n\t\t,Ignore_File_Missing_Error = case when coalesce(Ignore_File_Missing_Flag,0) =1 then ''True'' else ''False'' end   \n    FROM [EDW_Config].[SFTP_Vendors] \n    WHERE Source_System = ''',pipeline().parameters.Source_System,'''\n        AND Transfer_Type = ''PULL''\n\t\tAND (Load_Type=''All'' or Load_Type = ''',pipeline().parameters.Load_type,''')\n        AND [Enabled] = 1 \n    ORDER BY [Transfer_Type] DESC\nEND\n'\n)   ",
							"type": "Expression"
						},
						"queryTimeout": "02:00:00",
						"partitionOption": "None"
					},
					"dataset": {
						"referenceName": "Azure_ConfigDB",
						"type": "DatasetReference",
						"parameters": {
							"schema": "EDW_Config",
							"table": "SFTP_Vendors"
						}
					},
					"firstRowOnly": false
				}
			}
		],
		"parameters": {
			"Source_System": {
				"type": "string",
				"defaultValue": "SFTP_WSIB_NISA_REPO"
			},
			"ETL_LoadKey": {
				"type": "string",
				"defaultValue": "-1"
			},
			"Parent_Run_ID": {
				"type": "string",
				"defaultValue": "-1"
			},
			"Batch_Date": {
				"type": "string",
				"defaultValue": "20231120"
			},
			"Load_type": {
				"type": "string",
				"defaultValue": "All"
			},
			"Transfer_Type": {
				"type": "string",
				"defaultValue": "Pull"
			},
			"Time_Stamp": {
				"type": "string"
			}
		},
		"variables": {
			"Dummy_value": {
				"type": "String"
			},
			"v_date": {
				"type": "String"
			},
			"v_Datetime": {
				"type": "String"
			}
		},
		"folder": {
			"name": "Datawarehouse/SFTP"
		},
		"annotations": [],
		"lastPublishTime": "2022-03-07T21:13:13Z"
	},
	"type": "Microsoft.DataFactory/factories/pipelines"
}