{
	"name": "EDW - Run Azure SQL SP to load",
	"properties": {
		"activities": [
			{
				"name": "Get run SPs",
				"type": "Lookup",
				"dependsOn": [],
				"policy": {
					"timeout": "0.12:00:00",
					"retry": 0,
					"retryIntervalInSeconds": 30,
					"secureOutput": false,
					"secureInput": false
				},
				"userProperties": [],
				"typeProperties": {
					"source": {
						"type": "SqlDWSource",
						"sqlReaderStoredProcedureName": "[EDW_ETL].[Get_Source_SP_Detail]",
						"storedProcedureParameters": {
							"Batch_Date": {
								"type": "Datetime",
								"value": {
									"value": "@pipeline().parameters.SP_Para_List",
									"type": "Expression"
								}
							},
							"Load_Type": {
								"type": "String",
								"value": {
									"value": "@pipeline().parameters.Load_Type",
									"type": "Expression"
								}
							},
							"Sequencial_Run_Flag": {
								"type": "Int16",
								"value": "0"
							},
							"Source_System": {
								"type": "String",
								"value": {
									"value": "@pipeline().parameters.Source_System",
									"type": "Expression"
								}
							},
							"Run_Priority": {
								"type": "Int16",
								"value": {
									"value": "1",
									"type": "Expression"
								}
							}
						},
						"queryTimeout": "02:00:00",
						"partitionOption": "None"
					},
					"dataset": {
						"referenceName": "Azure_ConfigDB",
						"type": "DatasetReference",
						"parameters": {
							"schema": "EDW_ETL",
							"table": "Get_Source_SP_Detail"
						}
					},
					"firstRowOnly": false
				}
			},
			{
				"name": "Run Stored Proc",
				"type": "ForEach",
				"dependsOn": [
					{
						"activity": "Get run SPs",
						"dependencyConditions": [
							"Succeeded"
						]
					}
				],
				"userProperties": [],
				"typeProperties": {
					"items": {
						"value": "@activity('Get run SPs').output.value",
						"type": "Expression"
					},
					"isSequential": false,
					"batchCount": 3,
					"activities": [
						{
							"name": "Stored procedure - Stg to Raw",
							"type": "SqlServerStoredProcedure",
							"dependsOn": [],
							"policy": {
								"timeout": "0.12:00:00",
								"retry": 0,
								"retryIntervalInSeconds": 30,
								"secureOutput": false,
								"secureInput": false
							},
							"userProperties": [],
							"typeProperties": {
								"storedProcedureName": {
									"value": "@item().SP_Name",
									"type": "Expression"
								},
								"storedProcedureParameters": {
									"ETL_Load_Key": {
										"value": {
											"value": "@pipeline().parameters.ETL_Load_Key",
											"type": "Expression"
										},
										"type": "Int32"
									},
									"Batch_Date": {
										"value": {
											"value": "@pipeline().parameters.Batch_Date",
											"type": "Expression"
										},
										"type": "Datetime"
									}
								}
							},
							"linkedServiceName": {
								"referenceName": "AzureSQL",
								"type": "LinkedServiceReference"
							}
						},
						{
							"name": "Set Dummy",
							"type": "SetVariable",
							"dependsOn": [
								{
									"activity": "Stored procedure - Stg to Raw",
									"dependencyConditions": [
										"Succeeded"
									]
								}
							],
							"policy": {
								"secureOutput": false,
								"secureInput": false
							},
							"userProperties": [],
							"typeProperties": {
								"variableName": "Dummy",
								"value": "T"
							}
						},
						{
							"name": "EDW - Handle Error",
							"type": "ExecutePipeline",
							"dependsOn": [
								{
									"activity": "Stored procedure - Stg to Raw",
									"dependencyConditions": [
										"Failed"
									]
								}
							],
							"userProperties": [],
							"typeProperties": {
								"pipeline": {
									"referenceName": "EDW - Handle Error",
									"type": "PipelineReference"
								},
								"waitOnCompletion": true,
								"parameters": {
									"ETL_LoadKey": {
										"value": "@pipeline().parameters.ETL_Load_Key",
										"type": "Expression"
									},
									"Failed_Activity_Name": {
										"value": "@concat('Run Azure SQL SP for ETL Load (id: ',pipeline().parameters.ETL_Load_Key,') run for ',pipeline().parameters.Source_System)",
										"type": "Expression"
									},
									"Failure_Message": {
										"value": "@activity('Stored procedure - Stg to Raw').Error.Message",
										"type": "Expression"
									},
									"Pipeline_Name": {
										"value": "@pipeline().Pipeline",
										"type": "Expression"
									},
									"Pipeline_Job_Run_Id": {
										"value": "@pipeline().parameters.Parent_Run_ID",
										"type": "Expression"
									},
									"Source_System": {
										"value": "@pipeline().parameters.Source_System",
										"type": "Expression"
									}
								}
							}
						}
					]
				}
			}
		],
		"parameters": {
			"SP_Para_List": {
				"type": "string",
				"defaultValue": "2000-01-01"
			},
			"Parent_Run_ID": {
				"type": "string",
				"defaultValue": "1"
			},
			"ETL_Load_Key": {
				"type": "string",
				"defaultValue": "1"
			},
			"Source_System": {
				"type": "string"
			},
			"Load_Type": {
				"type": "string",
				"defaultValue": "ALL"
			},
			"AzureSQL_Server_Name": {
				"type": "string"
			},
			"AzureSQL_User_Name": {
				"type": "string"
			},
			"AzureSQL_Password_Secret_Name": {
				"type": "string"
			},
			"Batch_Date": {
				"type": "string"
			}
		},
		"variables": {
			"Dummy": {
				"type": "String"
			},
			"vParaList": {
				"type": "String"
			}
		},
		"folder": {
			"name": "Datawarehouse/SQL Server Load"
		},
		"annotations": []
	}
}