{
	"name": "EDW - Refresh_SSAS_Database",
	"properties": {
		"activities": [
			{
				"name": "Get SSAS refreshes",
				"type": "WebActivity",
				"dependsOn": [
					{
						"activity": "Until refresh job created",
						"dependencyConditions": [
							"Succeeded"
						]
					}
				],
				"policy": {
					"timeout": "7.00:00:00",
					"retry": 0,
					"retryIntervalInSeconds": 30,
					"secureOutput": false,
					"secureInput": false
				},
				"userProperties": [],
				"typeProperties": {
					"url": {
						"value": "@concat('https://',pipeline().globalParameters.SSAS_Region,'.asazure.windows.net/servers/',pipeline().globalParameters.SSAS_Server,'/models/',pipeline().parameters.Model_Name,'/refreshes')",
						"type": "Expression"
					},
					"method": "GET",
					"body": "",
					"authentication": {
						"type": "MSI",
						"resource": "https://*.asazure.windows.net"
					}
				}
			},
			{
				"name": "FilterToRefresh",
				"type": "Filter",
				"dependsOn": [
					{
						"activity": "Get SSAS refreshes",
						"dependencyConditions": [
							"Succeeded"
						]
					}
				],
				"userProperties": [],
				"typeProperties": {
					"items": {
						"value": "@json(activity('Get SSAS refreshes').output.Response)",
						"type": "Expression"
					},
					"condition": {
						"value": "@greaterOrEquals(item().startTime,addseconds(activity('Refresh SSAS').output.startTime,-30))",
						"type": "Expression"
					}
				}
			},
			{
				"name": "UntilRefreshComplete",
				"type": "Until",
				"dependsOn": [
					{
						"activity": "FilterToRefresh",
						"dependencyConditions": [
							"Succeeded"
						]
					}
				],
				"userProperties": [],
				"typeProperties": {
					"expression": {
						"value": "@not(equals(activity('Refresh SSAS status').output.status,'inProgress'))",
						"type": "Expression"
					},
					"activities": [
						{
							"name": "Wait1",
							"type": "Wait",
							"dependsOn": [],
							"userProperties": [],
							"typeProperties": {
								"waitTimeInSeconds": 30
							}
						},
						{
							"name": "Refresh SSAS status",
							"type": "WebActivity",
							"dependsOn": [
								{
									"activity": "Wait1",
									"dependencyConditions": [
										"Succeeded"
									]
								}
							],
							"policy": {
								"timeout": "7.00:00:00",
								"retry": 0,
								"retryIntervalInSeconds": 30,
								"secureOutput": false,
								"secureInput": false
							},
							"userProperties": [],
							"typeProperties": {
								"url": {
									"value": "@concat('https://',pipeline().globalParameters.SSAS_Region,'.asazure.windows.net/servers/',pipeline().globalParameters.SSAS_Server,'/models/',pipeline().parameters.Model_Name,'/refreshes/',activity('FilterToRefresh').output.Value[0].refreshId)",
									"type": "Expression"
								},
								"method": "GET",
								"body": "",
								"authentication": {
									"type": "MSI",
									"resource": "https://*.asazure.windows.net"
								}
							}
						}
					],
					"timeout": "0.02:00:00"
				}
			},
			{
				"name": "Fail pipeline for failed refresh",
				"type": "IfCondition",
				"dependsOn": [
					{
						"activity": "UntilRefreshComplete",
						"dependencyConditions": [
							"Succeeded"
						]
					}
				],
				"userProperties": [],
				"typeProperties": {
					"expression": {
						"value": "@equals(activity('Refresh SSAS status').output.status,'failed')",
						"type": "Expression"
					},
					"ifFalseActivities": [
						{
							"name": "Update partitions to Processed",
							"type": "SqlServerStoredProcedure",
							"dependsOn": [],
							"policy": {
								"timeout": "7.00:00:00",
								"retry": 0,
								"retryIntervalInSeconds": 30,
								"secureOutput": false,
								"secureInput": false
							},
							"userProperties": [],
							"typeProperties": {
								"storedProcedureName": "[EDW_ETL].[Update_SSAS_Partition_Status]",
								"storedProcedureParameters": {
									"Source_System": {
										"value": {
											"value": "@pipeline().parameters.Source_System",
											"type": "Expression"
										},
										"type": "String"
									},
									"Status": {
										"value": "PROCESSED",
										"type": "String"
									}
								}
							},
							"linkedServiceName": {
								"referenceName": "AzureConfigDB",
								"type": "LinkedServiceReference"
							}
						}
					],
					"ifTrueActivities": [
						{
							"name": "Throw Error for failed refresh",
							"type": "SqlServerStoredProcedure",
							"dependsOn": [
								{
									"activity": "Dummy Task",
									"dependencyConditions": [
										"Succeeded"
									]
								}
							],
							"policy": {
								"timeout": "7.00:00:00",
								"retry": 0,
								"retryIntervalInSeconds": 30,
								"secureOutput": false,
								"secureInput": false
							},
							"userProperties": [],
							"typeProperties": {
								"storedProcedureName": {
									"value": "EDW_ETL.ADF_Throw_Error_Message",
									"type": "Expression"
								},
								"storedProcedureParameters": {
									"message": {
										"value": {
											"value": "@concat('<p>Refresh SSAS failed: </p><p>',join(activity('Refresh SSAS status').output.objects,','),'</p>')",
											"type": "Expression"
										},
										"type": "String"
									}
								}
							},
							"linkedServiceName": {
								"referenceName": "AzureConfigDB",
								"type": "LinkedServiceReference"
							}
						},
						{
							"name": "Dummy Task",
							"type": "SetVariable",
							"dependsOn": [],
							"userProperties": [],
							"typeProperties": {
								"variableName": "Dummy_Var",
								"value": "T"
							}
						},
						{
							"name": "Stop running job",
							"type": "ExecutePipeline",
							"dependsOn": [
								{
									"activity": "Dummy Task",
									"dependencyConditions": [
										"Succeeded"
									]
								}
							],
							"userProperties": [],
							"typeProperties": {
								"pipeline": {
									"referenceName": "Risk - Stop Current Job",
									"type": "PipelineReference"
								},
								"waitOnCompletion": true,
								"parameters": {
									"Failed_Activity_Name": {
										"value": "@concat('Call SP ADF step in job (id: ',pipeline().parameters.Job_ID,') run for ',pipeline().parameters.Source_System)",
										"type": "Expression"
									},
									"Failure_Message": {
										"value": "@concat('<p>Refresh SSAS failed: </p><p>Source System:', pipeline().parameters.Source_System,'</p><p>SSAS Database:',pipeline().parameters.Model_Name,'</p><p>',join(activity('Refresh SSAS status').output.objects,','),'</p>')",
										"type": "Expression"
									},
									"Pipeline_Job_Run_Id": {
										"value": "@pipeline().parameters.Parent_Run_ID",
										"type": "Expression"
									},
									"Pipeline_Name": {
										"value": "@pipeline().Pipeline",
										"type": "Expression"
									},
									"Source_System": {
										"value": "@pipeline().parameters.Source_System",
										"type": "Expression"
									}
								}
							}
						}
					]
				}
			},
			{
				"name": "Get refresh table list",
				"type": "Lookup",
				"dependsOn": [
					{
						"activity": "wait for all in progress refreshes on same model",
						"dependencyConditions": [
							"Succeeded"
						]
					}
				],
				"policy": {
					"timeout": "7.00:00:00",
					"retry": 0,
					"retryIntervalInSeconds": 30,
					"secureOutput": false,
					"secureInput": false
				},
				"userProperties": [],
				"typeProperties": {
					"source": {
						"type": "SqlDWSource",
						"sqlReaderStoredProcedureName": "EDW_ETL.Get_SSAS_Command",
						"storedProcedureParameters": {
							"CommandType": {
								"type": "String",
								"value": "LIST_REFRESH_OBJECTS"
							},
							"Load_DTS": {
								"type": "DateTime",
								"value": null
							},
							"Source_System": {
								"type": "String",
								"value": {
									"value": "@pipeline().parameters.Source_System",
									"type": "Expression"
								}
							},
							"ModelName": {
								"type": "String",
								"value": {
									"value": "@pipeline().parameters.Model_Name",
									"type": "Expression"
								}
							},
							"Load_Type": {
								"type": "String",
								"value": {
									"value": "@pipeline().parameters.Job_ID",
									"type": "Expression"
								}
							}
						},
						"queryTimeout": "02:00:00",
						"partitionOption": "None"
					},
					"dataset": {
						"referenceName": "Azure_ConfigDB",
						"type": "DatasetReference",
						"parameters": {
							"schema": "EDW_ETL",
							"table": "Ref_SSAS_Table_Refresh"
						}
					}
				}
			},
			{
				"name": "wait for all in progress refreshes on same model",
				"type": "Until",
				"dependsOn": [],
				"userProperties": [],
				"typeProperties": {
					"expression": {
						"value": "@equals(activity('Filter for in progress refresh').output.FilteredItemsCount, 0)",
						"type": "Expression"
					},
					"activities": [
						{
							"name": "Get existing SSAS refreshes",
							"type": "WebActivity",
							"dependsOn": [
								{
									"activity": "Not Initial Run",
									"dependencyConditions": [
										"Succeeded"
									]
								}
							],
							"policy": {
								"timeout": "7.00:00:00",
								"retry": 0,
								"retryIntervalInSeconds": 30,
								"secureOutput": false,
								"secureInput": false
							},
							"userProperties": [],
							"typeProperties": {
								"url": {
									"value": "@concat('https://',pipeline().globalParameters.SSAS_Region,'.asazure.windows.net/servers/',pipeline().globalParameters.SSAS_Server,'/models/',pipeline().parameters.Model_Name,'/refreshes')",
									"type": "Expression"
								},
								"method": "GET",
								"body": "",
								"authentication": {
									"type": "MSI",
									"resource": "https://*.asazure.windows.net"
								}
							}
						},
						{
							"name": "Filter for in progress refresh",
							"type": "Filter",
							"dependsOn": [
								{
									"activity": "Get existing SSAS refreshes",
									"dependencyConditions": [
										"Succeeded"
									]
								}
							],
							"userProperties": [],
							"typeProperties": {
								"items": {
									"value": "@json(activity('Get existing SSAS refreshes').output.Response)",
									"type": "Expression"
								},
								"condition": {
									"value": "@equals(item().status,'inProgress')",
									"type": "Expression"
								}
							}
						},
						{
							"name": "Not Initial Run",
							"type": "IfCondition",
							"dependsOn": [],
							"userProperties": [],
							"typeProperties": {
								"expression": {
									"value": "@equals(variables('Initial_Flag'), 'F')",
									"type": "Expression"
								},
								"ifTrueActivities": [
									{
										"name": "Wait 10 sec",
										"type": "Wait",
										"dependsOn": [],
										"userProperties": [],
										"typeProperties": {
											"waitTimeInSeconds": 10
										}
									}
								]
							}
						},
						{
							"name": "Set Initial fag F",
							"type": "SetVariable",
							"dependsOn": [
								{
									"activity": "Filter for in progress refresh",
									"dependencyConditions": [
										"Succeeded"
									]
								}
							],
							"userProperties": [],
							"typeProperties": {
								"variableName": "Initial_Flag",
								"value": "F"
							}
						}
					],
					"timeout": "0.02:00:00"
				}
			},
			{
				"name": "EDW - Handle Error",
				"type": "ExecutePipeline",
				"dependsOn": [
					{
						"activity": "Until refresh job created",
						"dependencyConditions": [
							"Failed"
						]
					}
				],
				"userProperties": [],
				"typeProperties": {
					"pipeline": {
						"referenceName": "EDW - Handle Error",
						"type": "PipelineReference"
					},
					"waitOnCompletion": true,
					"parameters": {
						"ETL_LoadKey": {
							"value": "-1",
							"type": "Expression"
						},
						"Failed_Activity_Name": {
							"value": "@concat('Refresh SSAS cube database ',pipeline().parameters.Model_Name, ' for ',pipeline().parameters.Source_System)",
							"type": "Expression"
						},
						"Failure_Message": {
							"value": "@activity('Refresh SSAS').Error.Message",
							"type": "Expression"
						},
						"Pipeline_Name": {
							"value": "@pipeline().Pipeline",
							"type": "Expression"
						},
						"Pipeline_Job_Run_Id": {
							"value": "@pipeline().parameters.Parent_Run_ID",
							"type": "Expression"
						},
						"Source_System": {
							"value": "@pipeline().parameters.Source_System",
							"type": "Expression"
						}
					}
				}
			},
			{
				"name": "Until refresh job created",
				"type": "Until",
				"dependsOn": [
					{
						"activity": "Get refresh table list",
						"dependencyConditions": [
							"Succeeded"
						]
					}
				],
				"userProperties": [],
				"typeProperties": {
					"expression": {
						"value": "@contains(activity('Refresh SSAS').output, 'status')",
						"type": "Expression"
					},
					"activities": [
						{
							"name": "Refresh SSAS",
							"type": "WebActivity",
							"dependsOn": [
								{
									"activity": "Not First Refresh",
									"dependencyConditions": [
										"Succeeded"
									]
								}
							],
							"policy": {
								"timeout": "7.00:00:00",
								"retry": 0,
								"retryIntervalInSeconds": 30,
								"secureOutput": false,
								"secureInput": false
							},
							"userProperties": [],
							"typeProperties": {
								"url": {
									"value": "@concat('https://',pipeline().globalParameters.SSAS_Region,'.asazure.windows.net/servers/',pipeline().globalParameters.SSAS_Server,'/models/',pipeline().parameters.Model_Name,'/refreshes')",
									"type": "Expression"
								},
								"method": "POST",
								"body": {
									"value": "@concat('{\"Type\":\"Full\",\"CommitMode\":\"transactional\",\"MaxParallelism\":2,\"RetryCount\":2,\"Objects\":[' , activity('Get refresh table list').output.firstRow.SSAS_Command,']}')",
									"type": "Expression"
								},
								"authentication": {
									"type": "MSI",
									"resource": "https://*.asazure.windows.net"
								}
							}
						},
						{
							"name": "Not First Refresh",
							"type": "IfCondition",
							"dependsOn": [],
							"userProperties": [],
							"typeProperties": {
								"expression": {
									"value": "@equals(variables('First_Refresh'), 'F')",
									"type": "Expression"
								},
								"ifTrueActivities": [
									{
										"name": "Wait 1 mins",
										"type": "Wait",
										"dependsOn": [],
										"userProperties": [],
										"typeProperties": {
											"waitTimeInSeconds": 60
										}
									}
								]
							}
						},
						{
							"name": "Set variable first refresh variable",
							"type": "SetVariable",
							"dependsOn": [
								{
									"activity": "Refresh SSAS",
									"dependencyConditions": [
										"Completed"
									]
								}
							],
							"userProperties": [],
							"typeProperties": {
								"variableName": "First_Refresh",
								"value": "F"
							}
						}
					],
					"timeout": "0.02:00:00"
				}
			}
		],
		"parameters": {
			"Parent_Run_ID": {
				"type": "string"
			},
			"Source_System": {
				"type": "string"
			},
			"Job_ID": {
				"type": "string"
			},
			"Model_Name": {
				"type": "string"
			}
		},
		"variables": {
			"Dummy_Var": {
				"type": "String"
			},
			"Initial_Flag": {
				"type": "String",
				"defaultValue": "T"
			},
			"First_Refresh": {
				"type": "String",
				"defaultValue": "T"
			}
		},
		"folder": {
			"name": "Datawarehouse/SSAS"
		},
		"annotations": [],
		"lastPublishTime": "2022-02-23T19:49:48Z"
	},
	"type": "Microsoft.DataFactory/factories/pipelines"
}