{
	"name": "EDW - File Move",
	"properties": {
		"activities": [
			{
				"name": "Fetch Source Folder File Names",
				"type": "Lookup",
				"dependsOn": [],
				"policy": {
					"timeout": "7.00:00:00",
					"retry": 0,
					"retryIntervalInSeconds": 30,
					"secureOutput": false,
					"secureInput": false
				},
				"userProperties": [],
				"typeProperties": {
					"source": {
						"type": "AzureSqlSource",
						"sqlReaderQuery": {
							"value": "@concat(' \nSelect distinct Source_System\n           ,Load_Type\n\t\t   ,Source_Container\n           ,Source_File_Extension\n           ,replace([Source_Folder],''<<Batch_Date>>'', replace(''', pipeline().parameters.Batch_Date,''',''-'','''')) AS Source_Folder\n           ,replace([Source_File_Name_Template],''<<Batch_Date>>'', replace(''', pipeline().parameters.Batch_Date,''',''-'','''')) AS Source_File_Name_Template\n           ,Target_Container\n           ,Target_Folder\n\t\t   ,Source_Folder_Delete_Flag\n\tFrom EDW_Config.Ref_ADLS_File_Move\nWhere Source_System = ''', pipeline().parameters.Source_System, '''\nand is_enabled=1')",
							"type": "Expression"
						},
						"queryTimeout": "02:00:00",
						"partitionOption": "None"
					},
					"dataset": {
						"referenceName": "Azure_ConfigDB",
						"type": "DatasetReference",
						"parameters": {
							"schema": "EDW_Config",
							"table": "Ref_ADLS_File_Move"
						}
					},
					"firstRowOnly": false
				}
			},
			{
				"name": "ForEach Folder",
				"type": "ForEach",
				"dependsOn": [
					{
						"activity": "Fetch Source Folder File Names",
						"dependencyConditions": [
							"Succeeded"
						]
					}
				],
				"userProperties": [],
				"typeProperties": {
					"items": {
						"value": "@activity('Fetch Source Folder File Names').output.value",
						"type": "Expression"
					},
					"isSequential": false,
					"batchCount": 4,
					"activities": [
						{
							"name": "Execute Move Single Folder",
							"type": "ExecutePipeline",
							"dependsOn": [],
							"userProperties": [],
							"typeProperties": {
								"pipeline": {
									"referenceName": "EDW - File Move - Single Pattern",
									"type": "PipelineReference"
								},
								"waitOnCompletion": true,
								"parameters": {
									"Source_Folder": {
										"value": "@item().Source_Folder",
										"type": "Expression"
									},
									"Source_File_Extension": {
										"value": "@item().Source_File_Extension",
										"type": "Expression"
									},
									"Source_File_Name_Template": {
										"value": "@item().Source_File_Name_Template",
										"type": "Expression"
									},
									"Target_Folder": {
										"value": "@item().Target_Folder",
										"type": "Expression"
									},
									"ETL_Load_Key": {
										"value": "@pipeline().parameters.ETL_Load_Key",
										"type": "Expression"
									},
									"Parent_Run_ID": {
										"value": "@pipeline().parameters.Parent_Run_ID",
										"type": "Expression"
									},
									"Source_System": {
										"value": "@item().Source_System",
										"type": "Expression"
									},
									"Source_Folder_Delete_Flag": {
										"value": "@item().Source_Folder_Delete_Flag",
										"type": "Expression"
									}
								}
							}
						}
					]
				}
			},
			{
				"name": "If Deletion Required",
				"type": "IfCondition",
				"dependsOn": [
					{
						"activity": "ForEach Folder",
						"dependencyConditions": [
							"Succeeded"
						]
					}
				],
				"userProperties": [],
				"typeProperties": {
					"expression": {
						"value": "@activity('Fetch Source Folder File Names').output.value[0].Source_Folder_Delete_Flag",
						"type": "Expression"
					},
					"ifTrueActivities": [
						{
							"name": "Delete Folder - Decompressed",
							"type": "Delete",
							"dependsOn": [],
							"policy": {
								"timeout": "7.00:00:00",
								"retry": 0,
								"retryIntervalInSeconds": 30,
								"secureOutput": false,
								"secureInput": false
							},
							"userProperties": [],
							"typeProperties": {
								"dataset": {
									"referenceName": "ds_ADLS_Binary_Folder",
									"type": "DatasetReference",
									"parameters": {
										"env": {
											"value": "@pipeline().globalParameters.Env",
											"type": "Expression"
										},
										"folder_path": {
											"value": "@variables('Parent_Folder')",
											"type": "Expression"
										},
										"Container_Name": {
											"value": "@pipeline().globalParameters.Azure_Container_Name",
											"type": "Expression"
										}
									}
								},
								"enableLogging": false,
								"storeSettings": {
									"type": "AzureBlobFSReadSettings",
									"recursive": true,
									"enablePartitionDiscovery": false
								}
							}
						}
					]
				}
			},
			{
				"name": "Get Array of parsing of the path",
				"type": "SetVariable",
				"dependsOn": [
					{
						"activity": "Fetch Source Folder File Names",
						"dependencyConditions": [
							"Succeeded"
						]
					}
				],
				"policy": {
					"secureOutput": false,
					"secureInput": false
				},
				"userProperties": [],
				"typeProperties": {
					"variableName": "Path_Array",
					"value": {
						"value": "@split(activity('Fetch Source Folder File Names').output.value[0].Source_Folder,'/')",
						"type": "Expression"
					}
				}
			},
			{
				"name": "Get File Name",
				"type": "SetVariable",
				"dependsOn": [
					{
						"activity": "Get Array of parsing of the path",
						"dependencyConditions": [
							"Succeeded"
						]
					}
				],
				"policy": {
					"secureOutput": false,
					"secureInput": false
				},
				"userProperties": [],
				"typeProperties": {
					"variableName": "File_Name",
					"value": {
						"value": "@variables('Path_Array')[add(length(variables('Path_Array')),-1)] ",
						"type": "Expression"
					}
				}
			},
			{
				"name": "Get Parent Folder Path",
				"type": "SetVariable",
				"dependsOn": [
					{
						"activity": "Get File Name",
						"dependencyConditions": [
							"Succeeded"
						]
					}
				],
				"policy": {
					"secureOutput": false,
					"secureInput": false
				},
				"userProperties": [],
				"typeProperties": {
					"variableName": "Parent_Folder",
					"value": {
						"value": "@replace(activity('Fetch Source Folder File Names').output.value[0].Source_Folder,variables('File_Name'),'')",
						"type": "Expression"
					}
				}
			}
		],
		"parameters": {
			"Source_System": {
				"type": "string",
				"defaultValue": "SFTP_TEST"
			},
			"Batch_Date": {
				"type": "string",
				"defaultValue": "2023-08-23"
			},
			"Load_Type": {
				"type": "string"
			},
			"ETL_Load_Key": {
				"type": "string",
				"defaultValue": "-1"
			},
			"Parent_Run_ID": {
				"type": "string",
				"defaultValue": "1"
			}
		},
		"variables": {
			"Dummy_Var": {
				"type": "String"
			},
			"Error_Message": {
				"type": "String",
				"defaultValue": "File Archiving Failed"
			},
			"File_Name_List": {
				"type": "Array"
			},
			"File_Name": {
				"type": "String"
			},
			"Path_Array": {
				"type": "Array"
			},
			"Parent_Folder": {
				"type": "String"
			}
		},
		"folder": {
			"name": "Datawarehouse/Utilities"
		},
		"annotations": [],
		"lastPublishTime": "2022-03-04T19:15:56Z"
	},
	"type": "Microsoft.DataFactory/factories/pipelines"
}