{
	"name": "EDW - Run Business Transformation Process",
	"properties": {
		"activities": [
			{
				"name": "All children job finished successfully",
				"type": "Until",
				"dependsOn": [
					{
						"activity": "Set Initial Start Flag Variable",
						"dependencyConditions": [
							"Succeeded"
						]
					}
				],
				"userProperties": [],
				"typeProperties": {
					"expression": {
						"value": "@not(equals(activity('Lookup all children job Status_Loop').output.firstRow.Job_Status,'Waiting'))",
						"type": "Expression"
					},
					"activities": [
						{
							"name": "Lookup all children job Status_Loop",
							"type": "Lookup",
							"dependsOn": [
								{
									"activity": "Wait only when it is not initial run",
									"dependencyConditions": [
										"Succeeded"
									]
								}
							],
							"policy": {
								"timeout": "7.00:00:00",
								"retry": 0,
								"retryIntervalInSeconds": 30,
								"secureOutput": false,
								"secureInput": false
							},
							"userProperties": [],
							"typeProperties": {
								"source": {
									"type": "SqlDWSource",
									"sqlReaderStoredProcedureName": "EDW_ETL.Check_Business_Transformation_Dependent_Job_Status",
									"storedProcedureParameters": {
										"Batch_Date": {
											"type": "DateTime",
											"value": {
												"value": "@pipeline().parameters.Batch_DTS",
												"type": "Expression"
											}
										},
										"ETL_Load_Key": {
											"type": "Int32",
											"value": {
												"value": "@pipeline().parameters.ETL_Load_Key",
												"type": "Expression"
											}
										},
										"Process_Name": {
											"type": "String",
											"value": {
												"value": "@pipeline().parameters.Source_System",
												"type": "Expression"
											}
										},
										"Load_Type": {
											"type": "String",
											"value": {
												"value": "@pipeline().parameters.Load_Type",
												"type": "Expression"
											}
										}
									},
									"queryTimeout": "02:00:00",
									"partitionOption": "None"
								},
								"dataset": {
									"referenceName": "Azure_ConfigDB",
									"type": "DatasetReference",
									"parameters": {
										"schema": "EDW_ETL",
										"table": "ETL_Load"
									}
								},
								"firstRowOnly": true
							}
						},
						{
							"name": "Wait only when it is not initial run",
							"type": "IfCondition",
							"dependsOn": [],
							"userProperties": [],
							"typeProperties": {
								"expression": {
									"value": "@not(equals(variables('Initial_Job_Start_Flag'),'T'))",
									"type": "Expression"
								},
								"ifTrueActivities": [
									{
										"name": "Wait 5 mins",
										"type": "Wait",
										"dependsOn": [],
										"userProperties": [],
										"typeProperties": {
											"waitTimeInSeconds": 300
										}
									}
								]
							}
						},
						{
							"name": "Set Initial Start Flag Variable to False",
							"type": "SetVariable",
							"dependsOn": [
								{
									"activity": "Lookup all children job Status_Loop",
									"dependencyConditions": [
										"Succeeded"
									]
								}
							],
							"userProperties": [],
							"typeProperties": {
								"variableName": "Initial_Job_Start_Flag",
								"value": {
									"value": "F",
									"type": "Expression"
								}
							}
						}
					],
					"timeout": "0.08:00:00"
				}
			},
			{
				"name": "Set Initial Start Flag Variable",
				"type": "SetVariable",
				"dependsOn": [],
				"userProperties": [],
				"typeProperties": {
					"variableName": "Initial_Job_Start_Flag",
					"value": {
						"value": "T",
						"type": "Expression"
					}
				}
			},
			{
				"name": "Run DQ check",
				"type": "ExecutePipeline",
				"dependsOn": [
					{
						"activity": "Check if Timeout Wating",
						"dependencyConditions": [
							"Succeeded"
						]
					}
				],
				"userProperties": [],
				"typeProperties": {
					"pipeline": {
						"referenceName": "EDW  DQ",
						"type": "PipelineReference"
					},
					"waitOnCompletion": true,
					"parameters": {
						"Source_System": {
							"value": "@pipeline().parameters.Source_System",
							"type": "Expression"
						},
						"Load_Layer": "BUSINESS_TRANSFORMATION",
						"Load_Type": {
							"value": "@pipeline().parameters.Load_Type",
							"type": "Expression"
						},
						"ETL_Load_Key": {
							"value": "@pipeline().parameters.ETL_Load_Key",
							"type": "Expression"
						},
						"Batch_DTS": {
							"value": "@pipeline().parameters.Batch_DTS",
							"type": "Expression"
						},
						"Parent_Run_Id": {
							"value": "@pipeline().parameters.Parent_Run_ID",
							"type": "Expression"
						}
					}
				}
			},
			{
				"name": "Lookup Transformation Stored Procs",
				"type": "Lookup",
				"dependsOn": [
					{
						"activity": "Run DQ check",
						"dependencyConditions": [
							"Succeeded"
						]
					}
				],
				"policy": {
					"timeout": "7.00:00:00",
					"retry": 0,
					"retryIntervalInSeconds": 30,
					"secureOutput": false,
					"secureInput": false
				},
				"userProperties": [],
				"typeProperties": {
					"source": {
						"type": "SqlDWSource",
						"sqlReaderQuery": {
							"value": "@concat('Select\t\tSource_Schema\n           ,Source_Table\n           ,Target_Schema\n           ,Target_Table\n           ,Target_Table_Type\n           ,Load_Procedure_Schema\n           ,Load_Procedure_Name\nFrom EDW_Config.Ref_Process_Mapping \nWhere Source_System = ''',pipeline().parameters.Source_System, ''' and ETL_Load_Layer = ''BUSINESS_TRANSFORMATION'' ')",
							"type": "Expression"
						},
						"queryTimeout": "02:00:00",
						"partitionOption": "None"
					},
					"dataset": {
						"referenceName": "Azure_ConfigDB",
						"type": "DatasetReference",
						"parameters": {
							"schema": "EDW_Config",
							"table": "Ref_Process_Mapping"
						}
					},
					"firstRowOnly": false
				}
			},
			{
				"name": "ForEach Transformation Stored Procedure",
				"type": "ForEach",
				"dependsOn": [
					{
						"activity": "Lookup Transformation Stored Procs",
						"dependencyConditions": [
							"Succeeded"
						]
					}
				],
				"userProperties": [],
				"typeProperties": {
					"items": {
						"value": "@activity('Lookup Transformation Stored Procs').output.value",
						"type": "Expression"
					},
					"isSequential": false,
					"batchCount": 3,
					"activities": [
						{
							"name": "Business Transformation StoredProc",
							"type": "SqlServerStoredProcedure",
							"dependsOn": [],
							"policy": {
								"timeout": "7.00:00:00",
								"retry": 0,
								"retryIntervalInSeconds": 30,
								"secureOutput": false,
								"secureInput": false
							},
							"userProperties": [
								{
									"name": "ProcessName",
									"value": "item().Process_Name"
								}
							],
							"typeProperties": {
								"storedProcedureName": {
									"value": "@concat(item().Load_Procedure_Schema, '.', item().Load_Procedure_Name)\n",
									"type": "Expression"
								},
								"storedProcedureParameters": {
									"ETL_Load_Key": {
										"value": {
											"value": "@pipeline().parameters.ETL_Load_Key",
											"type": "Expression"
										},
										"type": "Int32"
									},
									"Load_Type": {
										"value": {
											"value": "@pipeline().parameters.Load_Type",
											"type": "Expression"
										},
										"type": "String"
									},
									"Batch_DTS": {
										"value": {
											"value": "@pipeline().parameters.Batch_DTS",
											"type": "Expression"
										},
										"type": "String"
									}
								}
							},
							"linkedServiceName": {
								"referenceName": "AzureSynapseDW",
								"type": "LinkedServiceReference"
							}
						},
						{
							"name": "Set Dummy 2",
							"type": "SetVariable",
							"dependsOn": [
								{
									"activity": "Business Transformation StoredProc",
									"dependencyConditions": [
										"Succeeded"
									]
								}
							],
							"userProperties": [],
							"typeProperties": {
								"variableName": "Dummy",
								"value": "T"
							}
						},
						{
							"name": "EDW - Handle Error Transformation",
							"type": "ExecutePipeline",
							"dependsOn": [
								{
									"activity": "Business Transformation StoredProc",
									"dependencyConditions": [
										"Failed"
									]
								}
							],
							"userProperties": [],
							"typeProperties": {
								"pipeline": {
									"referenceName": "EDW - Handle Error",
									"type": "PipelineReference"
								},
								"waitOnCompletion": true,
								"parameters": {
									"ETL_LoadKey": {
										"value": "@pipeline().parameters.ETL_Load_Key",
										"type": "Expression"
									},
									"Failed_Activity_Name": {
										"value": "@concat('Load Business Transformation tables in ETL Load (id: ',pipeline().parameters.ETL_Load_Key,') run for ',pipeline().parameters.Source_System)",
										"type": "Expression"
									},
									"Failure_Message": {
										"value": "@activity('Business Transformation StoredProc').Error.Message",
										"type": "Expression"
									},
									"Pipeline_Name": {
										"value": "@pipeline().Pipeline",
										"type": "Expression"
									},
									"Pipeline_Job_Run_Id": {
										"value": "@pipeline().parameters.Parent_Run_ID",
										"type": "Expression"
									},
									"Source_System": {
										"value": "@pipeline().parameters.Source_System",
										"type": "Expression"
									}
								}
							}
						}
					]
				}
			},
			{
				"name": "Check if Timeout Wating",
				"type": "IfCondition",
				"dependsOn": [
					{
						"activity": "All children job finished successfully",
						"dependencyConditions": [
							"Succeeded"
						]
					}
				],
				"userProperties": [],
				"typeProperties": {
					"expression": {
						"value": "@equals(activity('Lookup all children job Status_Loop').output.firstRow.Job_Status,'Error')",
						"type": "Expression"
					},
					"ifTrueActivities": [
						{
							"name": "Throw Error again for ADF to catch",
							"type": "SqlServerStoredProcedure",
							"dependsOn": [],
							"policy": {
								"timeout": "7.00:00:00",
								"retry": 0,
								"retryIntervalInSeconds": 30,
								"secureOutput": false,
								"secureInput": false
							},
							"userProperties": [],
							"typeProperties": {
								"storedProcedureName": {
									"value": "EDW_ETL.ADF_Throw_Error",
									"type": "Expression"
								}
							},
							"linkedServiceName": {
								"referenceName": "AzureConfigDB",
								"type": "LinkedServiceReference"
							}
						},
						{
							"name": "EDW - Handle Error",
							"type": "ExecutePipeline",
							"dependsOn": [
								{
									"activity": "Throw Error again for ADF to catch",
									"dependencyConditions": [
										"Failed"
									]
								}
							],
							"userProperties": [],
							"typeProperties": {
								"pipeline": {
									"referenceName": "EDW - Handle Error",
									"type": "PipelineReference"
								},
								"waitOnCompletion": true,
								"parameters": {
									"ETL_LoadKey": {
										"value": "@pipeline().parameters.ETL_Load_Key",
										"type": "Expression"
									},
									"Failed_Activity_Name": "Waiting for dependent job to finish",
									"Failure_Message": "Time Out while waiting for dependent job to finish",
									"Pipeline_Name": {
										"value": "@pipeline().Pipeline",
										"type": "Expression"
									},
									"Pipeline_Job_Run_Id": {
										"value": "@pipeline().RunId",
										"type": "Expression"
									},
									"Source_System": {
										"value": "@pipeline().parameters.Source_System",
										"type": "Expression"
									}
								}
							}
						},
						{
							"name": "Set Dummy",
							"type": "SetVariable",
							"dependsOn": [
								{
									"activity": "Throw Error again for ADF to catch",
									"dependencyConditions": [
										"Succeeded"
									]
								}
							],
							"userProperties": [],
							"typeProperties": {
								"variableName": "Dummy",
								"value": "T"
							}
						}
					]
				}
			},
			{
				"name": "Get Email Process for current source system",
				"type": "Lookup",
				"dependsOn": [
					{
						"activity": "ForEach Transformation Stored Procedure",
						"dependencyConditions": [
							"Succeeded"
						]
					}
				],
				"policy": {
					"timeout": "7.00:00:00",
					"retry": 0,
					"retryIntervalInSeconds": 30,
					"secureOutput": false,
					"secureInput": false
				},
				"userProperties": [],
				"typeProperties": {
					"source": {
						"type": "SqlDWSource",
						"sqlReaderQuery": {
							"value": "@concat('SELECT [Process_Name]\n      ,[Email_Subject_Addition]\n      ,[Email_Body_Addition]\n  FROM [EDW_Config].[Email_Custom_Message]\n  where Source_System = ''', pipeline().parameters.Source_System, ''' and (Load_Type = ''ALL'' or Load_Type = ''', pipeline().parameters.Load_Type, ''' ) ')",
							"type": "Expression"
						},
						"queryTimeout": "02:00:00",
						"partitionOption": "None"
					},
					"dataset": {
						"referenceName": "Azure_ConfigDB",
						"type": "DatasetReference",
						"parameters": {
							"schema": "DataWarehouse_Staging",
							"table": "Ref_Email_Notification"
						}
					},
					"firstRowOnly": false
				}
			},
			{
				"name": "For each process name",
				"type": "ForEach",
				"dependsOn": [
					{
						"activity": "Get Email Process for current source system",
						"dependencyConditions": [
							"Succeeded"
						]
					}
				],
				"userProperties": [],
				"typeProperties": {
					"items": {
						"value": "@activity('Get Email Process for current source system').output.value",
						"type": "Expression"
					},
					"isSequential": false,
					"activities": [
						{
							"name": "Send Sucess Email Notification",
							"type": "ExecutePipeline",
							"dependsOn": [],
							"userProperties": [],
							"typeProperties": {
								"pipeline": {
									"referenceName": "Risk - Send Email Notification",
									"type": "PipelineReference"
								},
								"waitOnCompletion": true,
								"parameters": {
									"Email_Subject_Addition": {
										"value": "@item().Email_Subject_Addition",
										"type": "Expression"
									},
									"Process_Name": {
										"value": "@item().Process_Name",
										"type": "Expression"
									},
									"Email_Body_Addition": {
										"value": "@replace(item().Email_Body_Addition, '<<Batch_Date>>', if(equals(coalesce(pipeline().parameters.Batch_DTS,'1900-01-01'),'1900-01-01'),formatDateTime(utcnow(), 'yyyy-MM-dd'),coalesce(pipeline().parameters.Batch_DTS,'')))",
										"type": "Expression"
									},
									"Success_Failure_Flag": "S"
								}
							}
						}
					]
				}
			}
		],
		"parameters": {
			"Parent_Run_ID": {
				"type": "string",
				"defaultValue": "1"
			},
			"ETL_Load_Key": {
				"type": "string",
				"defaultValue": "1"
			},
			"Source_System": {
				"type": "string",
				"defaultValue": "Client_Perct"
			},
			"Batch_DTS": {
				"type": "string"
			},
			"Load_Type": {
				"type": "string",
				"defaultValue": "DELTA"
			}
		},
		"variables": {
			"Error_Message": {
				"type": "Array",
				"defaultValue": []
			},
			"Initial_Job_Start_Flag": {
				"type": "String",
				"defaultValue": "F"
			},
			"Dummy": {
				"type": "String"
			}
		},
		"folder": {
			"name": "Datawarehouse/Business Transformation"
		},
		"annotations": [],
		"lastPublishTime": "2022-02-23T19:49:49Z"
	},
	"type": "Microsoft.DataFactory/factories/pipelines"
}