{
	"name": "EDW Load - Source System SQL Server",
	"properties": {
		"activities": [
			{
				"name": "If CDC",
				"type": "IfCondition",
				"dependsOn": [
					{
						"activity": "run SP on source by Priority",
						"dependencyConditions": [
							"Succeeded"
						]
					}
				],
				"userProperties": [],
				"typeProperties": {
					"expression": {
						"value": "@equals(pipeline().parameters.Is_CDC,1)",
						"type": "Expression"
					},
					"ifFalseActivities": [
						{
							"name": "EDW Copy PSA",
							"type": "ExecutePipeline",
							"dependsOn": [],
							"userProperties": [],
							"typeProperties": {
								"pipeline": {
									"referenceName": "EDW PSA Load",
									"type": "PipelineReference"
								},
								"waitOnCompletion": true,
								"parameters": {
									"Batch_Date": {
										"value": "@pipeline().parameters.Batch_Date",
										"type": "Expression"
									},
									"Source_System": {
										"value": "@pipeline().parameters.Source_System",
										"type": "Expression"
									},
									"Source_Database": {
										"value": "@pipeline().parameters.SQLServer_Database",
										"type": "Expression"
									},
									"LoadType": {
										"value": "@pipeline().parameters.Load_Type",
										"type": "Expression"
									},
									"ETL_LoadKey": {
										"value": "@pipeline().parameters.ETL_Load_Key",
										"type": "Expression"
									},
									"Parent_Run_ID": {
										"value": "@pipeline().parameters.Parent_Run_ID",
										"type": "Expression"
									},
									"Source_SQL_Server_Name": {
										"value": "@pipeline().parameters.SQL_Server_Name",
										"type": "Expression"
									},
									"Source_SQL_User_Name": {
										"value": "@pipeline().parameters.SQL_User_Name",
										"type": "Expression"
									},
									"Source_SQL_Password_Sercret_Name": {
										"value": "@pipeline().parameters.SQL_Password_Secret_Name",
										"type": "Expression"
									},
									"Load_Param": {
										"value": "@pipeline().parameters.Load_Param",
										"type": "Expression"
									}
								}
							}
						}
					],
					"ifTrueActivities": [
						{
							"name": "PSA CDC",
							"type": "ExecutePipeline",
							"dependsOn": [
								{
									"activity": "DQ Staging",
									"dependencyConditions": [
										"Succeeded"
									]
								}
							],
							"userProperties": [],
							"typeProperties": {
								"pipeline": {
									"referenceName": "EDW PSA CDC Load",
									"type": "PipelineReference"
								},
								"waitOnCompletion": true,
								"parameters": {
									"Source_System": {
										"value": "@pipeline().parameters.Source_System",
										"type": "Expression"
									},
									"LoadType": {
										"value": "@pipeline().parameters.Load_Type",
										"type": "Expression"
									},
									"ETL_LoadKey": {
										"value": "@pipeline().parameters.ETL_Load_Key",
										"type": "Expression"
									},
									"Parent_Run_ID": {
										"value": "@pipeline().parameters.Parent_Run_ID",
										"type": "Expression"
									},
									"Load_Param": {
										"value": "@pipeline().parameters.Load_Param",
										"type": "Expression"
									}
								}
							}
						},
						{
							"name": "SQL to Staging",
							"type": "ExecutePipeline",
							"dependsOn": [],
							"userProperties": [],
							"typeProperties": {
								"pipeline": {
									"referenceName": "EDW - Copy SQL Query to Stage - ADLS staging",
									"type": "PipelineReference"
								},
								"waitOnCompletion": true,
								"parameters": {
									"SQLServer_DatabaseName": {
										"value": "@pipeline().parameters.SQLServer_Database",
										"type": "Expression"
									},
									"Batch_Date": {
										"value": "@pipeline().parameters.Batch_Date",
										"type": "Expression"
									},
									"Parent_Run_ID": {
										"value": "@pipeline().RunId",
										"type": "Expression"
									},
									"ETL_Load_Key": {
										"value": "@pipeline().parameters.ETL_Load_Key",
										"type": "Expression"
									},
									"Source_System": {
										"value": "@pipeline().parameters.Source_System",
										"type": "Expression"
									},
									"SQL_Server_Name": {
										"value": "@pipeline().parameters.SQL_Server_Name",
										"type": "Expression"
									},
									"SQL_User_Name": {
										"value": "@pipeline().parameters.SQL_User_Name",
										"type": "Expression"
									},
									"SQL_Password_Secret_Name": {
										"value": "@pipeline().parameters.SQL_Password_Secret_Name",
										"type": "Expression"
									},
									"Load_Param": {
										"value": "@pipeline().parameters.Load_Param",
										"type": "Expression"
									},
									"Load_Type": {
										"value": "@pipeline().parameters.Load_Type",
										"type": "Expression"
									}
								}
							}
						},
						{
							"name": "DQ Staging",
							"type": "ExecutePipeline",
							"dependsOn": [
								{
									"activity": "SQL to Staging",
									"dependencyConditions": [
										"Succeeded"
									]
								}
							],
							"userProperties": [],
							"typeProperties": {
								"pipeline": {
									"referenceName": "EDW  DQ",
									"type": "PipelineReference"
								},
								"waitOnCompletion": true,
								"parameters": {
									"Source_System": {
										"value": "@pipeline().parameters.Source_System",
										"type": "Expression"
									},
									"Load_Layer": "Staging",
									"Load_Type": {
										"value": "@pipeline().parameters.Load_Type",
										"type": "Expression"
									},
									"ETL_Load_Key": {
										"value": "@pipeline().parameters.ETL_Load_Key",
										"type": "Expression"
									},
									"Batch_DTS": {
										"value": "@pipeline().parameters.Batch_Date",
										"type": "Expression"
									},
									"Parent_Run_Id": {
										"value": "@pipeline().parameters.Parent_Run_ID",
										"type": "Expression"
									}
								}
							}
						}
					]
				}
			},
			{
				"name": "Get SP run priority list",
				"type": "Lookup",
				"dependsOn": [],
				"policy": {
					"timeout": "7.00:00:00",
					"retry": 0,
					"retryIntervalInSeconds": 30,
					"secureOutput": false,
					"secureInput": false
				},
				"userProperties": [],
				"typeProperties": {
					"source": {
						"type": "SqlDWSource",
						"sqlReaderQuery": {
							"value": "@concat('select distinct Run_Priority From [EDW_Config].[Ref_Source_Staging_Load_Process] \nWhere Source_System = ''', pipeline().parameters.Source_System, ''' \nand (\nLoad_Type = ''',pipeline().parameters.Load_Type,''' \nor Load_Type = ''All'' \nor ''All'' = ''', pipeline().parameters.Load_Type,''' \nor ''Delta'' = ''', pipeline().parameters.Load_Type,''' \n)\nOrder By Run_Priority'\n)",
							"type": "Expression"
						},
						"queryTimeout": "02:00:00",
						"partitionOption": "None"
					},
					"dataset": {
						"referenceName": "Azure_ConfigDB",
						"type": "DatasetReference",
						"parameters": {
							"schema": "EDW_ETL",
							"table": "Get_Source_SP_Detail"
						}
					},
					"firstRowOnly": false
				}
			},
			{
				"name": "run SP on source by Priority",
				"type": "ForEach",
				"dependsOn": [
					{
						"activity": "Get SP run priority list",
						"dependencyConditions": [
							"Succeeded"
						]
					}
				],
				"userProperties": [],
				"typeProperties": {
					"items": {
						"value": "@activity('Get SP run priority list').output.value",
						"type": "Expression"
					},
					"isSequential": true,
					"activities": [
						{
							"name": "EDW - Run Source SP to load",
							"type": "ExecutePipeline",
							"dependsOn": [],
							"userProperties": [],
							"typeProperties": {
								"pipeline": {
									"referenceName": "EDW - Run Source SP to load",
									"type": "PipelineReference"
								},
								"waitOnCompletion": true,
								"parameters": {
									"SP_Para_List": {
										"value": "@coalesce(pipeline().parameters.Batch_Date,'1900-01-01')",
										"type": "Expression"
									},
									"Parent_Run_ID": {
										"value": "@pipeline().parameters.Parent_Run_ID",
										"type": "Expression"
									},
									"ETL_Load_Key": {
										"value": "@pipeline().parameters.ETL_Load_Key",
										"type": "Expression"
									},
									"Source_System": {
										"value": "@pipeline().parameters.Source_System",
										"type": "Expression"
									},
									"Load_Type": {
										"value": "@pipeline().parameters.Load_Type",
										"type": "Expression"
									},
									"SQL_Server_Name": {
										"value": "@pipeline().parameters.SQL_Server_Name",
										"type": "Expression"
									},
									"SQL_User_Name": {
										"value": "@pipeline().parameters.SQL_User_Name",
										"type": "Expression"
									},
									"SQL_Password_Secret_Name": {
										"value": "@pipeline().parameters.SQL_Password_Secret_Name",
										"type": "Expression"
									},
									"Run_Priority": {
										"value": "@item().Run_Priority",
										"type": "Expression"
									}
								}
							}
						}
					]
				}
			}
		],
		"parameters": {
			"SQLServer_Database": {
				"type": "string"
			},
			"Is_CDC": {
				"type": "int"
			},
			"Batch_Date": {
				"type": "string"
			},
			"ETL_Load_Key": {
				"type": "string"
			},
			"Source_System": {
				"type": "string"
			},
			"Load_Type": {
				"type": "string"
			},
			"Parent_Run_ID": {
				"type": "string"
			},
			"SQL_Server_Name": {
				"type": "string"
			},
			"SQL_User_Name": {
				"type": "string"
			},
			"SQL_Password_Secret_Name": {
				"type": "string"
			},
			"Load_Param": {
				"type": "string"
			}
		},
		"folder": {
			"name": "Datawarehouse/Source System"
		},
		"annotations": [],
		"lastPublishTime": "2022-02-23T19:49:51Z"
	},
	"type": "Microsoft.DataFactory/factories/pipelines"
}