{
	"name": "EDW - PSA Check Eagle Source Deletion",
	"properties": {
		"activities": [
			{
				"name": "Set load dts",
				"type": "SetVariable",
				"dependsOn": [],
				"policy": {
					"secureOutput": false,
					"secureInput": false
				},
				"userProperties": [],
				"typeProperties": {
					"variableName": "Load_Dts",
					"value": {
						"value": "@formatDateTime(convertTimeZone(utcnow(),'UTC','Eastern Standard Time'),'yyyy-MM-dd HH:mm:ss.fffffff')",
						"type": "Expression"
					}
				}
			},
			{
				"name": "Get Effective Date Query",
				"type": "Lookup",
				"dependsOn": [
					{
						"activity": "Set Effective Date From for deletion check",
						"dependencyConditions": [
							"Succeeded"
						]
					}
				],
				"policy": {
					"timeout": "7.00:00:00",
					"retry": 0,
					"retryIntervalInSeconds": 30,
					"secureOutput": false,
					"secureInput": false
				},
				"userProperties": [],
				"typeProperties": {
					"source": {
						"type": "SqlDWSource",
						"sqlReaderQuery": {
							"value": "@concat('Select Replace(Effective_Date_Query,''[INITIAL_DATE]'',''',variables('Source_Delete_Check_From'),''') As Effective_Date_Query\nFrom [EDW_Config].[Ref_Staging_Query_to_IDP_Staging_Eagle] \nWhere Target_Table_Name = ''',pipeline().parameters.Target_Table_Name,''' ')",
							"type": "Expression"
						},
						"queryTimeout": "02:00:00",
						"partitionOption": "None"
					},
					"dataset": {
						"referenceName": "Azure_ConfigDB",
						"type": "DatasetReference",
						"parameters": {
							"schema": "EDW_Config",
							"table": "Ref_Staging_Query_to_IDP_Staging_Eagle"
						}
					}
				}
			},
			{
				"name": "Get record count from Eagle",
				"type": "Copy",
				"dependsOn": [
					{
						"activity": "Get Effective Date Query",
						"dependencyConditions": [
							"Succeeded"
						]
					}
				],
				"policy": {
					"timeout": "7.00:00:00",
					"retry": 0,
					"retryIntervalInSeconds": 30,
					"secureOutput": false,
					"secureInput": false
				},
				"userProperties": [],
				"typeProperties": {
					"source": {
						"type": "OracleSource",
						"additionalColumns": [
							{
								"name": "ETL_Load_Key",
								"value": {
									"value": "@pipeline().parameters.ETL_LoadKey",
									"type": "Expression"
								}
							},
							{
								"name": "Last_Update_DTS",
								"value": {
									"value": "@variables('Load_Dts')",
									"type": "Expression"
								}
							},
							{
								"name": "Table_Name",
								"value": {
									"value": "@pipeline().parameters.Target_Table_Name",
									"type": "Expression"
								}
							},
							{
								"name": "Source_System",
								"value": {
									"value": "@pipeline().parameters.Source_System",
									"type": "Expression"
								}
							},
							{
								"name": "Source_PSA",
								"value": {
									"value": "Source",
									"type": "Expression"
								}
							}
						],
						"oracleReaderQuery": {
							"value": "@activity('Get Effective Date Query').output.firstRow.Effective_Date_Query",
							"type": "Expression"
						},
						"partitionOption": "None",
						"queryTimeout": "02:00:00"
					},
					"sink": {
						"type": "SqlDWSink",
						"preCopyScript": {
							"value": "@{concat('Delete from EDW_ETL.[ETL_Src_PSA_Table_Record_Count]\n        Where Source_System =''',pipeline().parameters.Source_System,''' and Table_Name = ''',pipeline().parameters.Target_Table_Name,''' and Source_PSA=''Source'' ')}\n",
							"type": "Expression"
						},
						"allowPolyBase": true,
						"polyBaseSettings": {
							"rejectValue": 0,
							"rejectType": "value",
							"useTypeDefault": false
						},
						"disableMetricsCollection": false
					},
					"enableStaging": true,
					"stagingSettings": {
						"linkedServiceName": {
							"referenceName": "AzureBlobStorage1",
							"type": "LinkedServiceReference",
							"parameters": {
								"Container_Name": {
									"value": "@pipeline().globalParameters.Azure_Container_Name",
									"type": "Expression"
								}
							}
						},
						"path": {
							"value": "@concat(pipeline().globalParameters.Env,'/staging/Risk/Polybase_Auto')",
							"type": "Expression"
						},
						"enableCompression": false
					},
					"parallelCopies": 5
				},
				"inputs": [
					{
						"referenceName": "Eagle_Staging",
						"type": "DatasetReference",
						"parameters": {
							"Host_Name": {
								"value": "@first(split(activity('Get Eagle Connection').output.firstRow.SQL_Server_Name, '|'))",
								"type": "Expression"
							},
							"Port_Number": {
								"value": "@last(split(activity('Get Eagle Connection').output.firstRow.SQL_Server_Name, '|'))\n",
								"type": "Expression"
							},
							"Service_Name": {
								"value": "@activity('Get Eagle Connection').output.firstRow.SQL_Database_Name\n",
								"type": "Expression"
							},
							"User_Name": {
								"value": "@activity('Get Eagle Connection').output.firstRow.SQL_User_Name\n",
								"type": "Expression"
							},
							"User_Password_Secret": {
								"value": "@activity('Get Eagle Connection').output.firstRow.SQL_Password_Secret_Name",
								"type": "Expression"
							}
						}
					}
				],
				"outputs": [
					{
						"referenceName": "Azure_ConfigDB",
						"type": "DatasetReference",
						"parameters": {
							"schema": "EDW_ETL",
							"table": "ETL_Src_PSA_Table_Record_Count"
						}
					}
				]
			},
			{
				"name": "Set Effective Date From for deletion check",
				"type": "SetVariable",
				"dependsOn": [
					{
						"activity": "Get Eagle Connection",
						"dependencyConditions": [
							"Succeeded"
						]
					}
				],
				"policy": {
					"secureOutput": false,
					"secureInput": false
				},
				"userProperties": [],
				"typeProperties": {
					"variableName": "Source_Delete_Check_From",
					"value": {
						"value": "@getPastTime(2,'MONTH','yyyy-MM-dd')",
						"type": "Expression"
					}
				}
			},
			{
				"name": "Get Diff Effective Date",
				"type": "Lookup",
				"dependsOn": [
					{
						"activity": "Get record count from Eagle",
						"dependencyConditions": [
							"Succeeded"
						]
					}
				],
				"policy": {
					"timeout": "7.00:00:00",
					"retry": 0,
					"retryIntervalInSeconds": 30,
					"secureOutput": false,
					"secureInput": false
				},
				"userProperties": [],
				"typeProperties": {
					"source": {
						"type": "SqlDWSource",
						"sqlReaderStoredProcedureName": "EDW_Config.Get_Source_Effective_Dates_With_Deletion",
						"storedProcedureParameters": {
							"ETL_Load_Key": {
								"type": "String",
								"value": {
									"value": "@pipeline().parameters.ETL_LoadKey",
									"type": "Expression"
								}
							},
							"Initial_Start_Date": {
								"type": "String",
								"value": {
									"value": "@variables('Source_Delete_Check_From')",
									"type": "Expression"
								}
							},
							"Load_Type": {
								"type": "String",
								"value": {
									"value": "@pipeline().parameters.LoadType",
									"type": "Expression"
								}
							},
							"Source_System": {
								"type": "String",
								"value": {
									"value": "@pipeline().parameters.Source_System",
									"type": "Expression"
								}
							},
							"Table_Name": {
								"type": "String",
								"value": {
									"value": "@pipeline().parameters.Target_Table_Name",
									"type": "Expression"
								}
							}
						},
						"queryTimeout": "02:00:00",
						"partitionOption": "None"
					},
					"dataset": {
						"referenceName": "Azure_ConfigDB",
						"type": "DatasetReference",
						"parameters": {
							"schema": "EDW_Config",
							"table": "Get_Source_Effective_Dates_With_Deletion"
						}
					}
				}
			},
			{
				"name": "Effective Date diff found",
				"type": "IfCondition",
				"dependsOn": [
					{
						"activity": "Get Diff Effective Date",
						"dependencyConditions": [
							"Succeeded"
						]
					}
				],
				"userProperties": [],
				"typeProperties": {
					"expression": {
						"value": "@not(equals(activity('Get Diff Effective Date').output.firstRow.Effective_Date, ''))",
						"type": "Expression"
					},
					"ifTrueActivities": [
						{
							"name": "Get Staging Source PK query",
							"type": "Lookup",
							"dependsOn": [],
							"policy": {
								"timeout": "7.00:00:00",
								"retry": 0,
								"retryIntervalInSeconds": 30,
								"secureOutput": false,
								"secureInput": false
							},
							"userProperties": [],
							"typeProperties": {
								"source": {
									"type": "SqlDWSource",
									"sqlReaderQuery": {
										"value": "@concat('Select Replace([PK_Query], ''[EFFECTIVE_DATE]'', ''', replace(activity('Get Diff Effective Date').output.firstRow.Effective_Date, '''',''''''),''' ) as PK_Query \n  From [EDW_Config].[Ref_Staging_Query_to_IDP_Staging_Eagle]\n  where Target_Table_Name = ''',pipeline().parameters.Target_Table_Name,'''')",
										"type": "Expression"
									},
									"queryTimeout": "02:00:00",
									"partitionOption": "None"
								},
								"dataset": {
									"referenceName": "Azure_ConfigDB",
									"type": "DatasetReference",
									"parameters": {
										"schema": "EDW_Config",
										"table": "Ref_Staging_Query_to_IDP_Staging_Eagle"
									}
								}
							}
						},
						{
							"name": "Get PK Values for effective date from Eagle",
							"type": "Copy",
							"dependsOn": [
								{
									"activity": "Get Staging Source PK query",
									"dependencyConditions": [
										"Succeeded"
									]
								}
							],
							"policy": {
								"timeout": "7.00:00:00",
								"retry": 0,
								"retryIntervalInSeconds": 30,
								"secureOutput": false,
								"secureInput": false
							},
							"userProperties": [],
							"typeProperties": {
								"source": {
									"type": "OracleSource",
									"additionalColumns": [
										{
											"name": "ETL_Load_Key",
											"value": {
												"value": "@pipeline().parameters.ETL_LoadKey",
												"type": "Expression"
											}
										},
										{
											"name": "Source_System",
											"value": {
												"value": "@pipeline().parameters.Source_System",
												"type": "Expression"
											}
										},
										{
											"name": "Table_Name",
											"value": {
												"value": "@pipeline().parameters.Target_Table_Name",
												"type": "Expression"
											}
										},
										{
											"name": "Last_Update_DTS",
											"value": {
												"value": "@variables('Load_Dts')",
												"type": "Expression"
											}
										},
										{
											"name": "Source_PSA",
											"value": {
												"value": "Source",
												"type": "Expression"
											}
										}
									],
									"oracleReaderQuery": {
										"value": "@activity('Get Staging Source PK query').output.firstRow.PK_Query",
										"type": "Expression"
									},
									"partitionOption": "None",
									"queryTimeout": "02:00:00"
								},
								"sink": {
									"type": "SqlDWSink",
									"preCopyScript": {
										"value": "@{concat('Delete from EDW_ETL.[ETL_Src_PSA_Table_PK] \n        Where Source_System =''',pipeline().parameters.Source_System,''' and Table_Name = ''',pipeline().parameters.Target_Table_Name,''' and Source_PSA=''Source'' ')}\n",
										"type": "Expression"
									},
									"allowPolyBase": true,
									"polyBaseSettings": {
										"rejectValue": 0,
										"rejectType": "value",
										"useTypeDefault": false
									},
									"disableMetricsCollection": false
								},
								"enableStaging": true,
								"stagingSettings": {
									"linkedServiceName": {
										"referenceName": "AzureBlobStorage1",
										"type": "LinkedServiceReference",
										"parameters": {
											"Container_Name": {
												"value": "@pipeline().globalParameters.Azure_Container_Name",
												"type": "Expression"
											}
										}
									},
									"path": {
										"value": "@concat(pipeline().globalParameters.Env,'/staging/Risk/Polybase_Auto')",
										"type": "Expression"
									},
									"enableCompression": false
								},
								"parallelCopies": 5
							},
							"inputs": [
								{
									"referenceName": "Eagle_Staging",
									"type": "DatasetReference",
									"parameters": {
										"Host_Name": {
											"value": "@first(split(activity('Get Eagle Connection').output.firstRow.SQL_Server_Name, '|'))\n",
											"type": "Expression"
										},
										"Port_Number": {
											"value": "@last(split(activity('Get Eagle Connection').output.firstRow.SQL_Server_Name, '|'))\n",
											"type": "Expression"
										},
										"Service_Name": {
											"value": "@activity('Get Eagle Connection').output.firstRow.SQL_Database_Name\n",
											"type": "Expression"
										},
										"User_Name": {
											"value": "@activity('Get Eagle Connection').output.firstRow.SQL_User_Name\n",
											"type": "Expression"
										},
										"User_Password_Secret": {
											"value": "@activity('Get Eagle Connection').output.firstRow.SQL_Password_Secret_Name",
											"type": "Expression"
										}
									}
								}
							],
							"outputs": [
								{
									"referenceName": "Azure_ConfigDB",
									"type": "DatasetReference",
									"parameters": {
										"schema": "EDW_ETL",
										"table": "ETL_Src_PSA_Table_PK"
									}
								}
							]
						},
						{
							"name": "Set Eagle Deleted",
							"type": "SqlServerStoredProcedure",
							"dependsOn": [
								{
									"activity": "Get PK Values for effective date from Eagle",
									"dependencyConditions": [
										"Succeeded"
									]
								}
							],
							"policy": {
								"timeout": "7.00:00:00",
								"retry": 0,
								"retryIntervalInSeconds": 30,
								"secureOutput": false,
								"secureInput": false
							},
							"userProperties": [
								{
									"name": "ProcessName",
									"value": "item().Process_Name"
								}
							],
							"typeProperties": {
								"storedProcedureName": "PSA.Update_Delta_IsDeleted_Records",
								"storedProcedureParameters": {
									"EffectiveDate": {
										"value": {
											"value": "@activity('Get Diff Effective Date').output.firstRow.Effective_Date",
											"type": "Expression"
										},
										"type": "String"
									},
									"ETL_Load_Key": {
										"value": {
											"value": "@pipeline().parameters.ETL_LoadKey",
											"type": "Expression"
										},
										"type": "String"
									},
									"Load_Type": {
										"value": {
											"value": "@pipeline().parameters.LoadType",
											"type": "Expression"
										},
										"type": "String"
									},
									"Source_System": {
										"value": {
											"value": "@pipeline().parameters.Source_System",
											"type": "Expression"
										},
										"type": "String"
									},
									"Target_Schema": {
										"value": {
											"value": "@pipeline().parameters.Target_Schema",
											"type": "Expression"
										},
										"type": "String"
									},
									"Target_Table_Name": {
										"value": {
											"value": "@pipeline().parameters.Target_Table_Name",
											"type": "Expression"
										},
										"type": "String"
									}
								}
							},
							"linkedServiceName": {
								"referenceName": "AzureSynapseDW",
								"type": "LinkedServiceReference"
							}
						}
					]
				}
			},
			{
				"name": "Get Eagle Connection",
				"type": "Lookup",
				"dependsOn": [
					{
						"activity": "Set load dts",
						"dependencyConditions": [
							"Succeeded"
						]
					}
				],
				"policy": {
					"timeout": "7.00:00:00",
					"retry": 0,
					"retryIntervalInSeconds": 30,
					"secureOutput": false,
					"secureInput": false
				},
				"userProperties": [],
				"typeProperties": {
					"source": {
						"type": "SqlDWSource",
						"sqlReaderQuery": {
							"value": "@concat('SELECT SQL_Server_Name, SQL_Database_Name, \n    SQL_User_Name, SQL_Password_Secret_Name\n    FROM [EDW_Config].[Ref_Process_Source_System]\n    where Source_System=''',pipeline().parameters.Source_System,'''')",
							"type": "Expression"
						},
						"queryTimeout": "02:00:00",
						"partitionOption": "None"
					},
					"dataset": {
						"referenceName": "Azure_ConfigDB",
						"type": "DatasetReference",
						"parameters": {
							"schema": "EDW_Config",
							"table": "Ref_Source_process_name"
						}
					}
				}
			}
		],
		"parameters": {
			"Source_System": {
				"type": "string",
				"defaultValue": "PSA_Eagle"
			},
			"LoadType": {
				"type": "string",
				"defaultValue": "Delta"
			},
			"ETL_LoadKey": {
				"type": "string",
				"defaultValue": "299"
			},
			"Parent_Run_ID": {
				"type": "string",
				"defaultValue": "-1"
			},
			"Target_Table_Name": {
				"type": "string",
				"defaultValue": "Eagle_POSITION_DETAIL"
			},
			"Target_Schema": {
				"type": "string",
				"defaultValue": "PSA"
			},
			"Source_Deletion_Compare": {
				"type": "string",
				"defaultValue": "DELTA"
			},
			"Source_Schema": {
				"type": "string",
				"defaultValue": "Datawarehouse_Staging"
			},
			"Source_Table_Name": {
				"type": "string",
				"defaultValue": "Eagle_POSITION_DETAIL"
			}
		},
		"variables": {
			"cancel_job_url": {
				"type": "String"
			},
			"email_subject": {
				"type": "String"
			},
			"email_body": {
				"type": "String"
			},
			"Load_Dts": {
				"type": "String"
			},
			"Dummy": {
				"type": "String"
			},
			"Error_Message": {
				"type": "String"
			},
			"Source_Delete_Check_From": {
				"type": "String"
			}
		},
		"folder": {
			"name": "Datawarehouse/CDC Deletion Process"
		},
		"annotations": [],
		"lastPublishTime": "2022-03-02T14:13:15Z"
	},
	"type": "Microsoft.DataFactory/factories/pipelines"
}