{
	"name": "EDW Load - Load Barra IMCO Field History",
	"properties": {
		"activities": [
			{
				"name": "Get Current Load Dates",
				"type": "Lookup",
				"dependsOn": [
					{
						"activity": "No running job - start new load",
						"dependencyConditions": [
							"Succeeded"
						]
					}
				],
				"policy": {
					"timeout": "7.00:00:00",
					"retry": 0,
					"retryIntervalInSeconds": 30,
					"secureOutput": false,
					"secureInput": false
				},
				"userProperties": [],
				"typeProperties": {
					"source": {
						"type": "SqlDWSource",
						"sqlReaderQuery": {
							"value": "@concat('SELECT ETL_Load_Key,\n      replace(convert(varchar, [Batch_Date],102),''.'',''-'') as [Batch_Date]\n  FROM [EDW_ETL].ETL_Load\n  where [Load_Status] = ''Started''\n  and [Source_System] = ''', pipeline().parameters.Source_System, ''' \n  and ETL_Load_Key <> ',string(activity('Get Current In Progess job').output.firstRow.ETL_Load_Key),' Order by Batch_Date asc')",
							"type": "Expression"
						},
						"queryTimeout": "02:00:00",
						"partitionOption": "None"
					},
					"dataset": {
						"referenceName": "Azure_DW",
						"type": "DatasetReference",
						"parameters": {
							"schema": "EDW_ETL",
							"table": "ETL_Load"
						}
					},
					"firstRowOnly": false
				}
			},
			{
				"name": "Update SQL Server for all Dates",
				"type": "ForEach",
				"dependsOn": [
					{
						"activity": "Get Current Load Dates",
						"dependencyConditions": [
							"Succeeded"
						]
					}
				],
				"userProperties": [],
				"typeProperties": {
					"items": {
						"value": "@activity('Get Current Load Dates').output.value",
						"type": "Expression"
					},
					"isSequential": true,
					"activities": [
						{
							"name": "Set Current ETL_Load_Key",
							"type": "SetVariable",
							"dependsOn": [],
							"userProperties": [],
							"typeProperties": {
								"variableName": "ETL_Load_Key",
								"value": {
									"value": "@string(item().ETL_Load_Key)",
									"type": "Expression"
								}
							}
						},
						{
							"name": "Set Load In Progress",
							"type": "SqlServerStoredProcedure",
							"dependsOn": [
								{
									"activity": "Set Current ETL_Load_Key",
									"dependencyConditions": [
										"Succeeded"
									]
								}
							],
							"policy": {
								"timeout": "7.00:00:00",
								"retry": 0,
								"retryIntervalInSeconds": 30,
								"secureOutput": false,
								"secureInput": false
							},
							"userProperties": [],
							"typeProperties": {
								"storedProcedureName": "[EDW_ETL].[Update_ETL_Load_Status]",
								"storedProcedureParameters": {
									"ETL_Load_Key": {
										"value": {
											"value": "@item().ETL_Load_Key",
											"type": "Expression"
										},
										"type": "Int32"
									},
									"Status": {
										"value": {
											"value": "In_Progress",
											"type": "Expression"
										},
										"type": "String"
									}
								}
							},
							"linkedServiceName": {
								"referenceName": "AzureSynapseDW",
								"type": "LinkedServiceReference"
							}
						},
						{
							"name": "Set Load Success",
							"type": "SqlServerStoredProcedure",
							"dependsOn": [
								{
									"activity": "Load Dimension Fact tables",
									"dependencyConditions": [
										"Succeeded"
									]
								}
							],
							"policy": {
								"timeout": "7.00:00:00",
								"retry": 0,
								"retryIntervalInSeconds": 30,
								"secureOutput": false,
								"secureInput": false
							},
							"userProperties": [],
							"typeProperties": {
								"storedProcedureName": "[EDW_ETL].[Update_ETL_Load_Status]",
								"storedProcedureParameters": {
									"ETL_Load_Key": {
										"value": {
											"value": "@item().ETL_Load_Key",
											"type": "Expression"
										},
										"type": "Int32"
									},
									"Status": {
										"value": {
											"value": "Completed",
											"type": "Expression"
										},
										"type": "String"
									}
								}
							},
							"linkedServiceName": {
								"referenceName": "AzureSynapseDW",
								"type": "LinkedServiceReference"
							}
						},
						{
							"name": "Update Barra Risk DB on IMCO Fields",
							"type": "SqlServerStoredProcedure",
							"dependsOn": [
								{
									"activity": "Set Load In Progress",
									"dependencyConditions": [
										"Succeeded"
									]
								}
							],
							"policy": {
								"timeout": "7.00:00:00",
								"retry": 0,
								"retryIntervalInSeconds": 30,
								"secureOutput": false,
								"secureInput": false
							},
							"userProperties": [],
							"typeProperties": {
								"storedProcedureName": "dbo.Update_Barra_IMCO_Field_History",
								"storedProcedureParameters": {
									"RunDateType": {
										"value": {
											"value": "@pipeline().parameters.RunDateType",
											"type": "Expression"
										},
										"type": "String"
									},
									"StartDate": {
										"value": {
											"value": "@pipeline().parameters.StartDate",
											"type": "Expression"
										},
										"type": "String"
									},
									"EndDate": {
										"value": {
											"value": "@pipeline().parameters.EndDate",
											"type": "Expression"
										},
										"type": "String"
									},
									"RunType": {
										"value": "",
										"type": "String"
									}
								}
							},
							"linkedServiceName": {
								"referenceName": "SqlServer_Target",
								"type": "LinkedServiceReference",
								"parameters": {
									"Target_Database": "Risk",
									"Schema_Name": "dbo",
									"Table_Name": "Barra_Header"
								}
							}
						},
						{
							"name": "EDW Copy PSA",
							"type": "ExecutePipeline",
							"dependsOn": [
								{
									"activity": "Update Barra Risk DB on IMCO Fields",
									"dependencyConditions": [
										"Succeeded"
									]
								}
							],
							"userProperties": [],
							"typeProperties": {
								"pipeline": {
									"referenceName": "EDW PSA Load",
									"type": "PipelineReference"
								},
								"waitOnCompletion": true,
								"parameters": {
									"Batch_Date": {
										"value": "@item().Batch_Date",
										"type": "Expression"
									},
									"Source_System": {
										"value": "@pipeline().parameters.Source_System",
										"type": "Expression"
									},
									"Source_Database": {
										"value": "@activity('Get System Process').output.firstRow.SQL_Database_Name",
										"type": "Expression"
									},
									"LoadType": {
										"value": "@pipeline().parameters.Load_Type",
										"type": "Expression"
									},
									"ETL_LoadKey": {
										"value": "@item().ETL_Load_Key",
										"type": "Expression"
									},
									"Parent_Run_ID": {
										"value": "@pipeline().RunId",
										"type": "Expression"
									},
									"Source_SQL_Server_Name": {
										"value": "@activity('Get System Process').output.firstRow.SQL_Server_Name",
										"type": "Expression"
									},
									"Source_SQL_User_Name": {
										"value": "@activity('Get System Process').output.firstRow.SQL_User_Name",
										"type": "Expression"
									},
									"Source_SQL_Password_Sercret_Name": {
										"value": "@activity('Get System Process').output.firstRow.SQL_Password_Secret_Name",
										"type": "Expression"
									}
								}
							}
						},
						{
							"name": "Load Dimension Fact tables",
							"type": "ExecutePipeline",
							"dependsOn": [
								{
									"activity": "EDW Copy PSA",
									"dependencyConditions": [
										"Succeeded"
									]
								}
							],
							"userProperties": [],
							"typeProperties": {
								"pipeline": {
									"referenceName": "EDW Load - Load DM",
									"type": "PipelineReference"
								},
								"waitOnCompletion": true,
								"parameters": {
									"Source_System": {
										"value": "@pipeline().parameters.Source_System",
										"type": "Expression"
									},
									"ETL_Load_Key": {
										"value": "@item().ETL_Load_Key",
										"type": "Expression"
									},
									"Parent_Run_ID": {
										"value": "@pipeline().RunId",
										"type": "Expression"
									},
									"Load_Type": {
										"value": "@pipeline().parameters.Load_Type",
										"type": "Expression"
									},
									"Batch_DTS": {
										"value": "@item().Batch_Date",
										"type": "Expression"
									}
								}
							}
						}
					]
				}
			},
			{
				"name": "Check current load error log",
				"type": "Lookup",
				"dependsOn": [
					{
						"activity": "Update SQL Server for all Dates",
						"dependencyConditions": [
							"Failed"
						]
					}
				],
				"policy": {
					"timeout": "7.00:00:00",
					"retry": 0,
					"retryIntervalInSeconds": 30,
					"secureOutput": false,
					"secureInput": false
				},
				"userProperties": [],
				"typeProperties": {
					"source": {
						"type": "SqlDWSource",
						"sqlReaderQuery": {
							"value": "@concat('SELECT count(*) Num_Of_Rows\nFROM [EDW_ETL].[ETL_Load_Errors]\nWhere ETL_Load_Key = ',variables('ETL_Load_Key'))",
							"type": "Expression"
						},
						"queryTimeout": "02:00:00",
						"partitionOption": "None"
					},
					"dataset": {
						"referenceName": "Azure_DW",
						"type": "DatasetReference",
						"parameters": {
							"schema": "EDW_ETL",
							"table": "ETL_Load_Errors"
						}
					},
					"firstRowOnly": true
				}
			},
			{
				"name": "If no error handled set load fail and send email",
				"type": "IfCondition",
				"dependsOn": [
					{
						"activity": "Check current load error log",
						"dependencyConditions": [
							"Succeeded"
						]
					}
				],
				"userProperties": [],
				"typeProperties": {
					"expression": {
						"value": "@equals(activity('Check current load error log').output.firstRow.Num_Of_Rows,0)",
						"type": "Expression"
					},
					"ifTrueActivities": [
						{
							"name": "EDW - Handle Error",
							"type": "ExecutePipeline",
							"dependsOn": [],
							"userProperties": [],
							"typeProperties": {
								"pipeline": {
									"referenceName": "EDW - Handle Error",
									"type": "PipelineReference"
								},
								"waitOnCompletion": true,
								"parameters": {
									"ETL_LoadKey": {
										"value": "@variables('ETL_Load_Key')",
										"type": "Expression"
									},
									"Failed_Activity_Name": "ETL Load Main",
									"Failure_Message": "Un-handled pipeline error",
									"Pipeline_Name": "EDW Load - Main",
									"Pipeline_Job_Run_Id": {
										"value": "@pipeline().RunId",
										"type": "Expression"
									},
									"Source_System": {
										"value": "@pipeline().parameters.Source_System",
										"type": "Expression"
									}
								}
							}
						}
					]
				}
			},
			{
				"name": "Get Current In Progess job",
				"type": "Lookup",
				"dependsOn": [],
				"policy": {
					"timeout": "7.00:00:00",
					"retry": 0,
					"retryIntervalInSeconds": 30,
					"secureOutput": false,
					"secureInput": false
				},
				"userProperties": [],
				"typeProperties": {
					"source": {
						"type": "SqlDWSource",
						"sqlReaderQuery": {
							"value": "@concat('Select coalesce(l.ETL_Load_Key, d.ETL_Load_Key) ETL_Load_Key \nFrom (\n\t\tSelect 1 dummy, -1 ETL_Load_Key\n\t) d\n\tLeft Join \n\t(\n\t  SELECT 1 dummy, ETL_Load_Key\n\t  FROM [EDW_ETL].ETL_Load\n  where [Load_Status] in (''In_Progress'', ''Started'')\n  and [Source_System] = ''', pipeline().parameters.Source_System, ''' \n  and Load_Type = ''',pipeline().parameters.Load_Type,''' \n\t) l on d.dummy = l.dummy ')",
							"type": "Expression"
						},
						"queryTimeout": "02:00:00",
						"partitionOption": "None"
					},
					"dataset": {
						"referenceName": "Azure_DW",
						"type": "DatasetReference",
						"parameters": {
							"schema": "EDW_ETL",
							"table": "ETL_Load"
						}
					},
					"firstRowOnly": true
				}
			},
			{
				"name": "No running job - start new load",
				"type": "IfCondition",
				"dependsOn": [
					{
						"activity": "Get System Process",
						"dependencyConditions": [
							"Succeeded"
						]
					}
				],
				"userProperties": [],
				"typeProperties": {
					"expression": {
						"value": "@equals(activity('Get Current In Progess job').output.firstRow.ETL_Load_Key, -1)",
						"type": "Expression"
					},
					"ifFalseActivities": [
						{
							"name": "EDW - Handle Error for new load",
							"type": "ExecutePipeline",
							"dependsOn": [],
							"userProperties": [],
							"typeProperties": {
								"pipeline": {
									"referenceName": "EDW - Handle Error",
									"type": "PipelineReference"
								},
								"waitOnCompletion": true,
								"parameters": {
									"ETL_LoadKey": "-1",
									"Failed_Activity_Name": "Start new load",
									"Failure_Message": "There is a same load job running, skip this load",
									"Pipeline_Name": "EDW Load - Main",
									"Pipeline_Job_Run_Id": {
										"value": "@pipeline().RunId",
										"type": "Expression"
									},
									"Source_System": {
										"value": "@pipeline().parameters.Source_System",
										"type": "Expression"
									}
								}
							}
						},
						{
							"name": "Throw Error again for ADF to catch",
							"type": "SqlServerStoredProcedure",
							"dependsOn": [
								{
									"activity": "EDW - Handle Error for new load",
									"dependencyConditions": [
										"Succeeded"
									]
								}
							],
							"policy": {
								"timeout": "7.00:00:00",
								"retry": 0,
								"retryIntervalInSeconds": 30,
								"secureOutput": false,
								"secureInput": false
							},
							"userProperties": [],
							"typeProperties": {
								"storedProcedureName": {
									"value": "EDW_ETL.ADF_Throw_Error",
									"type": "Expression"
								}
							},
							"linkedServiceName": {
								"referenceName": "AzureSynapseDW",
								"type": "LinkedServiceReference"
							}
						}
					],
					"ifTrueActivities": [
						{
							"name": "Start New Load",
							"type": "SqlServerStoredProcedure",
							"dependsOn": [
								{
									"activity": "Get Batch Dates",
									"dependencyConditions": [
										"Succeeded"
									]
								}
							],
							"policy": {
								"timeout": "7.00:00:00",
								"retry": 0,
								"retryIntervalInSeconds": 30,
								"secureOutput": false,
								"secureInput": false
							},
							"userProperties": [],
							"typeProperties": {
								"storedProcedureName": "[EDW_ETL].[Start_New_Load]",
								"storedProcedureParameters": {
									"Batch_Date": {
										"value": {
											"value": "@activity('Get Batch Dates').output.firstRow.Batch_Date",
											"type": "Expression"
										},
										"type": "String"
									},
									"Source_System": {
										"value": {
											"value": "@pipeline().parameters.Source_System",
											"type": "Expression"
										},
										"type": "String"
									},
									"Load_Type": {
										"value": {
											"value": "@pipeline().parameters.Load_Type",
											"type": "Expression"
										},
										"type": "String"
									},
									"Run_Pipeline_Id": {
										"value": {
											"value": "@pipeline().RunId",
											"type": "Expression"
										},
										"type": "String"
									}
								}
							},
							"linkedServiceName": {
								"referenceName": "AzureSynapseDW",
								"type": "LinkedServiceReference"
							}
						},
						{
							"name": "Get Batch Dates",
							"type": "Lookup",
							"dependsOn": [],
							"policy": {
								"timeout": "7.00:00:00",
								"retry": 0,
								"retryIntervalInSeconds": 30,
								"secureOutput": false,
								"secureInput": false
							},
							"userProperties": [],
							"typeProperties": {
								"source": {
									"type": "SqlServerSource",
									"sqlReaderQuery": {
										"value": "@concat('select String_Agg(Replace(convert(varchar(15),Batch_Date, 102),''.'',''-''), '','') within Group(Order By Analysis_Date) as Batch_Date \nfrom [dbo].[fn_Get_Barra_History_Load_Dates] (''',pipeline().parameters.RunDateType, ''', ''',pipeline().parameters.StartDate,''',''',pipeline().parameters.EndDate,''','''')')",
										"type": "Expression"
									},
									"queryTimeout": "02:00:00",
									"partitionOption": "None"
								},
								"dataset": {
									"referenceName": "SQL_Staging",
									"type": "DatasetReference",
									"parameters": {
										"DatabaseName": "@activity('Get System Process').output.firstRow.SQL_Database_Name",
										"ServerName": {
											"value": "@activity('Get System Process').output.firstRow.SQL_Server_Name",
											"type": "Expression"
										},
										"UserName": {
											"value": "@activity('Get System Process').output.firstRow.SQL_User_Name",
											"type": "Expression"
										},
										"SecretName": {
											"value": "@activity('Get System Process').output.firstRow.SQL_Password_Secret_Name",
											"type": "Expression"
										}
									}
								}
							}
						}
					]
				}
			},
			{
				"name": "Get System Process",
				"type": "Lookup",
				"dependsOn": [
					{
						"activity": "Get Current In Progess job",
						"dependencyConditions": [
							"Succeeded"
						]
					}
				],
				"policy": {
					"timeout": "7.00:00:00",
					"retry": 0,
					"retryIntervalInSeconds": 30,
					"secureOutput": false,
					"secureInput": false
				},
				"userProperties": [],
				"typeProperties": {
					"source": {
						"type": "SqlDWSource",
						"sqlReaderQuery": {
							"value": "@concat('SELECT  [Process_Name]\n    ,[Source_System]\n    ,[SQL_Server_Name]\n    ,[SQL_User_Name]\n    ,[SQL_Password_Secret_Name]\n    ,[SQL_Database_Name]\n    ,[Enabled]\n    ,[LastUpdate_DT]\n    ,[Is_CDC]\n    FROM [EDW_Config].[Ref_Process_Source_System]\n    where Source_System=''',pipeline().parameters.Source_System,'''')",
							"type": "Expression"
						},
						"queryTimeout": "02:00:00",
						"partitionOption": "None"
					},
					"dataset": {
						"referenceName": "Azure_DW",
						"type": "DatasetReference",
						"parameters": {
							"schema": "not applicable",
							"table": "not applicable"
						}
					}
				}
			}
		],
		"parameters": {
			"Source_System": {
				"type": "string",
				"defaultValue": "PSA_BarraOne"
			},
			"Load_Type": {
				"type": "string",
				"defaultValue": "DELTA"
			},
			"StartDate": {
				"type": "string",
				"defaultValue": "2021-12-30"
			},
			"EndDate": {
				"type": "string",
				"defaultValue": "2021-12-30"
			},
			"RunDateType": {
				"type": "string",
				"defaultValue": "Date_Range"
			}
		},
		"variables": {
			"table_Name": {
				"type": "String"
			},
			"ETL_Load_Key": {
				"type": "String"
			}
		},
		"folder": {
			"name": "Datawarehouse/Utilities/History Load"
		},
		"annotations": [],
		"lastPublishTime": "2022-05-20T19:57:41Z"
	},
	"type": "Microsoft.DataFactory/factories/pipelines"
}