{
	"name": "EDW - Deletion IDs Detection - Eagle",
	"properties": {
		"activities": [
			{
				"name": "Get Staging tables no Partition",
				"description": "",
				"type": "Lookup",
				"dependsOn": [
					{
						"activity": "Set job start",
						"dependencyConditions": [
							"Succeeded"
						]
					}
				],
				"policy": {
					"timeout": "7.00:00:00",
					"retry": 0,
					"retryIntervalInSeconds": 30,
					"secureOutput": false,
					"secureInput": false
				},
				"userProperties": [],
				"typeProperties": {
					"source": {
						"type": "SqlDWSource",
						"sqlReaderStoredProcedureName": "EDW_Config.Create_Eagle_ID_Staging_Load_Query",
						"storedProcedureParameters": {
							"SourceSystem": {
								"type": "String",
								"value": {
									"value": "@pipeline().parameters.Source_System",
									"type": "Expression"
								}
							},
							"Load_Param": {
								"type": "String",
								"value": {
									"value": "@string(pipeline().parameters.Load_Param)",
									"type": "Expression"
								}
							},
							"LoadDate": {
								"type": "String",
								"value": {
									"value": "@string(pipeline().parameters.Batch_Date)",
									"type": "Expression"
								}
							},
							"LoadType": {
								"type": "String",
								"value": {
									"value": "@pipeline().parameters.Load_Type",
									"type": "Expression"
								}
							}
						},
						"queryTimeout": "02:00:00",
						"partitionOption": "None"
					},
					"dataset": {
						"referenceName": "Azure_ConfigDB",
						"type": "DatasetReference",
						"parameters": {
							"schema": "EDW_Config",
							"table": "EDW_Config.Ref_Staging_Query_ID_Deletion_Eagle"
						}
					},
					"firstRowOnly": false
				}
			},
			{
				"name": "ForEach Non Partition Tables",
				"type": "ForEach",
				"dependsOn": [
					{
						"activity": "Get Staging tables no Partition",
						"dependencyConditions": [
							"Succeeded"
						]
					}
				],
				"userProperties": [],
				"typeProperties": {
					"items": {
						"value": "@activity('Get Staging tables no Partition').output.value",
						"type": "Expression"
					},
					"isSequential": false,
					"batchCount": 3,
					"activities": [
						{
							"name": "Copy Staging_No_Partition",
							"type": "Copy",
							"dependsOn": [],
							"policy": {
								"timeout": "7.00:00:00",
								"retry": 0,
								"retryIntervalInSeconds": 30,
								"secureOutput": false,
								"secureInput": false
							},
							"userProperties": [
								{
									"name": "Destination",
									"value": "@{item().target_table}"
								}
							],
							"typeProperties": {
								"source": {
									"type": "OracleSource",
									"oracleReaderQuery": {
										"value": "@item().Source_Query",
										"type": "Expression"
									},
									"partitionOption": "DynamicRange",
									"partitionSettings": {
										"partitionColumnName": {
											"value": "@{item().Dynamic_Paratition_Column}",
											"type": "Expression"
										},
										"partitionUpperBound": {
											"value": "@{item().UpperBound_Column}",
											"type": "Expression"
										},
										"partitionLowerBound": {
											"value": "@{item().LowerBound_Column}",
											"type": "Expression"
										}
									},
									"convertDecimalToInteger": false,
									"queryTimeout": "02:00:00"
								},
								"sink": {
									"type": "SqlDWSink",
									"preCopyScript": {
										"value": "@{concat('Truncate Table ', item().Target_Schema,'.',item().Target_Table)}",
										"type": "Expression"
									},
									"allowPolyBase": true,
									"polyBaseSettings": {
										"rejectValue": 0,
										"rejectType": "value",
										"useTypeDefault": false
									},
									"disableMetricsCollection": false
								},
								"enableStaging": true,
								"stagingSettings": {
									"linkedServiceName": {
										"referenceName": "AzureBlobStorage1",
										"type": "LinkedServiceReference",
										"parameters": {
											"Container_Name": {
												"value": "@pipeline().globalParameters.Azure_Container_Name",
												"type": "Expression"
											}
										}
									},
									"path": {
										"value": "@concat(pipeline().globalParameters.Env,'/staging/Risk/Polybase_Auto')",
										"type": "Expression"
									},
									"enableCompression": false
								},
								"parallelCopies": 5
							},
							"inputs": [
								{
									"referenceName": "Eagle_Staging",
									"type": "DatasetReference",
									"parameters": {
										"Host_Name": {
											"value": "@first(split(activity('Get Eagle Connection').output.firstRow.SQL_Server_Name, '|'))",
											"type": "Expression"
										},
										"Port_Number": {
											"value": "@last(split(activity('Get Eagle Connection').output.firstRow.SQL_Server_Name, '|'))",
											"type": "Expression"
										},
										"Service_Name": {
											"value": "@activity('Get Eagle Connection').output.firstRow.SQL_Database_Name",
											"type": "Expression"
										},
										"User_Name": {
											"value": "@activity('Get Eagle Connection').output.firstRow.SQL_User_Name",
											"type": "Expression"
										},
										"User_Password_Secret": {
											"value": "@activity('Get Eagle Connection').output.firstRow.SQL_Password_Secret_Name",
											"type": "Expression"
										}
									}
								}
							],
							"outputs": [
								{
									"referenceName": "Azure_DW",
									"type": "DatasetReference",
									"parameters": {
										"schema": {
											"value": "@item().Target_Schema",
											"type": "Expression"
										},
										"table": {
											"value": "@item().Target_Table",
											"type": "Expression"
										}
									}
								}
							]
						},
						{
							"name": "EDW - Handle Error Non Partition",
							"type": "ExecutePipeline",
							"dependsOn": [
								{
									"activity": "Copy Staging_No_Partition",
									"dependencyConditions": [
										"Failed"
									]
								}
							],
							"userProperties": [],
							"typeProperties": {
								"pipeline": {
									"referenceName": "EDW - Handle Error",
									"type": "PipelineReference"
								},
								"waitOnCompletion": true,
								"parameters": {
									"ETL_LoadKey": {
										"value": "@pipeline().parameters.ETL_Load_Key",
										"type": "Expression"
									},
									"Failed_Activity_Name": {
										"value": "@concat('Copy Eagle source data (id: ',pipeline().parameters.ETL_Load_Key,') run for Eagle')",
										"type": "Expression"
									},
									"Failure_Message": {
										"value": "@activity('Copy Staging_No_Partition').Error.Message",
										"type": "Expression"
									},
									"Pipeline_Name": {
										"value": "@pipeline().Pipeline",
										"type": "Expression"
									},
									"Pipeline_Job_Run_Id": {
										"value": "@pipeline().parameters.Parent_Run_ID",
										"type": "Expression"
									},
									"Source_System": "PSA_Eagle"
								}
							}
						},
						{
							"name": "Set Dummy Non-partition",
							"type": "SetVariable",
							"dependsOn": [
								{
									"activity": "Copy Staging_No_Partition",
									"dependencyConditions": [
										"Succeeded"
									]
								}
							],
							"policy": {
								"secureOutput": false,
								"secureInput": false
							},
							"userProperties": [],
							"typeProperties": {
								"variableName": "Dummy",
								"value": "T"
							}
						},
						{
							"name": "If PK_Del_Query contains SQL",
							"type": "IfCondition",
							"dependsOn": [
								{
									"activity": "Set Dummy Non-partition",
									"dependencyConditions": [
										"Succeeded"
									]
								}
							],
							"userProperties": [],
							"typeProperties": {
								"expression": {
									"value": "@greater(length(item().PK_Del_Query),0)",
									"type": "Expression"
								},
								"ifTrueActivities": [
									{
										"name": "Insert Deleted ID Record into PSA Table",
										"type": "SqlServerStoredProcedure",
										"dependsOn": [],
										"policy": {
											"timeout": "0.12:00:00",
											"retry": 0,
											"retryIntervalInSeconds": 30,
											"secureOutput": false,
											"secureInput": false
										},
										"userProperties": [],
										"typeProperties": {
											"storedProcedureName": "EDW_ETL.ETL_Src_PSA_Table_Deleted_IDs",
											"storedProcedureParameters": {
												"PK_Del_Query": {
													"value": {
														"value": "@item().PK_Del_Query",
														"type": "Expression"
													},
													"type": "String"
												},
												"PK_Del_Target_Table_Name": {
													"value": {
														"value": "@item().PK_Del_Target_Table_Name",
														"type": "Expression"
													},
													"type": "String"
												},
												"InitialDay": {
													"value": {
														"value": "@item().Initial_Day",
														"type": "Expression"
													},
													"type": "Int16"
												},
												"ETL_Load_Key": {
													"value": {
														"value": "@pipeline().parameters.ETL_Load_Key",
														"type": "Expression"
													},
													"type": "Int32"
												}
											}
										},
										"linkedServiceName": {
											"referenceName": "AzureSynapseDW",
											"type": "LinkedServiceReference"
										}
									},
									{
										"name": "Set Dummy Del Table Load",
										"type": "SetVariable",
										"dependsOn": [
											{
												"activity": "Insert Deleted ID Record into PSA Table",
												"dependencyConditions": [
													"Succeeded"
												]
											}
										],
										"policy": {
											"secureOutput": false,
											"secureInput": false
										},
										"userProperties": [],
										"typeProperties": {
											"variableName": "Dummy",
											"value": "T"
										}
									},
									{
										"name": "EDW - Handle Error Non Partition_copy1",
										"type": "ExecutePipeline",
										"dependsOn": [
											{
												"activity": "Insert Deleted ID Record into PSA Table",
												"dependencyConditions": [
													"Failed"
												]
											}
										],
										"userProperties": [],
										"typeProperties": {
											"pipeline": {
												"referenceName": "EDW - Handle Error",
												"type": "PipelineReference"
											},
											"waitOnCompletion": true,
											"parameters": {
												"ETL_LoadKey": {
													"value": "@pipeline().parameters.ETL_Load_Key",
													"type": "Expression"
												},
												"Failed_Activity_Name": {
													"value": "@concat('Load Deleted ID table data (id: ',pipeline().parameters.ETL_Load_Key,') run for Eagle')",
													"type": "Expression"
												},
												"Failure_Message": {
													"value": "@activity('Insert Deleted ID Record into PSA Table').output.output.Error.Message",
													"type": "Expression"
												},
												"Pipeline_Name": {
													"value": "@pipeline().Pipeline",
													"type": "Expression"
												},
												"Pipeline_Job_Run_Id": {
													"value": "@pipeline().parameters.Parent_Run_ID",
													"type": "Expression"
												},
												"Source_System": "PSA_Eagle"
											}
										}
									},
									{
										"name": "Get record count Full",
										"type": "Lookup",
										"dependsOn": [
											{
												"activity": "Set Dummy Del Table Load",
												"dependencyConditions": [
													"Succeeded"
												]
											}
										],
										"policy": {
											"timeout": "7.00:00:00",
											"retry": 0,
											"retryIntervalInSeconds": 30,
											"secureOutput": false,
											"secureInput": false
										},
										"userProperties": [],
										"typeProperties": {
											"source": {
												"type": "SqlDWSource",
												"sqlReaderQuery": {
													"value": "@concat('select count(*) Num_Of_Rec\nfrom ',item().PK_Del_Target_Table_Name, ' where ETL_Load_Key = ', pipeline().parameters.ETL_Load_Key)",
													"type": "Expression"
												},
												"queryTimeout": "02:00:00",
												"partitionOption": "None"
											},
											"dataset": {
												"referenceName": "Azure_DW",
												"type": "DatasetReference",
												"parameters": {
													"schema": "PSA",
													"table": {
														"value": "@item().Target_Table",
														"type": "Expression"
													}
												}
											}
										}
									},
									{
										"name": "Update ETL Load Control Deletion Full",
										"type": "SqlServerStoredProcedure",
										"dependsOn": [
											{
												"activity": "Get record count Full",
												"dependencyConditions": [
													"Succeeded"
												]
											}
										],
										"policy": {
											"timeout": "7.00:00:00",
											"retry": 0,
											"retryIntervalInSeconds": 30,
											"secureOutput": false,
											"secureInput": false
										},
										"userProperties": [],
										"typeProperties": {
											"storedProcedureName": "[EDW_ETL].[Update_ETL_Load_Control]",
											"storedProcedureParameters": {
												"Error_Massage": {
													"value": "",
													"type": "String"
												},
												"ETL_Load_Key": {
													"value": {
														"value": "@pipeline().parameters.ETL_Load_Key",
														"type": "Expression"
													},
													"type": "Int64"
												},
												"Load_Status": {
													"value": "Completed",
													"type": "String"
												},
												"Load_Table": {
													"value": {
														"value": "@item().PK_Del_Target_Table_Name",
														"type": "Expression"
													},
													"type": "String"
												},
												"Rows_Expired": {
													"value": "0",
													"type": "Int32"
												},
												"Rows_Inserted": {
													"value": {
														"value": "@activity('Get record count Full').output.firstRow.Num_Of_Rec",
														"type": "Expression"
													},
													"type": "Int32"
												},
												"Rows_Updated": {
													"value": "0",
													"type": "Int32"
												}
											}
										},
										"linkedServiceName": {
											"referenceName": "AzureSynapseDW",
											"type": "LinkedServiceReference"
										}
									}
								]
							}
						}
					]
				}
			},
			{
				"name": "Set job start",
				"type": "SetVariable",
				"dependsOn": [
					{
						"activity": "Get Eagle Connection",
						"dependencyConditions": [
							"Succeeded"
						]
					}
				],
				"policy": {
					"secureOutput": false,
					"secureInput": false
				},
				"userProperties": [],
				"typeProperties": {
					"variableName": "start_time",
					"value": {
						"value": "@utcnow()",
						"type": "Expression"
					}
				}
			},
			{
				"name": "Get Eagle Connection",
				"type": "Lookup",
				"dependsOn": [],
				"policy": {
					"timeout": "7.00:00:00",
					"retry": 0,
					"retryIntervalInSeconds": 30,
					"secureOutput": false,
					"secureInput": false
				},
				"userProperties": [],
				"typeProperties": {
					"source": {
						"type": "SqlDWSource",
						"sqlReaderQuery": {
							"value": "@concat('SELECT [Server_Name] SQL_Server_Name\n      ,[Database_Name] SQL_Database_Name\n      ,[User_Name] SQL_User_Name\n      ,[Password_Secret_Name] SQL_Password_Secret_Name\n  FROM [EDW_Config].[Ref_System_Process_Pipeline] sp\t\n  LEFT JOIN [EDW_Config].[Ref_External_Source] es on sp.[External_Source]=es.[External_Source] \n  WHERE Source_System= ''PSA_Eagle'' AND Enabled=1 \n')",
							"type": "Expression"
						},
						"queryTimeout": "02:00:00",
						"partitionOption": "None"
					},
					"dataset": {
						"referenceName": "Azure_ConfigDB",
						"type": "DatasetReference",
						"parameters": {
							"schema": "EDW_Config",
							"table": "Ref_Source_process_name"
						}
					}
				}
			}
		],
		"parameters": {
			"Batch_Date": {
				"type": "string"
			},
			"Parent_Run_ID": {
				"type": "string"
			},
			"ETL_Load_Key": {
				"type": "string"
			},
			"Source_System": {
				"type": "string"
			},
			"Load_Param": {
				"type": "string"
			},
			"Load_Type": {
				"type": "string",
				"defaultValue": "DELTA"
			}
		},
		"variables": {
			"Dummy": {
				"type": "String"
			},
			"start_time": {
				"type": "String"
			}
		},
		"folder": {
			"name": "Datawarehouse/CDC Deletion Process"
		},
		"annotations": [],
		"lastPublishTime": "2022-03-07T21:13:12Z"
	},
	"type": "Microsoft.DataFactory/factories/pipelines"
}