{
	"name": "EDW Extract - Get AAD members by group",
	"properties": {
		"activities": [
			{
				"name": "Set Dummy Variable CSV Extract",
				"type": "SetVariable",
				"dependsOn": [
					{
						"activity": "Write to file",
						"dependencyConditions": [
							"Succeeded"
						]
					}
				],
				"policy": {
					"secureOutput": false,
					"secureInput": false
				},
				"userProperties": [],
				"typeProperties": {
					"variableName": "Dummy_Var",
					"value": "T"
				}
			},
			{
				"name": "Get AD Members",
				"type": "WebActivity",
				"dependsOn": [],
				"policy": {
					"timeout": "7.00:00:00",
					"retry": 0,
					"retryIntervalInSeconds": 30,
					"secureOutput": false,
					"secureInput": false
				},
				"userProperties": [],
				"typeProperties": {
					"method": "GET",
					"headers": {
						"Authorization": {
							"value": "@pipeline().parameters.Token",
							"type": "Expression"
						}
					},
					"url": {
						"value": "@concat('https://graph.windows.net/',pipeline().parameters.TenantId,'/groups/',pipeline().parameters.GroupId, '/members?api-version=1.6')",
						"type": "Expression"
					},
					"body": ""
				}
			},
			{
				"name": "ForEach members",
				"type": "ForEach",
				"dependsOn": [
					{
						"activity": "Get AD Members",
						"dependencyConditions": [
							"Succeeded"
						]
					}
				],
				"userProperties": [],
				"typeProperties": {
					"items": {
						"value": "@activity('Get AD Members').output.value",
						"type": "Expression"
					},
					"isSequential": false,
					"activities": [
						{
							"name": "Append Member",
							"type": "AppendVariable",
							"dependsOn": [],
							"userProperties": [],
							"typeProperties": {
								"variableName": "Member_Array",
								"value": {
									"value": "@concat(item().DisplayName, '|', pipeline().parameters.GroupName)",
									"type": "Expression"
								}
							}
						}
					]
				}
			},
			{
				"name": "Write to file",
				"type": "Copy",
				"dependsOn": [
					{
						"activity": "ForEach members",
						"dependencyConditions": [
							"Succeeded"
						]
					}
				],
				"policy": {
					"timeout": "0.12:00:00",
					"retry": 0,
					"retryIntervalInSeconds": 30,
					"secureOutput": false,
					"secureInput": false
				},
				"userProperties": [],
				"typeProperties": {
					"source": {
						"type": "DelimitedTextSource",
						"additionalColumns": [
							{
								"name": "UserGroup",
								"value": {
									"value": "@join(variables('Member_Array'),decodeUriComponent('%0A'))",
									"type": "Expression"
								}
							}
						],
						"storeSettings": {
							"type": "AzureBlobFSReadSettings",
							"recursive": true,
							"enablePartitionDiscovery": false
						},
						"formatSettings": {
							"type": "DelimitedTextReadSettings"
						}
					},
					"sink": {
						"type": "DelimitedTextSink",
						"storeSettings": {
							"type": "AzureBlobFSWriteSettings",
							"copyBehavior": "PreserveHierarchy"
						},
						"formatSettings": {
							"type": "DelimitedTextWriteSettings",
							"quoteAllText": true,
							"fileExtension": ".txt"
						}
					},
					"enableStaging": false,
					"translator": {
						"type": "TabularTranslator",
						"typeConversion": true,
						"typeConversionSettings": {
							"allowDataTruncation": true,
							"treatBooleanAsNumber": false
						}
					}
				},
				"inputs": [
					{
						"referenceName": "ds_ADLS_Business_File_CSV_NoDelimiter",
						"type": "DatasetReference",
						"parameters": {
							"Folder_Path": "ad-users/dummy",
							"env": "ad-user-permissions",
							"File_Name": "UsersAndGroupsHeader.txt",
							"Container_Name": {
								"value": "@pipeline().globalParameters.Azure_Container_Name",
								"type": "Expression"
							}
						}
					}
				],
				"outputs": [
					{
						"referenceName": "ds_ADLS_Business_File_Text_Only",
						"type": "DatasetReference",
						"parameters": {
							"Folder_Path": "ad-users/groups",
							"env": "ad-user-permissions",
							"File_Name": {
								"value": "@concat(pipeline().parameters.GroupName, '.txt')",
								"type": "Expression"
							},
							"Row_Delimiter": {
								"value": "@coalesce(null)",
								"type": "Expression"
							},
							"Column_Delimiter": " ",
							"Container_Name": {
								"value": "@pipeline().globalParameters.Azure_Container_Name",
								"type": "Expression"
							}
						}
					}
				]
			}
		],
		"parameters": {
			"Token": {
				"type": "string"
			},
			"TenantId": {
				"type": "string",
				"defaultValue": "d0c1eb70-2256-4af0-b085-07045adfe337"
			},
			"GroupId": {
				"type": "string",
				"defaultValue": "16f1d9b4-4be4-437a-8edb-7cfe7f1aee35"
			},
			"GroupName": {
				"type": "string",
				"defaultValue": "IMCO_TPM_RiskDB_Reader_Grp"
			}
		},
		"variables": {
			"Dummy_Var": {
				"type": "String"
			},
			"Error_Message": {
				"type": "String"
			},
			"Member_Array": {
				"type": "Array"
			}
		},
		"folder": {
			"name": "Datawarehouse/Utilities/Azure AD"
		},
		"annotations": [],
		"lastPublishTime": "2023-08-12T03:30:46Z"
	},
	"type": "Microsoft.DataFactory/factories/pipelines"
}