{
	"name": "EDW - Handle Error",
	"properties": {
		"activities": [
			{
				"name": "Get Current Job Status",
				"type": "Lookup",
				"dependsOn": [
					{
						"activity": "Set Load Type",
						"dependencyConditions": [
							"Succeeded"
						]
					}
				],
				"policy": {
					"timeout": "7.00:00:00",
					"retry": 0,
					"retryIntervalInSeconds": 30,
					"secureOutput": false,
					"secureInput": false
				},
				"userProperties": [],
				"typeProperties": {
					"source": {
						"type": "SqlDWSource",
						"sqlReaderQuery": {
							"value": "@concat('Select Load_Status as Job_Status \nfrom (\n\tSelect ETL_Load_Key, Load_Status \n\tFrom [EDW_ETL].[ETL_Load]\n\tunion\n\tSelect -1 ETL_Load_Key, ''Unknown'' Load_Status\n) a\nWhere ETL_Load_Key = ',pipeline().parameters.ETL_LoadKey)",
							"type": "Expression"
						},
						"queryTimeout": "02:00:00",
						"partitionOption": "None"
					},
					"dataset": {
						"referenceName": "Azure_ConfigDB",
						"type": "DatasetReference",
						"parameters": {
							"schema": "DataWarehouse_Staging",
							"table": "Job_Run"
						}
					}
				}
			},
			{
				"name": "Job not set to failed or completed run stop job",
				"type": "IfCondition",
				"dependsOn": [
					{
						"activity": "Get Current Job Status",
						"dependencyConditions": [
							"Succeeded"
						]
					}
				],
				"userProperties": [],
				"typeProperties": {
					"expression": {
						"value": "@not(or(equals(activity('Get Current Job Status').output.firstRow.Job_Status, 'Completed'), equals(activity('Get Current Job Status').output.firstRow.Job_Status, 'Failed')))",
						"type": "Expression"
					},
					"ifTrueActivities": [
						{
							"name": "Update Job Status Failed",
							"type": "SqlServerStoredProcedure",
							"dependsOn": [
								{
									"activity": "Set load dts",
									"dependencyConditions": [
										"Succeeded"
									]
								}
							],
							"policy": {
								"timeout": "7.00:00:00",
								"retry": 0,
								"retryIntervalInSeconds": 30,
								"secureOutput": false,
								"secureInput": false
							},
							"userProperties": [],
							"typeProperties": {
								"storedProcedureName": "[EDW_ETL].[Update_ETL_Load_Status]",
								"storedProcedureParameters": {
									"ETL_Load_Key": {
										"value": {
											"value": "@pipeline().parameters.ETL_LoadKey",
											"type": "Expression"
										},
										"type": "Int32"
									},
									"Status": {
										"value": "Failed",
										"type": "String"
									}
								}
							},
							"linkedServiceName": {
								"referenceName": "AzureConfigDB",
								"type": "LinkedServiceReference"
							}
						},
						{
							"name": "ADF - Stop Current Job",
							"type": "ExecutePipeline",
							"dependsOn": [
								{
									"activity": "Send Fail Email",
									"dependencyConditions": [
										"Succeeded"
									]
								}
							],
							"userProperties": [],
							"typeProperties": {
								"pipeline": {
									"referenceName": "Stop Current Job",
									"type": "PipelineReference"
								},
								"waitOnCompletion": true,
								"parameters": {
									"Pipeline_Job_Run_Id": {
										"value": "@pipeline().parameters.Pipeline_Job_Run_Id",
										"type": "Expression"
									}
								}
							}
						},
						{
							"name": "Send Fail Email",
							"type": "ExecutePipeline",
							"dependsOn": [
								{
									"activity": "Log Error",
									"dependencyConditions": [
										"Succeeded"
									]
								}
							],
							"userProperties": [],
							"typeProperties": {
								"pipeline": {
									"referenceName": "Send Fail Email",
									"type": "PipelineReference"
								},
								"waitOnCompletion": true,
								"parameters": {
									"Failed_Activity_Name": {
										"value": "@pipeline().parameters.Failed_Activity_Name",
										"type": "Expression"
									},
									"Failure_Message": {
										"value": "@pipeline().parameters.Failure_Message",
										"type": "Expression"
									},
									"Pipeline_Name": {
										"value": "@pipeline().parameters.Pipeline_Name",
										"type": "Expression"
									},
									"Source_System": {
										"value": "@variables('Source_System')",
										"type": "Expression"
									},
									"Load_Type": {
										"value": "@variables('Load_Type')",
										"type": "Expression"
									},
									"Load_Param": {
										"value": "@{pipeline().parameters.Load_Param}",
										"type": "Expression"
									}
								}
							}
						},
						{
							"name": "Log Error",
							"type": "SqlServerStoredProcedure",
							"dependsOn": [
								{
									"activity": "Update Job Status Failed",
									"dependencyConditions": [
										"Succeeded"
									]
								}
							],
							"policy": {
								"timeout": "7.00:00:00",
								"retry": 0,
								"retryIntervalInSeconds": 30,
								"secureOutput": false,
								"secureInput": false
							},
							"userProperties": [],
							"typeProperties": {
								"storedProcedureName": "[EDW_ETL].[Update_ETL_Load_Error]",
								"storedProcedureParameters": {
									"Activity_Name": {
										"value": {
											"value": "@pipeline().parameters.Failed_Activity_Name",
											"type": "Expression"
										},
										"type": "String"
									},
									"Batch_Date": {
										"value": {
											"value": "@variables('Batch_DTS')",
											"type": "Expression"
										},
										"type": "DateTime"
									},
									"Error_Message": {
										"value": {
											"value": "@pipeline().parameters.Failure_Message",
											"type": "Expression"
										},
										"type": "String"
									},
									"ETL_Load_Key": {
										"value": {
											"value": "@pipeline().parameters.ETL_LoadKey",
											"type": "Expression"
										},
										"type": "Int64"
									},
									"Pipeline_Name": {
										"value": {
											"value": "@pipeline().parameters.Pipeline_Name",
											"type": "Expression"
										},
										"type": "String"
									},
									"Source_System": {
										"value": {
											"value": "@variables('Source_System')",
											"type": "Expression"
										},
										"type": "String"
									}
								}
							},
							"linkedServiceName": {
								"referenceName": "AzureConfigDB",
								"type": "LinkedServiceReference"
							}
						},
						{
							"name": "Set load dts",
							"type": "SetVariable",
							"dependsOn": [],
							"policy": {
								"secureOutput": false,
								"secureInput": false
							},
							"userProperties": [],
							"typeProperties": {
								"variableName": "Batch_DTS",
								"value": {
									"value": "@formatDateTime(convertTimeZone(utcnow(),'UTC','Eastern Standard Time'),'yyyy-MM-dd HH:mm:ss.fffffff')",
									"type": "Expression"
								}
							}
						},
						{
							"name": "Set DW ETL load Failed information",
							"type": "Script",
							"dependsOn": [
								{
									"activity": "Set load dts",
									"dependencyConditions": [
										"Succeeded"
									]
								}
							],
							"policy": {
								"timeout": "0.12:00:00",
								"retry": 0,
								"retryIntervalInSeconds": 30,
								"secureOutput": false,
								"secureInput": false
							},
							"userProperties": [],
							"linkedServiceName": {
								"referenceName": "AzureSynapseDW",
								"type": "LinkedServiceReference"
							},
							"typeProperties": {
								"scripts": [
									{
										"parameters": [
											{
												"name": "p_ETL_Load_Key",
												"type": "Int32",
												"value": {
													"value": "@pipeline().parameters.ETL_LoadKey",
													"type": "Expression"
												},
												"direction": "Input"
											}
										],
										"type": "NonQuery",
										"text": "Begin\r\n\r\n  Declare @ETL_Load_Key BigInt = @p_ETL_Load_Key\r\n\r\n  Update EDW_ETL.ETL_Load_Read_Only \r\n  Set Load_Status='Failed', Load_End_DT = Getdate()\r\n  Where ETL_Load_Key = @ETL_Load_Key\r\n\r\nEnd\r\n"
									}
								],
								"scriptBlockExecutionTimeout": "02:00:00"
							}
						}
					]
				}
			},
			{
				"name": "Set Source System",
				"type": "SetVariable",
				"dependsOn": [],
				"policy": {
					"secureOutput": false,
					"secureInput": false
				},
				"userProperties": [],
				"typeProperties": {
					"variableName": "Source_System",
					"value": {
						"value": "@split(pipeline().parameters.Source_System, '|')[0]",
						"type": "Expression"
					}
				}
			},
			{
				"name": "Set Load Type",
				"type": "SetVariable",
				"dependsOn": [
					{
						"activity": "Set Source System",
						"dependencyConditions": [
							"Succeeded"
						]
					}
				],
				"policy": {
					"secureOutput": false,
					"secureInput": false
				},
				"userProperties": [],
				"typeProperties": {
					"variableName": "Load_Type",
					"value": {
						"value": "@if(contains(pipeline().parameters.Source_System, '|'), split(pipeline().parameters.Source_System, '|')[1], 'ALL')",
						"type": "Expression"
					}
				}
			}
		],
		"parameters": {
			"ETL_LoadKey": {
				"type": "string"
			},
			"Failed_Activity_Name": {
				"type": "string"
			},
			"Failure_Message": {
				"type": "string"
			},
			"Pipeline_Name": {
				"type": "string"
			},
			"Pipeline_Job_Run_Id": {
				"type": "string"
			},
			"Source_System": {
				"type": "string"
			},
			"Load_Param": {
				"type": "string"
			}
		},
		"variables": {
			"Batch_DTS": {
				"type": "String"
			},
			"Source_System": {
				"type": "String"
			},
			"Load_Type": {
				"type": "String"
			}
		},
		"folder": {
			"name": "Datawarehouse/ErrorHandling"
		},
		"annotations": [],
		"lastPublishTime": "2022-02-23T19:49:48Z"
	},
	"type": "Microsoft.DataFactory/factories/pipelines"
}