{
	"name": "EDW Load - Check Delta Data Deletion",
	"properties": {
		"activities": [
			{
				"name": "Get Current Load Dates",
				"type": "Lookup",
				"dependsOn": [
					{
						"activity": "No running job - start new load",
						"dependencyConditions": [
							"Succeeded"
						]
					}
				],
				"policy": {
					"timeout": "7.00:00:00",
					"retry": 0,
					"retryIntervalInSeconds": 30,
					"secureOutput": false,
					"secureInput": false
				},
				"userProperties": [],
				"typeProperties": {
					"source": {
						"type": "SqlDWSource",
						"sqlReaderQuery": {
							"value": "@concat('SELECT ETL_Load_Key,\n      replace(convert(varchar, [Batch_Date],102),''.'',''-'') as [Batch_Date]\n  FROM [EDW_ETL].ETL_Load\n  where [Load_Status] = ''Started''\n  and [Source_System] = ''', pipeline().parameters.Source_System, ''' \n  and ETL_Load_Key <> ',string(activity('Get Current In Progess job').output.firstRow.ETL_Load_Key),' Order by Batch_Date asc')",
							"type": "Expression"
						},
						"queryTimeout": "02:00:00",
						"partitionOption": "None"
					},
					"dataset": {
						"referenceName": "Azure_ConfigDB",
						"type": "DatasetReference",
						"parameters": {
							"schema": "EDW_ETL",
							"table": "ETL_Load"
						}
					},
					"firstRowOnly": false
				}
			},
			{
				"name": "For Each Load",
				"type": "ForEach",
				"dependsOn": [
					{
						"activity": "Get Current Load Dates",
						"dependencyConditions": [
							"Succeeded"
						]
					}
				],
				"userProperties": [],
				"typeProperties": {
					"items": {
						"value": "@activity('Get Current Load Dates').output.value",
						"type": "Expression"
					},
					"isSequential": true,
					"activities": [
						{
							"name": "Set Load Success",
							"type": "SqlServerStoredProcedure",
							"dependsOn": [
								{
									"activity": "Load Dimension Fact tables",
									"dependencyConditions": [
										"Succeeded"
									]
								}
							],
							"policy": {
								"timeout": "7.00:00:00",
								"retry": 0,
								"retryIntervalInSeconds": 30,
								"secureOutput": false,
								"secureInput": false
							},
							"userProperties": [],
							"typeProperties": {
								"storedProcedureName": "[EDW_ETL].[Update_ETL_Load_Status]",
								"storedProcedureParameters": {
									"ETL_Load_Key": {
										"value": {
											"value": "@item().ETL_Load_Key",
											"type": "Expression"
										},
										"type": "Int32"
									},
									"Status": {
										"value": {
											"value": "Completed",
											"type": "Expression"
										},
										"type": "String"
									}
								}
							},
							"linkedServiceName": {
								"referenceName": "AzureConfigDB",
								"type": "LinkedServiceReference"
							}
						},
						{
							"name": "Check if SSAS refresh to run",
							"type": "IfCondition",
							"dependsOn": [
								{
									"activity": "Get SSAS refresh source system list",
									"dependencyConditions": [
										"Succeeded"
									]
								}
							],
							"userProperties": [],
							"typeProperties": {
								"expression": {
									"value": "@contains(toUpper(activity('Get SSAS refresh source system list').output.firstRow.Source_System_List), concat(',',toUpper(pipeline().parameters.Source_System),','))",
									"type": "Expression"
								},
								"ifTrueActivities": [
									{
										"name": "Risk - DW_Refresh_SSAS",
										"type": "ExecutePipeline",
										"dependsOn": [],
										"userProperties": [],
										"typeProperties": {
											"pipeline": {
												"referenceName": "EDW - DW_Refresh_SSAS",
												"type": "PipelineReference"
											},
											"waitOnCompletion": true,
											"parameters": {
												"Parent_Run_ID": {
													"value": "@pipeline().RunId",
													"type": "Expression"
												},
												"Source_System": {
													"value": "@pipeline().parameters.Source_System",
													"type": "Expression"
												}
											}
										}
									}
								]
							}
						},
						{
							"name": "Get SSAS refresh source system list",
							"type": "Lookup",
							"dependsOn": [
								{
									"activity": "Set Load Success",
									"dependencyConditions": [
										"Succeeded"
									]
								}
							],
							"policy": {
								"timeout": "7.00:00:00",
								"retry": 0,
								"retryIntervalInSeconds": 30,
								"secureOutput": false,
								"secureInput": false
							},
							"userProperties": [],
							"typeProperties": {
								"source": {
									"type": "SqlDWSource",
									"sqlReaderQuery": "    Select ',' + String_Agg(Source_System, ',') + ','  Source_System_List\n  From ( Select Distinct Source_System From EDW_ETL.Ref_SSAS_Table_Refresh ) a",
									"queryTimeout": "02:00:00",
									"partitionOption": "None"
								},
								"dataset": {
									"referenceName": "Azure_ConfigDB",
									"type": "DatasetReference",
									"parameters": {
										"schema": "DataWarehouse_DVMART",
										"table": "Ref_SSAS_Table_Refresh"
									}
								}
							}
						},
						{
							"name": "Load Dimension Fact tables",
							"type": "ExecutePipeline",
							"dependsOn": [
								{
									"activity": "EDW - PSA Check Source Deletion",
									"dependencyConditions": [
										"Succeeded"
									]
								}
							],
							"userProperties": [],
							"typeProperties": {
								"pipeline": {
									"referenceName": "EDW Load - Load DM",
									"type": "PipelineReference"
								},
								"waitOnCompletion": true,
								"parameters": {
									"Source_System": {
										"value": "@pipeline().parameters.Source_System",
										"type": "Expression"
									},
									"ETL_Load_Key": {
										"value": "@item().ETL_Load_Key",
										"type": "Expression"
									},
									"Parent_Run_ID": {
										"value": "@pipeline().RunId",
										"type": "Expression"
									},
									"Load_Type": {
										"value": "@pipeline().parameters.Load_Type",
										"type": "Expression"
									},
									"Batch_DTS": {
										"value": "@item().Batch_Date",
										"type": "Expression"
									}
								}
							}
						},
						{
							"name": "Set Current ETL_Load_Key",
							"type": "SetVariable",
							"dependsOn": [],
							"policy": {
								"secureOutput": false,
								"secureInput": false
							},
							"userProperties": [],
							"typeProperties": {
								"variableName": "DM_Source_System",
								"value": {
									"value": "@if(equals(pipeline().parameters.Source_System, 'PSA_Eagle_Deletion_Check'), 'PSA_Eagle', if(equals(pipeline().parameters.Source_System,'PSA_EDP_Eagle_Deletion_Check'), 'PSA_EDP_Eagle',''))",
									"type": "Expression"
								}
							}
						},
						{
							"name": "Set Load In Progress",
							"type": "SqlServerStoredProcedure",
							"dependsOn": [
								{
									"activity": "Set Current ETL_Load_Key",
									"dependencyConditions": [
										"Succeeded"
									]
								}
							],
							"policy": {
								"timeout": "7.00:00:00",
								"retry": 0,
								"retryIntervalInSeconds": 30,
								"secureOutput": false,
								"secureInput": false
							},
							"userProperties": [],
							"typeProperties": {
								"storedProcedureName": "[EDW_ETL].[Update_ETL_Load_Status]",
								"storedProcedureParameters": {
									"ETL_Load_Key": {
										"value": {
											"value": "@item().ETL_Load_Key",
											"type": "Expression"
										},
										"type": "Int32"
									},
									"Status": {
										"value": {
											"value": "In_Progress",
											"type": "Expression"
										},
										"type": "String"
									}
								}
							},
							"linkedServiceName": {
								"referenceName": "AzureConfigDB",
								"type": "LinkedServiceReference"
							}
						},
						{
							"name": "EDW - PSA Check Source Deletion",
							"type": "ExecutePipeline",
							"dependsOn": [
								{
									"activity": "Set Load In Progress",
									"dependencyConditions": [
										"Succeeded"
									]
								}
							],
							"userProperties": [],
							"typeProperties": {
								"pipeline": {
									"referenceName": "EDW - Deletion IDs Detection - Eagle",
									"type": "PipelineReference"
								},
								"waitOnCompletion": true,
								"parameters": {
									"Batch_Date": {
										"value": "@item().Batch_Date",
										"type": "Expression"
									},
									"Parent_Run_ID": {
										"value": "@pipeline().RunId",
										"type": "Expression"
									},
									"ETL_Load_Key": {
										"value": "@item().ETL_Load_Key",
										"type": "Expression"
									},
									"Source_System": {
										"value": "@pipeline().parameters.Source_System",
										"type": "Expression"
									},
									"Load_Param": {
										"value": "@pipeline().parameters.Load_Param",
										"type": "Expression"
									}
								}
							}
						}
					]
				}
			},
			{
				"name": "Get Email Process for current source system",
				"type": "Lookup",
				"dependsOn": [
					{
						"activity": "For Each Load",
						"dependencyConditions": [
							"Succeeded"
						]
					}
				],
				"policy": {
					"timeout": "7.00:00:00",
					"retry": 0,
					"retryIntervalInSeconds": 30,
					"secureOutput": false,
					"secureInput": false
				},
				"userProperties": [],
				"typeProperties": {
					"source": {
						"type": "SqlDWSource",
						"sqlReaderQuery": {
							"value": "@concat('SELECT [Process_Name]\n      ,[Email_Subject_Addition]\n      ,[Email_Body_Addition]\n  FROM [EDW_Config].[Email_Custom_Message]\n  where Source_System = ''', pipeline().parameters.Source_System, ''' and (Load_Type = ''ALL'' or Load_Type = ''', pipeline().parameters.Load_Type, ''' ) ')",
							"type": "Expression"
						},
						"queryTimeout": "02:00:00",
						"partitionOption": "None"
					},
					"dataset": {
						"referenceName": "Azure_ConfigDB",
						"type": "DatasetReference",
						"parameters": {
							"schema": "DataWarehouse_Staging",
							"table": "Ref_Email_Notification"
						}
					},
					"firstRowOnly": false
				}
			},
			{
				"name": "For each process name",
				"type": "ForEach",
				"dependsOn": [
					{
						"activity": "Get Email Process for current source system",
						"dependencyConditions": [
							"Succeeded"
						]
					}
				],
				"userProperties": [],
				"typeProperties": {
					"items": {
						"value": "@activity('Get Email Process for current source system').output.value",
						"type": "Expression"
					},
					"isSequential": false,
					"activities": [
						{
							"name": "Send Sucess Email Notification",
							"type": "ExecutePipeline",
							"dependsOn": [],
							"userProperties": [],
							"typeProperties": {
								"pipeline": {
									"referenceName": "Risk - Send Email Notification",
									"type": "PipelineReference"
								},
								"waitOnCompletion": true,
								"parameters": {
									"Email_Subject_Addition": {
										"value": "@item().Email_Subject_Addition",
										"type": "Expression"
									},
									"Process_Name": {
										"value": "@item().Process_Name",
										"type": "Expression"
									},
									"Email_Body_Addition": {
										"value": "@replace(item().Email_Body_Addition, '<<Batch_Date>>', if(equals(coalesce(pipeline().parameters.Batch_Date,'1900-01-01'),'1900-01-01'),formatDateTime(utcnow(), 'yyyy-MM-dd'),coalesce(pipeline().parameters.Batch_Date,'')))",
										"type": "Expression"
									},
									"Success_Failure_Flag": "S"
								}
							}
						}
					]
				}
			},
			{
				"name": "Check current load error log",
				"type": "Lookup",
				"dependsOn": [
					{
						"activity": "For Each Load",
						"dependencyConditions": [
							"Failed"
						]
					}
				],
				"policy": {
					"timeout": "7.00:00:00",
					"retry": 0,
					"retryIntervalInSeconds": 30,
					"secureOutput": false,
					"secureInput": false
				},
				"userProperties": [],
				"typeProperties": {
					"source": {
						"type": "SqlDWSource",
						"sqlReaderQuery": {
							"value": "@concat('SELECT count(*) Num_Of_Rows\nFROM [EDW_ETL].[ETL_Load_Errors]\nWhere ETL_Load_Key = ',variables('ETL_Load_Key'))",
							"type": "Expression"
						},
						"queryTimeout": "02:00:00",
						"partitionOption": "None"
					},
					"dataset": {
						"referenceName": "Azure_ConfigDB",
						"type": "DatasetReference",
						"parameters": {
							"schema": "EDW_ETL",
							"table": "ETL_Load_Errors"
						}
					},
					"firstRowOnly": true
				}
			},
			{
				"name": "If no error handled set load fail and send email",
				"type": "IfCondition",
				"dependsOn": [
					{
						"activity": "Check current load error log",
						"dependencyConditions": [
							"Succeeded"
						]
					}
				],
				"userProperties": [],
				"typeProperties": {
					"expression": {
						"value": "@equals(activity('Check current load error log').output.firstRow.Num_Of_Rows,0)",
						"type": "Expression"
					},
					"ifTrueActivities": [
						{
							"name": "EDW - Handle Error",
							"type": "ExecutePipeline",
							"dependsOn": [],
							"userProperties": [],
							"typeProperties": {
								"pipeline": {
									"referenceName": "EDW - Handle Error",
									"type": "PipelineReference"
								},
								"waitOnCompletion": true,
								"parameters": {
									"ETL_LoadKey": {
										"value": "@variables('ETL_Load_Key')",
										"type": "Expression"
									},
									"Failed_Activity_Name": "ETL Load Main",
									"Failure_Message": "Un-handled pipeline error",
									"Pipeline_Name": "EDW Load - Main",
									"Pipeline_Job_Run_Id": {
										"value": "@pipeline().RunId",
										"type": "Expression"
									},
									"Source_System": {
										"value": "@pipeline().parameters.Source_System",
										"type": "Expression"
									}
								}
							}
						}
					]
				}
			},
			{
				"name": "Get Current In Progess job",
				"type": "Lookup",
				"dependsOn": [],
				"policy": {
					"timeout": "7.00:00:00",
					"retry": 0,
					"retryIntervalInSeconds": 30,
					"secureOutput": false,
					"secureInput": false
				},
				"userProperties": [],
				"typeProperties": {
					"source": {
						"type": "SqlDWSource",
						"sqlReaderQuery": {
							"value": "@concat('Select coalesce(l.ETL_Load_Key, d.ETL_Load_Key) ETL_Load_Key \nFrom (\n\t\tSelect 1 dummy, -1 ETL_Load_Key\n\t) d\n\tLeft Join \n\t(\n\t  SELECT 1 dummy, ETL_Load_Key\n\t  FROM [EDW_ETL].ETL_Load\n  where [Load_Status] in (''In_Progress'', ''Started'')\n  and [Source_System] = ''', pipeline().parameters.Source_System, ''' \n  and Load_Type = ''',pipeline().parameters.Load_Type,''' \n\t) l on d.dummy = l.dummy ')",
							"type": "Expression"
						},
						"queryTimeout": "02:00:00",
						"partitionOption": "None"
					},
					"dataset": {
						"referenceName": "Azure_ConfigDB",
						"type": "DatasetReference",
						"parameters": {
							"schema": "EDW_ETL",
							"table": "ETL_Load"
						}
					},
					"firstRowOnly": true
				}
			},
			{
				"name": "No running job - start new load",
				"type": "IfCondition",
				"dependsOn": [
					{
						"activity": "Get Current In Progess job",
						"dependencyConditions": [
							"Succeeded"
						]
					}
				],
				"userProperties": [],
				"typeProperties": {
					"expression": {
						"value": "@equals(activity('Get Current In Progess job').output.firstRow.ETL_Load_Key, -1)",
						"type": "Expression"
					},
					"ifFalseActivities": [
						{
							"name": "EDW - Handle Error for new load",
							"type": "ExecutePipeline",
							"dependsOn": [],
							"userProperties": [],
							"typeProperties": {
								"pipeline": {
									"referenceName": "EDW - Handle Error",
									"type": "PipelineReference"
								},
								"waitOnCompletion": true,
								"parameters": {
									"ETL_LoadKey": "-1",
									"Failed_Activity_Name": "Start new load",
									"Failure_Message": "There is a same load job running, skip this load",
									"Pipeline_Name": "EDW Load - Main",
									"Pipeline_Job_Run_Id": {
										"value": "@pipeline().RunId",
										"type": "Expression"
									},
									"Source_System": {
										"value": "@pipeline().parameters.Source_System",
										"type": "Expression"
									}
								}
							}
						},
						{
							"name": "Throw Error again for ADF to catch",
							"type": "SqlServerStoredProcedure",
							"dependsOn": [
								{
									"activity": "EDW - Handle Error for new load",
									"dependencyConditions": [
										"Succeeded"
									]
								}
							],
							"policy": {
								"timeout": "7.00:00:00",
								"retry": 0,
								"retryIntervalInSeconds": 30,
								"secureOutput": false,
								"secureInput": false
							},
							"userProperties": [],
							"typeProperties": {
								"storedProcedureName": {
									"value": "EDW_ETL.ADF_Throw_Error",
									"type": "Expression"
								}
							},
							"linkedServiceName": {
								"referenceName": "AzureConfigDB",
								"type": "LinkedServiceReference"
							}
						}
					],
					"ifTrueActivities": [
						{
							"name": "Start New Load",
							"type": "SqlServerStoredProcedure",
							"dependsOn": [],
							"policy": {
								"timeout": "7.00:00:00",
								"retry": 0,
								"retryIntervalInSeconds": 30,
								"secureOutput": false,
								"secureInput": false
							},
							"userProperties": [],
							"typeProperties": {
								"storedProcedureName": "[EDW_ETL].[Start_New_Load_With_Env_Detail]",
								"storedProcedureParameters": {
									"Batch_Date": {
										"value": {
											"value": "@pipeline().parameters.Batch_Date",
											"type": "Expression"
										},
										"type": "String"
									},
									"Source_System": {
										"value": {
											"value": "@pipeline().parameters.Source_System",
											"type": "Expression"
										},
										"type": "String"
									},
									"Load_Type": {
										"value": {
											"value": "@pipeline().parameters.Load_Type",
											"type": "Expression"
										},
										"type": "String"
									},
									"Run_Pipeline_Id": {
										"value": {
											"value": "@pipeline().RunId",
											"type": "Expression"
										},
										"type": "String"
									},
									"Load_Param": {
										"value": {
											"value": "@{pipeline().parameters.Load_Param}",
											"type": "Expression"
										},
										"type": "String"
									},
									"Env": {
										"value": {
											"value": "@pipeline().globalParameters.Env",
											"type": "Expression"
										},
										"type": "String"
									},
									"RunBy": {
										"value": {
											"value": "@if(equals(pipeline().TriggerType, 'Manual'), 'Manual', concat(pipeline().TriggerType, ' - ', pipeline().TriggerName))",
											"type": "Expression"
										},
										"type": "String"
									}
								}
							},
							"linkedServiceName": {
								"referenceName": "AzureConfigDB",
								"type": "LinkedServiceReference"
							}
						}
					]
				}
			}
		],
		"parameters": {
			"Source_System": {
				"type": "string",
				"defaultValue": "PSA_Eagle_Deletion_Check"
			},
			"Load_Type": {
				"type": "string",
				"defaultValue": "DELTA"
			},
			"Batch_Date": {
				"type": "string"
			},
			"Load_Param": {
				"type": "string"
			}
		},
		"variables": {
			"table_Name": {
				"type": "String"
			},
			"ETL_Load_Key": {
				"type": "String"
			},
			"DM_Source_System": {
				"type": "String"
			}
		},
		"folder": {
			"name": "Datawarehouse/Utilities/Eagle Delta Deletion"
		},
		"annotations": [],
		"lastPublishTime": "2022-02-23T19:49:50Z"
	},
	"type": "Microsoft.DataFactory/factories/pipelines"
}