{
	"name": "EDW SQL-SQL Copy All Tables",
	"properties": {
		"activities": [
			{
				"name": "IterateTables",
				"type": "ForEach",
				"dependsOn": [
					{
						"activity": "LookupTableList",
						"dependencyConditions": [
							"Succeeded"
						]
					}
				],
				"userProperties": [],
				"typeProperties": {
					"items": {
						"value": "@activity('LookupTableList').output.value",
						"type": "Expression"
					},
					"isSequential": true,
					"activities": [
						{
							"name": "Copy Data",
							"type": "Copy",
							"dependsOn": [],
							"policy": {
								"timeout": "0.12:00:00",
								"retry": 0,
								"retryIntervalInSeconds": 30,
								"secureOutput": false,
								"secureInput": false
							},
							"userProperties": [],
							"typeProperties": {
								"source": {
									"type": "SqlDWSource",
									"sqlReaderQuery": {
										"value": "SELECT * FROM [@{item().TABLE_SCHEMA}].[@{item().TABLE_NAME}]",
										"type": "Expression"
									},
									"queryTimeout": "02:00:00",
									"partitionOption": "None"
								},
								"sink": {
									"type": "SqlDWSink",
									"preCopyScript": {
										"value": "IF EXISTS (SELECT * FROM [@{item().TABLE_SCHEMA}].[@{item().TABLE_NAME}]) DELETE FROM [@{item().TABLE_SCHEMA}].[@{item().TABLE_NAME}]",
										"type": "Expression"
									},
									"writeBehavior": "Insert",
									"sqlWriterUseTableLock": false,
									"disableMetricsCollection": false
								},
								"enableStaging": false,
								"translator": {
									"type": "TabularTranslator",
									"typeConversion": true,
									"typeConversionSettings": {
										"allowDataTruncation": true,
										"treatBooleanAsNumber": false
									}
								}
							},
							"inputs": [
								{
									"referenceName": "Azure_DW",
									"type": "DatasetReference",
									"parameters": {
										"schema": "edw_config",
										"table": "Ref_System_Process_Pipeline"
									}
								}
							],
							"outputs": [
								{
									"referenceName": "Azure_ConfigDB",
									"type": "DatasetReference",
									"parameters": {
										"schema": {
											"value": "@item().TABLE_SCHEMA",
											"type": "Expression"
										},
										"table": {
											"value": "@item().TABLE_NAME",
											"type": "Expression"
										}
									}
								}
							]
						}
					]
				}
			},
			{
				"name": "LookupTableList",
				"description": "Retrieve the table list from A SCHEMA",
				"type": "Lookup",
				"dependsOn": [],
				"policy": {
					"timeout": "0.12:00:00",
					"retry": 0,
					"retryIntervalInSeconds": 30,
					"secureOutput": false,
					"secureInput": false
				},
				"userProperties": [],
				"typeProperties": {
					"source": {
						"type": "SqlDWSource",
						"sqlReaderQuery": "SELECT TABLE_SCHEMA, TABLE_NAME FROM information_schema.TABLES WHERE TABLE_TYPE = 'BASE TABLE' and TABLE_SCHEMA = 'EDW_Config'",
						"queryTimeout": "02:00:00",
						"partitionOption": "None"
					},
					"dataset": {
						"referenceName": "Azure_DW",
						"type": "DatasetReference",
						"parameters": {
							"schema": "EDW_Config",
							"table": "Ref_System_Process_Pipeline"
						}
					},
					"firstRowOnly": false
				}
			},
			{
				"name": "LookupTableList_ETL",
				"description": "Retrieve the table list from A SCHEMA",
				"type": "Lookup",
				"dependsOn": [
					{
						"activity": "IterateTables",
						"dependencyConditions": [
							"Succeeded"
						]
					}
				],
				"policy": {
					"timeout": "0.12:00:00",
					"retry": 0,
					"retryIntervalInSeconds": 30,
					"secureOutput": false,
					"secureInput": false
				},
				"userProperties": [],
				"typeProperties": {
					"source": {
						"type": "SqlDWSource",
						"sqlReaderQuery": "SELECT TABLE_SCHEMA, TABLE_NAME \r\nFROM information_schema.TABLES \r\nWHERE TABLE_TYPE = 'BASE TABLE' and TABLE_SCHEMA = 'EDW_ETL'\r\nORDER BY TABLE_NAME",
						"queryTimeout": "02:00:00",
						"partitionOption": "None"
					},
					"dataset": {
						"referenceName": "Azure_DW",
						"type": "DatasetReference",
						"parameters": {
							"schema": "EDW_Config",
							"table": "Ref_System_Process_Pipeline"
						}
					},
					"firstRowOnly": false
				}
			},
			{
				"name": "IterateTables_copy1",
				"type": "ForEach",
				"dependsOn": [
					{
						"activity": "LookupTableList_ETL",
						"dependencyConditions": [
							"Succeeded"
						]
					}
				],
				"userProperties": [],
				"typeProperties": {
					"items": {
						"value": "@activity('LookupTableList_ETL').output.value",
						"type": "Expression"
					},
					"isSequential": true,
					"activities": [
						{
							"name": "Copy Data_copy1",
							"type": "Copy",
							"dependsOn": [],
							"policy": {
								"timeout": "0.12:00:00",
								"retry": 0,
								"retryIntervalInSeconds": 30,
								"secureOutput": false,
								"secureInput": false
							},
							"userProperties": [],
							"typeProperties": {
								"source": {
									"type": "SqlDWSource",
									"sqlReaderQuery": {
										"value": "SELECT * FROM [@{item().TABLE_SCHEMA}].[@{item().TABLE_NAME}]",
										"type": "Expression"
									},
									"queryTimeout": "02:00:00",
									"partitionOption": "None"
								},
								"sink": {
									"type": "SqlDWSink",
									"preCopyScript": {
										"value": "IF EXISTS (SELECT * FROM [@{item().TABLE_SCHEMA}].[@{item().TABLE_NAME}]) DELETE FROM [@{item().TABLE_SCHEMA}].[@{item().TABLE_NAME}]",
										"type": "Expression"
									},
									"writeBehavior": "Insert",
									"sqlWriterUseTableLock": false,
									"disableMetricsCollection": false
								},
								"enableStaging": false,
								"translator": {
									"type": "TabularTranslator",
									"typeConversion": true,
									"typeConversionSettings": {
										"allowDataTruncation": true,
										"treatBooleanAsNumber": false
									}
								}
							},
							"inputs": [
								{
									"referenceName": "Azure_DW",
									"type": "DatasetReference",
									"parameters": {
										"schema": "edw_config",
										"table": "Ref_System_Process_Pipeline"
									}
								}
							],
							"outputs": [
								{
									"referenceName": "Azure_ConfigDB",
									"type": "DatasetReference",
									"parameters": {
										"schema": {
											"value": "@item().TABLE_SCHEMA",
											"type": "Expression"
										},
										"table": {
											"value": "@item().TABLE_NAME",
											"type": "Expression"
										}
									}
								}
							]
						}
					]
				}
			}
		],
		"folder": {
			"name": "Datawarehouse/Utilities"
		},
		"annotations": []
	}
}