{
	"name": "EDW - SFTP Remove Source File",
	"properties": {
		"activities": [
			{
				"name": "Get File List",
				"description": "ORDER BY [Transfer_Type] DESC, make sure PUSH come 1st.",
				"type": "Lookup",
				"dependsOn": [],
				"policy": {
					"timeout": "7.00:00:00",
					"retry": 0,
					"retryIntervalInSeconds": 30,
					"secureOutput": false,
					"secureInput": false
				},
				"userProperties": [],
				"typeProperties": {
					"source": {
						"type": "SqlDWSource",
						"sqlReaderQuery": {
							"value": "@concat('\n    SELECT\n        PGP_Key_Name,\n        coalesce(Archive,0) Archive,coalesce(Wait_Time,60) Wait_Time ,coalesce(retry_attempt,5) retry_attempt\n        ,Transfer_Type,Proc_Name,Host,User_Name,AKV_Linked_Service,Secret_Name,SFTP_File_Path,ADLS_File_Path,ADLS_File_Path_Returned,\n        replace([File_name],''<date>'', case when SFTP_File_Time_Flag = 1 then concat(''',pipeline().parameters.Batch_Date,''',''',pipeline().parameters.Time_Stamp,''') else ''',pipeline().parameters.Batch_Date,''' end) AS file_name,\n        replace([File_Name_Returned],''<date>'', case when SFTP_File_Time_Flag = 1 then concat(''',pipeline().parameters.Batch_Date,''',''',pipeline().parameters.Time_Stamp,''') else ''',pipeline().parameters.Batch_Date,''' end) AS File_Name_Returned,\n        Integration_Runtime\n    FROM [EDW_Config].[SFTP_Vendors] \n    WHERE Source_System = ''', pipeline().parameters.Source_System,''' AND [Enabled] = 1\n\tAND (Load_Type=''All'' or Load_Type = ''', pipeline().parameters.Load_Type,''')\n    ORDER BY [Transfer_Type] DESC\n')",
							"type": "Expression"
						},
						"queryTimeout": "02:00:00",
						"partitionOption": "None"
					},
					"dataset": {
						"referenceName": "Azure_ConfigDB",
						"type": "DatasetReference",
						"parameters": {
							"schema": "EDW_Config",
							"table": "SFTP_Vendors"
						}
					},
					"firstRowOnly": false
				}
			},
			{
				"name": "ForEach File to Remove",
				"type": "ForEach",
				"dependsOn": [
					{
						"activity": "Get File List",
						"dependencyConditions": [
							"Succeeded"
						]
					}
				],
				"userProperties": [],
				"typeProperties": {
					"items": {
						"value": "@activity('Get File List').output.value",
						"type": "Expression"
					},
					"isSequential": false,
					"activities": [
						{
							"name": "File Exists on SFTP Server",
							"type": "IfCondition",
							"dependsOn": [
								{
									"activity": "Check SFTP metadeta",
									"dependencyConditions": [
										"Succeeded"
									]
								}
							],
							"userProperties": [],
							"typeProperties": {
								"expression": {
									"value": "@variables('file_exists')",
									"type": "Expression"
								},
								"ifTrueActivities": [
									{
										"name": "Self-hosted or AutoResolve IR",
										"type": "Switch",
										"dependsOn": [],
										"userProperties": [],
										"typeProperties": {
											"on": {
												"value": "@toUpper(item().Integration_Runtime)",
												"type": "Expression"
											},
											"cases": [
												{
													"value": "SELF-HOSTED",
													"activities": [
														{
															"name": "Set Status To Complete",
															"type": "SetVariable",
															"dependsOn": [
																{
																	"activity": "Delete Remote File",
																	"dependencyConditions": [
																		"Succeeded"
																	]
																}
															],
															"userProperties": [],
															"typeProperties": {
																"variableName": "Status",
																"value": "Completed"
															}
														},
														{
															"name": "EDW - Handle Error_copy1",
															"type": "ExecutePipeline",
															"dependsOn": [
																{
																	"activity": "Delete Remote File",
																	"dependencyConditions": [
																		"Failed"
																	]
																}
															],
															"userProperties": [],
															"typeProperties": {
																"pipeline": {
																	"referenceName": "EDW - Handle Error",
																	"type": "PipelineReference"
																},
																"waitOnCompletion": true,
																"parameters": {
																	"ETL_LoadKey": {
																		"value": "@pipeline().parameters.ETL_Load_Key",
																		"type": "Expression"
																	},
																	"Failed_Activity_Name": {
																		"value": "@concat('Delete from remote SFTP run for ',pipeline().parameters.Source_System)",
																		"type": "Expression"
																	},
																	"Failure_Message": {
																		"value": "@concat('Error on deleting remot SFTP file ',variables('attempts'),' message: ',\nactivity('Delete Remote File').Error.Message)",
																		"type": "Expression"
																	},
																	"Pipeline_Name": {
																		"value": "@pipeline().Pipeline",
																		"type": "Expression"
																	},
																	"Pipeline_Job_Run_Id": {
																		"value": "@pipeline().parameters.Parent_Run_ID",
																		"type": "Expression"
																	},
																	"Source_System": {
																		"value": "@pipeline().parameters.Source_System",
																		"type": "Expression"
																	}
																}
															}
														},
														{
															"name": "Delete Remote File",
															"type": "Delete",
															"dependsOn": [],
															"policy": {
																"timeout": "7.00:00:00",
																"retry": 0,
																"retryIntervalInSeconds": 30,
																"secureOutput": false,
																"secureInput": false
															},
															"userProperties": [],
															"typeProperties": {
																"dataset": {
																	"referenceName": "ds_SFTP_Binary",
																	"type": "DatasetReference",
																	"parameters": {
																		"ds_vendorFP": {
																			"value": "@item().SFTP_File_Path",
																			"type": "Expression"
																		},
																		"ds_vendorfn": {
																			"value": "@item().File_Name",
																			"type": "Expression"
																		},
																		"ds_host": {
																			"value": "@item().Host",
																			"type": "Expression"
																		},
																		"ds_user": {
																			"value": "@item().User_Name",
																			"type": "Expression"
																		},
																		"ds_secret": {
																			"value": "@item().Secret_Name",
																			"type": "Expression"
																		}
																	}
																},
																"enableLogging": false,
																"storeSettings": {
																	"type": "SftpReadSettings",
																	"recursive": true,
																	"enablePartitionDiscovery": false,
																	"disableChunking": false
																}
															}
														}
													]
												},
												{
													"value": "AUTORESOLVE",
													"activities": [
														{
															"name": "Set Status To Complete_Autoresolve",
															"type": "SetVariable",
															"dependsOn": [
																{
																	"activity": "Delete Remote File Autosolve",
																	"dependencyConditions": [
																		"Succeeded"
																	]
																}
															],
															"userProperties": [],
															"typeProperties": {
																"variableName": "Status",
																"value": "Completed"
															}
														},
														{
															"name": "EDW - Handle Error_copy1_Autoresolve",
															"type": "ExecutePipeline",
															"dependsOn": [
																{
																	"activity": "Delete Remote File Autosolve",
																	"dependencyConditions": [
																		"Failed"
																	]
																}
															],
															"userProperties": [],
															"typeProperties": {
																"pipeline": {
																	"referenceName": "EDW - Handle Error",
																	"type": "PipelineReference"
																},
																"waitOnCompletion": true,
																"parameters": {
																	"ETL_LoadKey": {
																		"value": "@pipeline().parameters.ETL_Load_Key",
																		"type": "Expression"
																	},
																	"Failed_Activity_Name": {
																		"value": "@concat('Delete from remote SFTP run for ',pipeline().parameters.Source_System)",
																		"type": "Expression"
																	},
																	"Failure_Message": {
																		"value": "@concat('Delete Remote File. message: ',activity('Delete Remote File Autosolve').Error.Message)",
																		"type": "Expression"
																	},
																	"Pipeline_Name": {
																		"value": "@pipeline().Pipeline",
																		"type": "Expression"
																	},
																	"Pipeline_Job_Run_Id": {
																		"value": "@pipeline().parameters.Parent_Run_ID",
																		"type": "Expression"
																	},
																	"Source_System": {
																		"value": "@pipeline().parameters.Source_System",
																		"type": "Expression"
																	}
																}
															}
														},
														{
															"name": "Delete Remote File Autosolve",
															"type": "Delete",
															"dependsOn": [],
															"policy": {
																"timeout": "7.00:00:00",
																"retry": 0,
																"retryIntervalInSeconds": 30,
																"secureOutput": false,
																"secureInput": false
															},
															"userProperties": [],
															"typeProperties": {
																"dataset": {
																	"referenceName": "ds_SFTP_Binary_AutoResolve",
																	"type": "DatasetReference",
																	"parameters": {
																		"ds_vendorFP": {
																			"value": "@item().SFTP_File_Path",
																			"type": "Expression"
																		},
																		"ds_vendorfn": {
																			"value": "@item().File_Name",
																			"type": "Expression"
																		},
																		"ds_host": {
																			"value": "@item().Host",
																			"type": "Expression"
																		},
																		"ds_user": {
																			"value": "@item().User_Name",
																			"type": "Expression"
																		},
																		"ds_secret": {
																			"value": "@item().Secret_Name",
																			"type": "Expression"
																		}
																	}
																},
																"enableLogging": false,
																"storeSettings": {
																	"type": "SftpReadSettings",
																	"recursive": true,
																	"enablePartitionDiscovery": false,
																	"disableChunking": false
																}
															}
														}
													]
												}
											]
										}
									}
								]
							}
						},
						{
							"name": "Check SFTP metadeta",
							"type": "Switch",
							"dependsOn": [],
							"userProperties": [],
							"typeProperties": {
								"on": {
									"value": "@toUpper(item().Integration_Runtime)",
									"type": "Expression"
								},
								"cases": [
									{
										"value": "SELF-HOSTED",
										"activities": [
											{
												"name": "Check file exists",
												"type": "GetMetadata",
												"dependsOn": [],
												"policy": {
													"timeout": "7.00:00:00",
													"retry": 0,
													"retryIntervalInSeconds": 30,
													"secureOutput": false,
													"secureInput": false
												},
												"userProperties": [],
												"typeProperties": {
													"dataset": {
														"referenceName": "ds_SFTP_Binary",
														"type": "DatasetReference",
														"parameters": {
															"ds_vendorFP": {
																"value": "@item().SFTP_File_Path",
																"type": "Expression"
															},
															"ds_vendorfn": {
																"value": "@item().File_Name",
																"type": "Expression"
															},
															"ds_host": {
																"value": "@item().Host",
																"type": "Expression"
															},
															"ds_user": {
																"value": "@item().User_Name",
																"type": "Expression"
															},
															"ds_secret": {
																"value": "@item().Secret_Name",
																"type": "Expression"
															}
														}
													},
													"fieldList": [
														"exists"
													],
													"storeSettings": {
														"type": "SftpReadSettings",
														"recursive": true,
														"enablePartitionDiscovery": false
													},
													"formatSettings": {
														"type": "BinaryReadSettings"
													}
												}
											},
											{
												"name": "File exists var",
												"type": "SetVariable",
												"dependsOn": [
													{
														"activity": "Check file exists",
														"dependencyConditions": [
															"Succeeded"
														]
													}
												],
												"userProperties": [],
												"typeProperties": {
													"variableName": "file_exists",
													"value": {
														"value": "@activity('Check file exists').output.exists",
														"type": "Expression"
													}
												}
											}
										]
									},
									{
										"value": "AUTORESOLVE",
										"activities": [
											{
												"name": "Check file exists_Autoresolve",
												"type": "GetMetadata",
												"dependsOn": [],
												"policy": {
													"timeout": "7.00:00:00",
													"retry": 0,
													"retryIntervalInSeconds": 30,
													"secureOutput": false,
													"secureInput": false
												},
												"userProperties": [],
												"typeProperties": {
													"dataset": {
														"referenceName": "ds_SFTP_Binary_AutoResolve",
														"type": "DatasetReference",
														"parameters": {
															"ds_vendorFP": {
																"value": "@item().SFTP_File_Path",
																"type": "Expression"
															},
															"ds_vendorfn": {
																"value": "@item().File_name",
																"type": "Expression"
															},
															"ds_host": {
																"value": "@item().Host",
																"type": "Expression"
															},
															"ds_user": {
																"value": "@item().User_Name",
																"type": "Expression"
															},
															"ds_secret": {
																"value": "@item().Secret_Name",
																"type": "Expression"
															}
														}
													},
													"fieldList": [
														"exists"
													],
													"storeSettings": {
														"type": "SftpReadSettings",
														"recursive": true,
														"enablePartitionDiscovery": false
													},
													"formatSettings": {
														"type": "BinaryReadSettings"
													}
												}
											},
											{
												"name": "File exists var2",
												"type": "SetVariable",
												"dependsOn": [
													{
														"activity": "Check file exists_Autoresolve",
														"dependencyConditions": [
															"Succeeded"
														]
													}
												],
												"userProperties": [],
												"typeProperties": {
													"variableName": "file_exists",
													"value": {
														"value": "@activity('Check file exists_Autoresolve').output.exists",
														"type": "Expression"
													}
												}
											}
										]
									}
								]
							}
						}
					]
				}
			}
		],
		"parameters": {
			"Source_System": {
				"type": "string"
			},
			"ETL_Load_Key": {
				"type": "string"
			},
			"Parent_Run_ID": {
				"type": "string"
			},
			"Batch_Date": {
				"type": "string"
			},
			"Load_type": {
				"type": "string"
			},
			"Time_Stamp": {
				"type": "string"
			}
		},
		"variables": {
			"Status": {
				"type": "String"
			},
			"dummy": {
				"type": "String"
			},
			"attempts": {
				"type": "String",
				"defaultValue": "0"
			},
			"temp_counter": {
				"type": "String",
				"defaultValue": "0"
			},
			"file_exists": {
				"type": "Boolean"
			}
		},
		"folder": {
			"name": "Datawarehouse/SFTP"
		},
		"annotations": [],
		"lastPublishTime": "2022-03-04T19:15:56Z"
	},
	"type": "Microsoft.DataFactory/factories/pipelines"
}