{
	"name": "EDW Load - Create Published Version",
	"properties": {
		"activities": [
			{
				"name": "Lookup  Stored Procs",
				"type": "Lookup",
				"dependsOn": [],
				"policy": {
					"timeout": "7.00:00:00",
					"retry": 0,
					"retryIntervalInSeconds": 30,
					"secureOutput": false,
					"secureInput": false
				},
				"userProperties": [],
				"typeProperties": {
					"source": {
						"type": "SqlDWSource",
						"sqlReaderQuery": {
							"value": "@concat('Select\t\tSource_Schema\n           ,Source_Table\n           ,Target_Schema\n           ,Target_Table\n           ,Target_Table_Type\n           ,Load_Procedure_Schema\n           ,Load_Procedure_Name\nFrom EDW_Config.Ref_Process_Mapping\nWhere ETL_Load_Layer = ''Published'' and Source_System in (\n\tSELECT ReportName\n\tFROM OPENJSON(''', pipeline().parameters.Publish_Param, ''' )\n\t  WITH (\n\t\tReport nvarchar(max) ''$.Report'' as JSON\n\t) OUTER APPLY OPENJSON(Report)\n\t  WITH (ReportName NVARCHAR(255) ''$'')\n  )\n')",
							"type": "Expression"
						},
						"queryTimeout": "02:00:00",
						"partitionOption": "None"
					},
					"dataset": {
						"referenceName": "Azure_ConfigDB",
						"type": "DatasetReference",
						"parameters": {
							"schema": "EDW_Config",
							"table": "Ref_Load_Process_Mapping"
						}
					},
					"firstRowOnly": false
				}
			},
			{
				"name": "ForEach Stored Procedure",
				"type": "ForEach",
				"dependsOn": [
					{
						"activity": "Lookup  Stored Procs",
						"dependencyConditions": [
							"Succeeded"
						]
					}
				],
				"userProperties": [],
				"typeProperties": {
					"items": {
						"value": "@activity('Lookup  Stored Procs').output.value",
						"type": "Expression"
					},
					"isSequential": false,
					"batchCount": 3,
					"activities": [
						{
							"name": "StoredProc",
							"type": "SqlServerStoredProcedure",
							"dependsOn": [],
							"policy": {
								"timeout": "7.00:00:00",
								"retry": 0,
								"retryIntervalInSeconds": 30,
								"secureOutput": false,
								"secureInput": false
							},
							"userProperties": [
								{
									"name": "ProcessName",
									"value": "item().Process_Name"
								}
							],
							"typeProperties": {
								"storedProcedureName": {
									"value": "@concat(item().Load_Procedure_Schema, '.', item().Load_Procedure_Name)\n",
									"type": "Expression"
								},
								"storedProcedureParameters": {
									"ETL_Load_Key": {
										"value": {
											"value": "@pipeline().parameters.ETL_Load_Key",
											"type": "Expression"
										},
										"type": "Int32"
									},
									"Report_Publish_Date": {
										"value": {
											"value": "@pipeline().parameters.Report_Publish_Date",
											"type": "Expression"
										},
										"type": "String"
									},
									"Version_Date": {
										"value": null,
										"type": "String"
									}
								}
							},
							"linkedServiceName": {
								"referenceName": "AzureSynapseDW",
								"type": "LinkedServiceReference"
							}
						},
						{
							"name": "EDW - Handle Error",
							"type": "ExecutePipeline",
							"dependsOn": [
								{
									"activity": "StoredProc",
									"dependencyConditions": [
										"Failed"
									]
								}
							],
							"userProperties": [],
							"typeProperties": {
								"pipeline": {
									"referenceName": "EDW - Handle Error",
									"type": "PipelineReference"
								},
								"waitOnCompletion": true,
								"parameters": {
									"ETL_LoadKey": {
										"value": "@pipeline().parameters.ETL_Load_Key",
										"type": "Expression"
									},
									"Failed_Activity_Name": {
										"value": "@concat('Copy published data ETL Load (id: ',pipeline().parameters.ETL_Load_Key,') run for ',pipeline().parameters.Publish_Type)",
										"type": "Expression"
									},
									"Failure_Message": {
										"value": "@activity('StoredProc').Error.Message",
										"type": "Expression"
									},
									"Pipeline_Name": {
										"value": "@pipeline().Pipeline",
										"type": "Expression"
									},
									"Pipeline_Job_Run_Id": {
										"value": "@pipeline().parameters.Parent_Run_ID",
										"type": "Expression"
									},
									"Source_System": {
										"value": "@concat('Publish ', pipeline().parameters.Publish_Type)",
										"type": "Expression"
									}
								}
							}
						}
					]
				}
			}
		],
		"parameters": {
			"Publish_Type": {
				"type": "string",
				"defaultValue": "Risk_Insight_Report"
			},
			"Report_Publish_Date": {
				"type": "string"
			},
			"ETL_Load_Key": {
				"type": "string",
				"defaultValue": "-1"
			},
			"Parent_Run_ID": {
				"type": "string"
			},
			"Publish_Param": {
				"type": "string"
			}
		},
		"variables": {
			"table_Name": {
				"type": "String"
			},
			"Publish_Domain": {
				"type": "String"
			}
		},
		"folder": {
			"name": "Datawarehouse"
		},
		"annotations": [],
		"lastPublishTime": "2022-02-23T19:49:48Z"
	},
	"type": "Microsoft.DataFactory/factories/pipelines"
}