{
	"name": "EDW Load - Source System Process",
	"properties": {
		"activities": [
			{
				"name": "Get System Process",
				"description": ".",
				"type": "Lookup",
				"dependsOn": [],
				"policy": {
					"timeout": "7.00:00:00",
					"retry": 0,
					"retryIntervalInSeconds": 30,
					"secureOutput": false,
					"secureInput": false
				},
				"userProperties": [],
				"typeProperties": {
					"source": {
						"type": "SqlDWSource",
						"sqlReaderStoredProcedureName": "[EDW_Config].[Get_Ref_System_Process_Pipeline]",
						"storedProcedureParameters": {
							"sourceSystem": {
								"type": "String",
								"value": {
									"value": "@pipeline().parameters.Source_System",
									"type": "Expression"
								}
							},
							"ETL_Load_Key": {
								"type": "String",
								"value": {
									"value": "@pipeline().parameters.ETL_Load_Key",
									"type": "Expression"
								}
							},
							"loadParam": {
								"type": "String",
								"value": {
									"value": "@string(pipeline().parameters.Load_Param)",
									"type": "Expression"
								}
							}
						},
						"queryTimeout": "02:00:00",
						"partitionOption": "None"
					},
					"dataset": {
						"referenceName": "Azure_ConfigDB",
						"type": "DatasetReference",
						"parameters": {
							"schema": "EDW_Config",
							"table": "Ref_System_Process_Pipeline"
						}
					},
					"firstRowOnly": false
				}
			},
			{
				"name": "Current_Timestamp",
				"type": "SetVariable",
				"dependsOn": [
					{
						"activity": "New ETL Load Step if Step Number starts with 1",
						"dependencyConditions": [
							"Succeeded"
						]
					}
				],
				"policy": {
					"secureOutput": false,
					"secureInput": false
				},
				"userProperties": [],
				"typeProperties": {
					"variableName": "Current_Timestamp",
					"value": {
						"value": "@formatDateTime(convertFromUtc(utcnow(),'Eastern Standard Time'), 'hhmmss')",
						"type": "Expression"
					}
				}
			},
			{
				"name": "New ETL Load Step if Step Number starts with 1",
				"type": "IfCondition",
				"dependsOn": [
					{
						"activity": "Get System Process",
						"dependencyConditions": [
							"Succeeded"
						]
					}
				],
				"userProperties": [],
				"typeProperties": {
					"expression": {
						"value": "@equals(if(greater(activity('Get System Process').output.count,0),activity('Get System Process').output.value[0].Process_Sequence_ID,0), 1)",
						"type": "Expression"
					},
					"ifTrueActivities": [
						{
							"name": "Start New Step Load",
							"type": "SqlServerStoredProcedure",
							"dependsOn": [],
							"policy": {
								"timeout": "7.00:00:00",
								"retry": 0,
								"retryIntervalInSeconds": 30,
								"secureOutput": false,
								"secureInput": false
							},
							"userProperties": [],
							"typeProperties": {
								"storedProcedureName": "[EDW_ETL].[Start_New_Step_Load]",
								"storedProcedureParameters": {
									"ETL_Load_Key": {
										"value": {
											"value": "@pipeline().parameters.ETL_Load_Key",
											"type": "Expression"
										},
										"type": "Int32"
									},
									"Source_System": {
										"value": {
											"value": "@pipeline().parameters.Source_System",
											"type": "Expression"
										},
										"type": "String"
									},
									"Load_Type": {
										"value": {
											"value": "@pipeline().parameters.Load_Type",
											"type": "Expression"
										},
										"type": "String"
									},
									"Batch_Date": {
										"value": {
											"value": "@pipeline().parameters.Batch_Date",
											"type": "Expression"
										},
										"type": "String"
									},
									"LoadParam": {
										"value": {
											"value": "@string(pipeline().parameters.Load_Param)",
											"type": "Expression"
										},
										"type": "String"
									}
								}
							},
							"linkedServiceName": {
								"referenceName": "AzureConfigDB",
								"type": "LinkedServiceReference"
							}
						}
					]
				}
			},
			{
				"name": "ForEach Process",
				"type": "ForEach",
				"dependsOn": [
					{
						"activity": "Current_Timestamp",
						"dependencyConditions": [
							"Succeeded"
						]
					}
				],
				"userProperties": [],
				"typeProperties": {
					"items": {
						"value": "@activity('Get System Process').output.value",
						"type": "Expression"
					},
					"isSequential": true,
					"activities": [
						{
							"name": "Run When Last Step Succeeds",
							"type": "IfCondition",
							"dependsOn": [],
							"userProperties": [],
							"typeProperties": {
								"expression": {
									"value": "@equals(variables('Stop the Steps'), 'F')",
									"type": "Expression"
								},
								"ifTrueActivities": [
									{
										"name": "System Process",
										"type": "Switch",
										"dependsOn": [
											{
												"activity": "Set Load Step In Process",
												"dependencyConditions": [
													"Succeeded"
												]
											}
										],
										"userProperties": [],
										"typeProperties": {
											"on": {
												"value": "@item().Process_Name",
												"type": "Expression"
											},
											"cases": [
												{
													"value": "SQLServer",
													"activities": [
														{
															"name": "EDW Load - Source System SQL Server",
															"type": "ExecutePipeline",
															"dependsOn": [],
															"policy": {
																"secureInput": false
															},
															"userProperties": [],
															"typeProperties": {
																"pipeline": {
																	"referenceName": "EDW Load - Source System SQL Server",
																	"type": "PipelineReference"
																},
																"waitOnCompletion": true,
																"parameters": {
																	"SQLServer_Database": {
																		"value": "@item().Database_Name",
																		"type": "Expression"
																	},
																	"Is_CDC": {
																		"value": "@int(item().Is_CDC)",
																		"type": "Expression"
																	},
																	"Batch_Date": {
																		"value": "@variables('Business_Date')",
																		"type": "Expression"
																	},
																	"ETL_Load_Key": {
																		"value": "@pipeline().parameters.ETL_Load_Key",
																		"type": "Expression"
																	},
																	"Source_System": {
																		"value": "@item().Source_System",
																		"type": "Expression"
																	},
																	"Load_Type": {
																		"value": "@pipeline().parameters.Load_Type",
																		"type": "Expression"
																	},
																	"Parent_Run_ID": {
																		"value": "@pipeline().RunId",
																		"type": "Expression"
																	},
																	"SQL_Server_Name": {
																		"value": "@item().Server_Name",
																		"type": "Expression"
																	},
																	"SQL_User_Name": {
																		"value": "@item().User_Name",
																		"type": "Expression"
																	},
																	"SQL_Password_Secret_Name": {
																		"value": "@item().Password_Secret_Name",
																		"type": "Expression"
																	},
																	"Load_Param": {
																		"value": "@{pipeline().parameters.Load_Param}",
																		"type": "Expression"
																	}
																}
															}
														}
													]
												},
												{
													"value": "SHAREPOINT_LOAD",
													"activities": [
														{
															"name": "SHAREPOINT_LOAD",
															"type": "ExecutePipeline",
															"dependsOn": [],
															"policy": {
																"secureInput": false
															},
															"userProperties": [],
															"typeProperties": {
																"pipeline": {
																	"referenceName": "EDW - Load From SharePoint",
																	"type": "PipelineReference"
																},
																"waitOnCompletion": true,
																"parameters": {
																	"Load_Type": {
																		"value": "@item().Type",
																		"type": "Expression"
																	},
																	"ETL_Load_Key": {
																		"value": "@pipeline().parameters.ETL_Load_Key",
																		"type": "Expression"
																	},
																	"Parent_Run_ID": {
																		"value": "@pipeline().parameters.Parent_Run_ID",
																		"type": "Expression"
																	},
																	"Batch_Date": {
																		"value": "@variables('Business_Date')",
																		"type": "Expression"
																	},
																	"Time_Stamp": {
																		"value": "@variables('Current_Timestamp')",
																		"type": "Expression"
																	}
																}
															}
														}
													]
												},
												{
													"value": "SFTP",
													"activities": [
														{
															"name": "EDW - Load SFTP - Main",
															"type": "ExecutePipeline",
															"dependsOn": [],
															"policy": {
																"secureInput": false
															},
															"userProperties": [],
															"typeProperties": {
																"pipeline": {
																	"referenceName": "EDW - Load SFTP - Main",
																	"type": "PipelineReference"
																},
																"waitOnCompletion": true,
																"parameters": {
																	"Source_System": {
																		"value": "@item().Source_System",
																		"type": "Expression"
																	},
																	"ETL_LoadKey": {
																		"value": "@pipeline().parameters.ETL_Load_Key",
																		"type": "Expression"
																	},
																	"Parent_Run_ID": {
																		"value": "@pipeline().parameters.Parent_Run_ID",
																		"type": "Expression"
																	},
																	"Batch_Date": {
																		"value": "@variables('Business_Date')",
																		"type": "Expression"
																	},
																	"Load_type": {
																		"value": "@pipeline().parameters.Load_Type",
																		"type": "Expression"
																	},
																	"Transfer_Type": {
																		"value": "@item().Type",
																		"type": "Expression"
																	},
																	"Time_Stamp": {
																		"value": "@variables('Current_Timestamp')",
																		"type": "Expression"
																	}
																}
															}
														}
													]
												},
												{
													"value": "ORACLE_EAGLE",
													"activities": [
														{
															"name": "EDW Load - Source System Oracle",
															"type": "ExecutePipeline",
															"dependsOn": [],
															"policy": {
																"secureInput": false
															},
															"userProperties": [],
															"typeProperties": {
																"pipeline": {
																	"referenceName": "EDW Load - Source System Oracle Eagle",
																	"type": "PipelineReference"
																},
																"waitOnCompletion": true,
																"parameters": {
																	"SQLServer_Database": {
																		"value": "@item().Database_Name",
																		"type": "Expression"
																	},
																	"Is_CDC": {
																		"value": "@int(item().Is_CDC)",
																		"type": "Expression"
																	},
																	"Batch_Date": {
																		"value": "@variables('Business_Date')",
																		"type": "Expression"
																	},
																	"ETL_Load_Key": {
																		"value": "@pipeline().parameters.ETL_Load_Key",
																		"type": "Expression"
																	},
																	"Source_System": {
																		"value": "@item().Source_System",
																		"type": "Expression"
																	},
																	"Load_Type": {
																		"value": "@pipeline().parameters.Load_Type",
																		"type": "Expression"
																	},
																	"Parent_Run_ID": {
																		"value": "@pipeline().RunId",
																		"type": "Expression"
																	},
																	"SQL_Server_Name": {
																		"value": "@item().Server_Name",
																		"type": "Expression"
																	},
																	"SQL_User_Name": {
																		"value": "@item().User_Name",
																		"type": "Expression"
																	},
																	"SQL_Password_Secret_Name": {
																		"value": "@item().Password_Secret_Name",
																		"type": "Expression"
																	},
																	"Load_Param": {
																		"value": "@{pipeline().parameters.Load_Param}",
																		"type": "Expression"
																	}
																}
															}
														}
													]
												},
												{
													"value": "PUBLISH",
													"activities": [
														{
															"name": "EDW Load - Create Published Version",
															"type": "ExecutePipeline",
															"dependsOn": [],
															"policy": {
																"secureInput": false
															},
															"userProperties": [],
															"typeProperties": {
																"pipeline": {
																	"referenceName": "EDW Load - Create Published Version",
																	"type": "PipelineReference"
																},
																"waitOnCompletion": true,
																"parameters": {
																	"Publish_Type": {
																		"value": "@pipeline().parameters.Load_Type",
																		"type": "Expression"
																	},
																	"Report_Publish_Date": {
																		"value": "@variables('Business_Date')",
																		"type": "Expression"
																	},
																	"ETL_Load_Key": {
																		"value": "@pipeline().parameters.ETL_Load_Key",
																		"type": "Expression"
																	},
																	"Parent_Run_ID": {
																		"value": "@pipeline().RunId",
																		"type": "Expression"
																	},
																	"Publish_Param": {
																		"value": "@{pipeline().parameters.Load_Param}",
																		"type": "Expression"
																	}
																}
															}
														}
													]
												},
												{
													"value": "OUT_BARRAONE",
													"activities": [
														{
															"name": "EDW PSA Out",
															"type": "ExecutePipeline",
															"dependsOn": [],
															"policy": {
																"secureInput": false
															},
															"userProperties": [],
															"typeProperties": {
																"pipeline": {
																	"referenceName": "EDW PSA Out",
																	"type": "PipelineReference"
																},
																"waitOnCompletion": true,
																"parameters": {
																	"Analysis_Date": {
																		"value": "@variables('Business_Date')",
																		"type": "Expression"
																	},
																	"Source_System": {
																		"value": "@item().Source_System",
																		"type": "Expression"
																	},
																	"Source_Database": {
																		"value": "@item().Database_Name",
																		"type": "Expression"
																	},
																	"LoadType": {
																		"value": "@pipeline().parameters.Load_Type",
																		"type": "Expression"
																	},
																	"ETL_LoadKey": {
																		"value": "@pipeline().parameters.ETL_Load_Key",
																		"type": "Expression"
																	},
																	"Parent_Run_ID": {
																		"value": "@pipeline().RunId",
																		"type": "Expression"
																	},
																	"ServerName": {
																		"value": "@item().Server_Name",
																		"type": "Expression"
																	},
																	"UserName": {
																		"value": "@item().User_Name",
																		"type": "Expression"
																	},
																	"SecretName": {
																		"value": "@item().Password_Secret_Name",
																		"type": "Expression"
																	}
																}
															}
														}
													]
												},
												{
													"value": "FUNCTION_APP",
													"activities": [
														{
															"name": "FunctionApp",
															"type": "ExecutePipeline",
															"dependsOn": [],
															"policy": {
																"secureInput": false
															},
															"userProperties": [],
															"typeProperties": {
																"pipeline": {
																	"referenceName": "EDW - Function App",
																	"type": "PipelineReference"
																},
																"waitOnCompletion": true,
																"parameters": {
																	"Batch_Date": {
																		"value": "@variables('Business_Date')",
																		"type": "Expression"
																	},
																	"Parent_Run_ID": {
																		"value": "@pipeline().parameters.Parent_Run_ID",
																		"type": "Expression"
																	},
																	"Source_System": {
																		"value": "@item().Source_System",
																		"type": "Expression"
																	},
																	"ETL_Load_Key": {
																		"value": "@pipeline().parameters.ETL_Load_Key",
																		"type": "Expression"
																	},
																	"Function_Type": {
																		"value": "@item().Type",
																		"type": "Expression"
																	},
																	"Load_Param": {
																		"value": "@pipeline().parameters.Load_Param",
																		"type": "Expression"
																	},
																	"Load_Type": {
																		"value": "@pipeline().parameters.Load_Type",
																		"type": "Expression"
																	}
																}
															}
														}
													]
												},
												{
													"value": "EXTRACT_FILE",
													"activities": [
														{
															"name": "Generate File",
															"type": "ExecutePipeline",
															"dependsOn": [],
															"policy": {
																"secureInput": false
															},
															"userProperties": [],
															"typeProperties": {
																"pipeline": {
																	"referenceName": "EDW Extract - Extract DB to ADLS",
																	"type": "PipelineReference"
																},
																"waitOnCompletion": true,
																"parameters": {
																	"Source_System": {
																		"value": "@item().Source_System",
																		"type": "Expression"
																	},
																	"ETL_Load_Key": {
																		"value": "@pipeline().parameters.ETL_Load_Key",
																		"type": "Expression"
																	},
																	"Parent_Run_ID": {
																		"value": "@pipeline().parameters.Parent_Run_ID",
																		"type": "Expression"
																	},
																	"Batch_Date": {
																		"value": "@variables('Business_Date')",
																		"type": "Expression"
																	},
																	"Load_Type": {
																		"value": "@pipeline().parameters.Load_type",
																		"type": "Expression"
																	},
																	"Time_Stamp": {
																		"value": "@variables('Current_Timestamp')",
																		"type": "Expression"
																	}
																}
															}
														}
													]
												},
												{
													"value": "FILE_LOAD",
													"activities": [
														{
															"name": "Load Business Files",
															"type": "ExecutePipeline",
															"dependsOn": [],
															"policy": {
																"secureInput": false
															},
															"userProperties": [],
															"typeProperties": {
																"pipeline": {
																	"referenceName": "EDW Load - Load Business Files",
																	"type": "PipelineReference"
																},
																"waitOnCompletion": true,
																"parameters": {
																	"Source_System": {
																		"value": "@item().Source_System",
																		"type": "Expression"
																	},
																	"ETL_Load_Key": {
																		"value": "@pipeline().parameters.ETL_Load_Key",
																		"type": "Expression"
																	},
																	"Parent_Run_ID": {
																		"value": "@pipeline().parameters.Parent_Run_ID",
																		"type": "Expression"
																	},
																	"Batch_Date": {
																		"value": "@variables('Business_Date')",
																		"type": "Expression"
																	},
																	"ServerName": {
																		"value": "@item().Server_Name",
																		"type": "Expression"
																	},
																	"UserName": {
																		"value": "@item().User_Name",
																		"type": "Expression"
																	},
																	"SecretName": {
																		"value": "@item().Password_Secret_Name",
																		"type": "Expression"
																	}
																}
															}
														}
													]
												},
												{
													"value": "BBG_PARSE",
													"activities": [
														{
															"name": "EDW - BBG Parse File",
															"type": "ExecutePipeline",
															"dependsOn": [],
															"policy": {
																"secureInput": false
															},
															"userProperties": [],
															"typeProperties": {
																"pipeline": {
																	"referenceName": "EDW - BBG Parse File",
																	"type": "PipelineReference"
																},
																"waitOnCompletion": true,
																"parameters": {
																	"ProcessName": {
																		"value": "@pipeline().parameters.Source_System",
																		"type": "Expression"
																	},
																	"Source_System": {
																		"value": "@item().Source_System",
																		"type": "Expression"
																	},
																	"Parent_RunID": {
																		"value": "@pipeline().parameters.Parent_Run_ID",
																		"type": "Expression"
																	},
																	"etl_loadkey": {
																		"value": "@pipeline().parameters.ETL_Load_Key",
																		"type": "Expression"
																	},
																	"Batch_Date": {
																		"value": "@variables('Business_Date')",
																		"type": "Expression"
																	}
																}
															}
														}
													]
												},
												{
													"value": "RML_BLEND",
													"activities": [
														{
															"name": "EDW - Risk Manager Main",
															"type": "ExecutePipeline",
															"dependsOn": [],
															"policy": {
																"secureInput": false
															},
															"userProperties": [],
															"typeProperties": {
																"pipeline": {
																	"referenceName": "EDW - Risk Manager Main",
																	"type": "PipelineReference"
																},
																"waitOnCompletion": true,
																"parameters": {
																	"Batch_Date": {
																		"value": "@variables('Business_Date')",
																		"type": "Expression"
																	},
																	"Parent_Run_ID": {
																		"value": "@pipeline().parameters.Parent_Run_ID",
																		"type": "Expression"
																	},
																	"Source_System": {
																		"value": "@item().Source_System",
																		"type": "Expression"
																	},
																	"ETL_Load_Key": {
																		"value": "@pipeline().parameters.ETL_Load_Key",
																		"type": "Expression"
																	},
																	"Function_Type": {
																		"value": "@item().Type",
																		"type": "Expression"
																	},
																	"Load_Param": {
																		"value": "@pipeline().parameters.Load_Param",
																		"type": "Expression"
																	},
																	"Load_Type": {
																		"value": "@pipeline().parameters.Load_Type",
																		"type": "Expression"
																	}
																}
															}
														}
													]
												},
												{
													"value": "SFTP_CLEANUP",
													"activities": [
														{
															"name": "EDW - SFTP Remove Source File",
															"type": "ExecutePipeline",
															"dependsOn": [],
															"policy": {
																"secureInput": false
															},
															"userProperties": [],
															"typeProperties": {
																"pipeline": {
																	"referenceName": "EDW - SFTP Remove Source File",
																	"type": "PipelineReference"
																},
																"waitOnCompletion": true,
																"parameters": {
																	"Source_System": {
																		"value": "@item().Source_System",
																		"type": "Expression"
																	},
																	"ETL_Load_Key": {
																		"value": "@pipeline().parameters.ETL_Load_Key",
																		"type": "Expression"
																	},
																	"Parent_Run_ID": {
																		"value": "@pipeline().parameters.Parent_Run_ID",
																		"type": "Expression"
																	},
																	"Batch_Date": {
																		"value": "@variables('Business_Date')",
																		"type": "Expression"
																	},
																	"Load_type": {
																		"value": "@pipeline().parameters.Load_Type",
																		"type": "Expression"
																	},
																	"Time_Stamp": {
																		"value": "@variables('Current_Timestamp')",
																		"type": "Expression"
																	}
																}
															}
														}
													]
												},
												{
													"value": "SHAREPOINT_FUNC_APP",
													"activities": [
														{
															"name": "SHAREPOINT_FUNC_APP",
															"type": "ExecutePipeline",
															"dependsOn": [],
															"policy": {
																"secureInput": false
															},
															"userProperties": [],
															"typeProperties": {
																"pipeline": {
																	"referenceName": "EDW - Load From SharePoint_FuncApp",
																	"type": "PipelineReference"
																},
																"waitOnCompletion": true,
																"parameters": {
																	"Load_Type": {
																		"value": "@item().Type",
																		"type": "Expression"
																	},
																	"ETL_Load_Key": {
																		"value": "@pipeline().parameters.ETL_Load_Key",
																		"type": "Expression"
																	},
																	"Parent_Run_ID": {
																		"value": "@pipeline().parameters.Parent_Run_ID",
																		"type": "Expression"
																	},
																	"Batch_Date": {
																		"value": "@variables('Business_Date')",
																		"type": "Expression"
																	},
																	"Time_Stamp": {
																		"value": "@variables('Current_Timestamp')",
																		"type": "Expression"
																	}
																}
															}
														}
													]
												},
												{
													"value": "AZURE_SQL",
													"activities": [
														{
															"name": "EDW Load - Source System Azure SQL",
															"type": "ExecutePipeline",
															"dependsOn": [],
															"policy": {
																"secureInput": false
															},
															"userProperties": [],
															"typeProperties": {
																"pipeline": {
																	"referenceName": "EDW Load - Source System Azure SQL",
																	"type": "PipelineReference"
																},
																"waitOnCompletion": true,
																"parameters": {
																	"AzureSQL_Database": {
																		"value": "@item().Database_Name",
																		"type": "Expression"
																	},
																	"Batch_Date": {
																		"value": "@variables('Business_Date')",
																		"type": "Expression"
																	},
																	"ETL_Load_Key": {
																		"value": "@pipeline().parameters.ETL_Load_Key",
																		"type": "Expression"
																	},
																	"Source_System": {
																		"value": "@item().Source_System",
																		"type": "Expression"
																	},
																	"Load_Type": {
																		"value": "@pipeline().parameters.Load_Type",
																		"type": "Expression"
																	},
																	"Parent_Run_ID": {
																		"value": "@pipeline().RunId",
																		"type": "Expression"
																	},
																	"AzureSQL_Server_Name": {
																		"value": "@item().Server_Name",
																		"type": "Expression"
																	},
																	"Sub_Source_System": {
																		"value": "@item().Sub_Source_System",
																		"type": "Expression"
																	},
																	"Source_Type": {
																		"value": "@item().Type",
																		"type": "Expression"
																	}
																}
															}
														}
													]
												},
												{
													"value": "Decompress_Compress",
													"activities": [
														{
															"name": "Execute Decompress or Compress",
															"type": "ExecutePipeline",
															"dependsOn": [],
															"policy": {
																"secureInput": false
															},
															"userProperties": [],
															"typeProperties": {
																"pipeline": {
																	"referenceName": "EDW - De - Compress Process",
																	"type": "PipelineReference"
																},
																"waitOnCompletion": true,
																"parameters": {
																	"Source_System": {
																		"value": "@pipeline().parameters.Source_System",
																		"type": "Expression"
																	},
																	"Batch_Date": {
																		"value": "@variables('Business_Date')",
																		"type": "Expression"
																	},
																	"Action_Type": "Decompress",
																	"ETL_Load_Key": {
																		"value": "@pipeline().parameters.ETL_Load_Key",
																		"type": "Expression"
																	},
																	"Parent_Run_ID": {
																		"value": "@pipeline().parameters.Parent_Run_ID",
																		"type": "Expression"
																	}
																}
															}
														}
													]
												},
												{
													"value": "Move_Files",
													"activities": [
														{
															"name": "Execute Pipeline - File Move",
															"type": "ExecutePipeline",
															"dependsOn": [],
															"policy": {
																"secureInput": false
															},
															"userProperties": [],
															"typeProperties": {
																"pipeline": {
																	"referenceName": "EDW - File Move",
																	"type": "PipelineReference"
																},
																"waitOnCompletion": true,
																"parameters": {
																	"Source_System": {
																		"value": "@pipeline().parameters.Source_System",
																		"type": "Expression"
																	},
																	"Batch_Date": {
																		"value": "@variables('Business_Date')",
																		"type": "Expression"
																	},
																	"Load_Type": {
																		"value": "@pipeline().parameters.Load_Type",
																		"type": "Expression"
																	},
																	"ETL_Load_Key": {
																		"value": "@pipeline().parameters.ETL_Load_Key",
																		"type": "Expression"
																	},
																	"Parent_Run_ID": {
																		"value": "@pipeline().parameters.Parent_Run_ID",
																		"type": "Expression"
																	}
																}
															}
														}
													]
												},
												{
													"value": "DQ_Check",
													"activities": [
														{
															"name": "Execute Pipeline - DQ",
															"type": "ExecutePipeline",
															"dependsOn": [],
															"policy": {
																"secureInput": false
															},
															"userProperties": [],
															"typeProperties": {
																"pipeline": {
																	"referenceName": "EDW  DQ",
																	"type": "PipelineReference"
																},
																"waitOnCompletion": true,
																"parameters": {
																	"Source_System": {
																		"value": "@pipeline().parameters.Source_System",
																		"type": "Expression"
																	},
																	"Load_Layer": {
																		"value": "@item().Load_Layer",
																		"type": "Expression"
																	},
																	"Load_Type": {
																		"value": "@pipeline().parameters.Load_Type",
																		"type": "Expression"
																	},
																	"ETL_Load_Key": {
																		"value": "@pipeline().parameters.ETL_Load_Key",
																		"type": "Expression"
																	},
																	"Batch_DTS": {
																		"value": "@pipeline().parameters.Batch_Date",
																		"type": "Expression"
																	},
																	"Parent_Run_Id": {
																		"value": "@pipeline().RunId",
																		"type": "Expression"
																	}
																}
															}
														}
													]
												},
												{
													"value": "COMMON_LAYER_LOAD",
													"activities": [
														{
															"name": "Execute Pipeline - DM",
															"type": "ExecutePipeline",
															"dependsOn": [],
															"policy": {
																"secureInput": false
															},
															"userProperties": [],
															"typeProperties": {
																"pipeline": {
																	"referenceName": "EDW Load - Load DM",
																	"type": "PipelineReference"
																},
																"waitOnCompletion": true,
																"parameters": {
																	"Source_System": {
																		"value": "@pipeline().parameters.Source_System",
																		"type": "Expression"
																	},
																	"ETL_Load_Key": {
																		"value": "@pipeline().parameters.ETL_Load_Key",
																		"type": "Expression"
																	},
																	"Parent_Run_ID": {
																		"value": "@pipeline().RunId",
																		"type": "Expression"
																	},
																	"Load_Type": {
																		"value": "@pipeline().parameters.Load_Type",
																		"type": "Expression"
																	},
																	"Batch_DTS": {
																		"value": "@pipeline().parameters.Batch_Date",
																		"type": "Expression"
																	}
																}
															}
														}
													]
												},
												{
													"value": "ARCHIVE",
													"activities": [
														{
															"name": "Execute Archiving",
															"type": "ExecutePipeline",
															"dependsOn": [],
															"policy": {
																"secureInput": false
															},
															"userProperties": [],
															"typeProperties": {
																"pipeline": {
																	"referenceName": "EDW Archiving",
																	"type": "PipelineReference"
																},
																"waitOnCompletion": true,
																"parameters": {
																	"Source_System": {
																		"value": "@item().Source_System",
																		"type": "Expression"
																	},
																	"Batch_Date": {
																		"value": "@variables('Business_Date')",
																		"type": "Expression"
																	},
																	"ETL_Load_Key": {
																		"value": "@pipeline().parameters.ETL_Load_Key",
																		"type": "Expression"
																	},
																	"Parent_Run_ID": {
																		"value": "@pipeline().parameters.Parent_Run_ID",
																		"type": "Expression"
																	}
																}
															}
														}
													]
												}
											]
										}
									},
									{
										"name": "Set Load Step In Process",
										"type": "SqlServerStoredProcedure",
										"dependsOn": [
											{
												"activity": "Set Business Date",
												"dependencyConditions": [
													"Succeeded"
												]
											}
										],
										"policy": {
											"timeout": "7.00:00:00",
											"retry": 0,
											"retryIntervalInSeconds": 30,
											"secureOutput": false,
											"secureInput": false
										},
										"userProperties": [],
										"typeProperties": {
											"storedProcedureName": "[EDW_ETL].[Update_ETL_Load_Step_Status]",
											"storedProcedureParameters": {
												"ETL_Load_Key": {
													"value": {
														"value": "@pipeline().parameters.ETL_Load_Key",
														"type": "Expression"
													},
													"type": "Int32"
												},
												"Process_Sequence_ID": {
													"value": {
														"value": "@item().Process_Sequence_ID",
														"type": "Expression"
													},
													"type": "String"
												},
												"Status": {
													"value": "InProgress"
												}
											}
										},
										"linkedServiceName": {
											"referenceName": "AzureConfigDB",
											"type": "LinkedServiceReference"
										}
									},
									{
										"name": "Set Load Step Completed",
										"type": "SqlServerStoredProcedure",
										"dependsOn": [
											{
												"activity": "System Process",
												"dependencyConditions": [
													"Succeeded"
												]
											}
										],
										"policy": {
											"timeout": "7.00:00:00",
											"retry": 0,
											"retryIntervalInSeconds": 30,
											"secureOutput": false,
											"secureInput": false
										},
										"userProperties": [],
										"typeProperties": {
											"storedProcedureName": "[EDW_ETL].[Update_ETL_Load_Step_Status]",
											"storedProcedureParameters": {
												"ETL_Load_Key": {
													"value": {
														"value": "@pipeline().parameters.ETL_Load_Key",
														"type": "Expression"
													},
													"type": "Int32"
												},
												"Process_Sequence_ID": {
													"value": {
														"value": "@item().Process_Sequence_ID",
														"type": "Expression"
													},
													"type": "String"
												},
												"Status": {
													"value": "Completed"
												}
											}
										},
										"linkedServiceName": {
											"referenceName": "AzureConfigDB",
											"type": "LinkedServiceReference"
										}
									},
									{
										"name": "Set Load Step Failed",
										"type": "SqlServerStoredProcedure",
										"dependsOn": [
											{
												"activity": "System Process",
												"dependencyConditions": [
													"Failed"
												]
											}
										],
										"policy": {
											"timeout": "7.00:00:00",
											"retry": 0,
											"retryIntervalInSeconds": 30,
											"secureOutput": false,
											"secureInput": false
										},
										"userProperties": [],
										"typeProperties": {
											"storedProcedureName": "[EDW_ETL].[Update_ETL_Load_Step_Status]",
											"storedProcedureParameters": {
												"ETL_Load_Key": {
													"value": {
														"value": "@pipeline().parameters.ETL_Load_Key",
														"type": "Expression"
													},
													"type": "Int32"
												},
												"Process_Sequence_ID": {
													"value": {
														"value": "@item().Process_Sequence_ID",
														"type": "Expression"
													},
													"type": "String"
												},
												"Status": {
													"value": "Failed"
												}
											}
										},
										"linkedServiceName": {
											"referenceName": "AzureConfigDB",
											"type": "LinkedServiceReference"
										}
									},
									{
										"name": "Stop the Steps",
										"type": "SetVariable",
										"dependsOn": [
											{
												"activity": "Set Load Step Failed",
												"dependencyConditions": [
													"Succeeded"
												]
											}
										],
										"policy": {
											"secureOutput": false,
											"secureInput": false
										},
										"userProperties": [],
										"typeProperties": {
											"variableName": "Stop the Steps",
											"value": "T"
										}
									},
									{
										"name": "Get Business Date",
										"type": "Lookup",
										"dependsOn": [],
										"policy": {
											"timeout": "0.12:00:00",
											"retry": 0,
											"retryIntervalInSeconds": 30,
											"secureOutput": false,
											"secureInput": false
										},
										"userProperties": [],
										"typeProperties": {
											"source": {
												"type": "AzureSqlSource",
												"sqlReaderStoredProcedureName": "[EDW_ETL].[Get_Job_Business_Date_Check_Holidays]",
												"storedProcedureParameters": {
													"Batch_Date_BD_Rule": {
														"type": "String",
														"value": {
															"value": "@item().Batch_Date",
															"type": "Expression"
														}
													},
													"Batch_Date_Pipeline": {
														"type": "DateTime",
														"value": {
															"value": "@pipeline().parameters.Batch_Date",
															"type": "Expression"
														}
													},
													"Check_Holiday_Flag": {
														"type": "Boolean",
														"value": {
															"value": "@item().Check_Holiday_Flag",
															"type": "Expression"
														}
													},
													"Format_Date": {
														"type": "String",
														"value": {
															"value": "@item().Format_Date",
															"type": "Expression"
														}
													}
												},
												"queryTimeout": "02:00:00",
												"partitionOption": "None"
											},
											"dataset": {
												"referenceName": "Azure_ConfigDB",
												"type": "DatasetReference",
												"parameters": {
													"schema": "EDW_ETL",
													"table": "Get_Job_Business_Date"
												}
											}
										}
									},
									{
										"name": "Set Business Date",
										"type": "SetVariable",
										"dependsOn": [
											{
												"activity": "Get Business Date",
												"dependencyConditions": [
													"Succeeded"
												]
											}
										],
										"policy": {
											"secureOutput": false,
											"secureInput": false
										},
										"userProperties": [],
										"typeProperties": {
											"variableName": "Business_Date",
											"value": {
												"value": "@activity('Get Business Date').output.firstRow.Business_Date",
												"type": "Expression"
											}
										}
									}
								]
							}
						}
					]
				}
			}
		],
		"parameters": {
			"Source_System": {
				"type": "string",
				"defaultValue": "SFTP_Eagle"
			},
			"Load_Type": {
				"type": "string",
				"defaultValue": "Rates"
			},
			"Batch_Date": {
				"type": "string",
				"defaultValue": "1900-01-01"
			},
			"ETL_Load_Key": {
				"type": "string",
				"defaultValue": "-1"
			},
			"Parent_Run_ID": {
				"type": "string",
				"defaultValue": "1"
			},
			"Load_Param": {
				"type": "string"
			}
		},
		"variables": {
			"Business_Date": {
				"type": "String"
			},
			"cur_date": {
				"type": "String"
			},
			"Current_Timestamp": {
				"type": "String"
			},
			"Stop the Steps": {
				"type": "String",
				"defaultValue": "F"
			}
		},
		"folder": {
			"name": "Datawarehouse/Source System"
		},
		"annotations": []
	}
}