{
	"name": "Execute IPS UC1 Process",
	"properties": {
		"activities": [
			{
				"name": "Set batchDateTime",
				"type": "SetVariable",
				"dependsOn": [],
				"userProperties": [],
				"typeProperties": {
					"variableName": "batchDateTIme",
					"value": {
						"value": "@if(equals(pipeline().parameters.batchDateTime, '1'),utcnow(),pipeline().parameters.batchDateTime)",
						"type": "Expression"
					}
				}
			},
			{
				"name": "If Barra data call needed",
				"type": "IfCondition",
				"dependsOn": [
					{
						"activity": "Set batchDateTime",
						"dependencyConditions": [
							"Succeeded"
						]
					}
				],
				"userProperties": [],
				"typeProperties": {
					"expression": {
						"value": "@pipeline().parameters.getDataFromBarraOne",
						"type": "Expression"
					},
					"ifFalseActivities": [
						{
							"name": "Extract zips",
							"type": "DatabricksNotebook",
							"dependsOn": [],
							"policy": {
								"timeout": "7.00:00:00",
								"retry": 0,
								"retryIntervalInSeconds": 30,
								"secureOutput": false,
								"secureInput": false
							},
							"userProperties": [],
							"typeProperties": {
								"notebookPath": "/Users/malay.dave@imcoinvest.com/ips/zip_extract",
								"baseParameters": {
									"analysis_date": {
										"value": "@pipeline().parameters.analysis_date",
										"type": "Expression"
									}
								}
							},
							"linkedServiceName": {
								"referenceName": "AzureDatabricks1",
								"type": "LinkedServiceReference"
							}
						}
					],
					"ifTrueActivities": [
						{
							"name": "Execute Get Barra data",
							"type": "ExecutePipeline",
							"dependsOn": [],
							"userProperties": [],
							"typeProperties": {
								"pipeline": {
									"referenceName": "Get Extract BarraOne Risk Data",
									"type": "PipelineReference"
								},
								"waitOnCompletion": true,
								"parameters": {
									"analysis_date": {
										"value": "@pipeline().parameters.analysis_date",
										"type": "Expression"
									},
									"exportSetArray": {
										"value": "@pipeline().parameters.exportSetArray",
										"type": "Expression"
									}
								}
							}
						}
					]
				}
			},
			{
				"name": "Execute Pipeline - Parallelize Data Prep",
				"type": "ExecutePipeline",
				"dependsOn": [
					{
						"activity": "If Barra data call needed",
						"dependencyConditions": [
							"Succeeded"
						]
					}
				],
				"userProperties": [],
				"typeProperties": {
					"pipeline": {
						"referenceName": "Process Barra Data",
						"type": "PipelineReference"
					},
					"waitOnCompletion": true,
					"parameters": {
						"strategyArray": {
							"value": "@pipeline().parameters.strategyNameArray",
							"type": "Expression"
						},
						"analysis_date": {
							"value": "@pipeline().parameters.analysis_date",
							"type": "Expression"
						},
						"batchDateTIme": {
							"value": "@variables('batchDateTIme')",
							"type": "Expression"
						}
					}
				}
			},
			{
				"name": "Execute - Create or Add Data",
				"description": "Create/Insert data into DB tables",
				"type": "DatabricksNotebook",
				"dependsOn": [
					{
						"activity": "Execute Pipeline - Parallelize Data Prep",
						"dependencyConditions": [
							"Succeeded"
						]
					}
				],
				"policy": {
					"timeout": "7.00:00:00",
					"retry": 0,
					"retryIntervalInSeconds": 30,
					"secureOutput": false,
					"secureInput": false
				},
				"userProperties": [],
				"typeProperties": {
					"notebookPath": "/Users/malay.dave@imcoinvest.com/ips/create_datasets",
					"baseParameters": {
						"analysis_date": {
							"value": "@pipeline().parameters.analysis_date",
							"type": "Expression"
						},
						"batchDateTime": {
							"value": "@variables('batchDateTIme')",
							"type": "Expression"
						}
					}
				},
				"linkedServiceName": {
					"referenceName": "AzureDatabricks1",
					"type": "LinkedServiceReference"
				}
			},
			{
				"name": "Parallelize Data Transformation",
				"description": "",
				"type": "ForEach",
				"dependsOn": [
					{
						"activity": "Execute - Create or Add Data",
						"dependencyConditions": [
							"Succeeded"
						]
					}
				],
				"userProperties": [],
				"typeProperties": {
					"items": {
						"value": "@variables('spArray')",
						"type": "Expression"
					},
					"batchCount": 3,
					"activities": [
						{
							"name": "Switch - Call Transformation Notebook",
							"type": "Switch",
							"dependsOn": [],
							"userProperties": [],
							"typeProperties": {
								"on": {
									"value": "@item()",
									"type": "Expression"
								},
								"cases": [
									{
										"value": "create_check_public_eq",
										"activities": [
											{
												"name": "Execute - Process Public EQ",
												"type": "ExecutePipeline",
												"dependsOn": [],
												"userProperties": [],
												"typeProperties": {
													"pipeline": {
														"referenceName": "Process Public EQ",
														"type": "PipelineReference"
													},
													"waitOnCompletion": true,
													"parameters": {
														"analysis_date": {
															"value": "@pipeline().parameters.analysis_date",
															"type": "Expression"
														},
														"batchDateTime": {
															"value": "@variables('batchDateTIme')",
															"type": "Expression"
														}
													}
												}
											}
										]
									},
									{
										"value": "create_ips_check_rates",
										"activities": [
											{
												"name": "Execute Process Bonds pipeline",
												"type": "ExecutePipeline",
												"dependsOn": [],
												"userProperties": [],
												"typeProperties": {
													"pipeline": {
														"referenceName": "Process Bonds",
														"type": "PipelineReference"
													},
													"waitOnCompletion": true,
													"parameters": {
														"analysis_date": {
															"value": "@pipeline().parameters.analysis_date",
															"type": "Expression"
														},
														"batchDateTime": {
															"value": "@variables('batchDateTIme')",
															"type": "Expression"
														}
													}
												}
											}
										]
									},
									{
										"value": "create_check_mm",
										"activities": [
											{
												"name": "Execute Pipeline - Process Money Market",
												"type": "ExecutePipeline",
												"dependsOn": [],
												"userProperties": [],
												"typeProperties": {
													"pipeline": {
														"referenceName": "Process Money Market",
														"type": "PipelineReference"
													},
													"waitOnCompletion": true,
													"parameters": {
														"analysis_date": {
															"value": "@pipeline().parameters.analysis_date",
															"type": "Expression"
														},
														"batchDateTime": {
															"value": "@variables('batchDateTIme')",
															"type": "Expression"
														}
													}
												}
											}
										]
									},
									{
										"value": "create_ips_check_aaa",
										"activities": [
											{
												"name": "Execute Pipeline - Process AAA",
												"type": "ExecutePipeline",
												"dependsOn": [],
												"userProperties": [],
												"typeProperties": {
													"pipeline": {
														"referenceName": "Process AAA",
														"type": "PipelineReference"
													},
													"waitOnCompletion": true,
													"parameters": {
														"analysis_date": {
															"value": "@pipeline().parameters.analysis_date",
															"type": "Expression"
														},
														"batchDateTime": {
															"value": "@variables('batchDateTIme')",
															"type": "Expression"
														}
													}
												}
											}
										]
									},
									{
										"value": "create_ips_check_dm",
										"activities": [
											{
												"name": "Execute Pipeline - Process DM",
												"type": "ExecutePipeline",
												"dependsOn": [],
												"userProperties": [],
												"typeProperties": {
													"pipeline": {
														"referenceName": "Process Diversified Markets",
														"type": "PipelineReference"
													},
													"waitOnCompletion": true,
													"parameters": {
														"analysis_date": {
															"value": "@pipeline().parameters.analysis_date",
															"type": "Expression"
														},
														"batchDateTime": {
															"value": "@variables('batchDateTIme')",
															"type": "Expression"
														}
													}
												}
											}
										]
									},
									{
										"value": "create_check_global_credit",
										"activities": [
											{
												"name": "Execute Pipeline - Process Global Credit",
												"type": "ExecutePipeline",
												"dependsOn": [],
												"userProperties": [],
												"typeProperties": {
													"pipeline": {
														"referenceName": "Process Global Credit",
														"type": "PipelineReference"
													},
													"waitOnCompletion": true,
													"parameters": {
														"analysis_date": {
															"value": "@pipeline().parameters.analysis_date",
															"type": "Expression"
														},
														"batchDateTime": {
															"value": "@variables('batchDateTIme')",
															"type": "Expression"
														}
													}
												}
											}
										]
									},
									{
										"value": "create_check_pma",
										"activities": [
											{
												"name": "Execute Pipeline - Process PMA",
												"type": "ExecutePipeline",
												"dependsOn": [],
												"userProperties": [],
												"typeProperties": {
													"pipeline": {
														"referenceName": "Process PMA",
														"type": "PipelineReference"
													},
													"waitOnCompletion": true,
													"parameters": {
														"analysis_date": {
															"value": "@pipeline().parameters.analysis_date",
															"type": "Expression"
														},
														"batchDateTime": {
															"value": "@variables('batchDateTIme')",
															"type": "Expression"
														}
													}
												}
											}
										]
									}
								]
							}
						}
					]
				}
			},
			{
				"name": "Execute - Transform to DM",
				"type": "DatabricksNotebook",
				"dependsOn": [
					{
						"activity": "Parallelize Data Transformation",
						"dependencyConditions": [
							"Succeeded"
						]
					}
				],
				"policy": {
					"timeout": "7.00:00:00",
					"retry": 0,
					"retryIntervalInSeconds": 30,
					"secureOutput": false,
					"secureInput": false
				},
				"userProperties": [],
				"typeProperties": {
					"notebookPath": "/Users/malay.dave@imcoinvest.com/ips/transform_check_data_to_dm",
					"baseParameters": {
						"analysis_date": {
							"value": "@pipeline().parameters.analysis_date",
							"type": "Expression"
						},
						"batchDateTime": {
							"value": "@variables('batchDateTIme')",
							"type": "Expression"
						}
					}
				},
				"linkedServiceName": {
					"referenceName": "AzureDatabricks1",
					"type": "LinkedServiceReference"
				}
			}
		],
		"parameters": {
			"exportSetArray": {
				"type": "array",
				"defaultValue": [
					"AB-301XL-Current",
					"AB-301XL-Current_TOP",
					"AB-301L-Current",
					"AB-301L-Current_TOP",
					"AllOPB_301L_Current",
					"AllOPB_301XL_Current",
					"AOPB_301L_Current",
					"AOPB_301XL_Current",
					"APOPB-301L-Current",
					"APOPB-301L-Current_TOP",
					"APOPB-301XLa-Current",
					"APOPB-301XLa-Current_TOP",
					"APOPB-301XLb-Current",
					"APOPB-301XLb-Current_TOP",
					"AWSIB_301L_Current",
					"AWSIB_301XL_Current",
					"R B-301L-Current",
					"R B-301L-Current_TOP",
					"R B-301XL-Current",
					"R B-301XL-Current_TOP",
					"R P-301XLa-Current",
					"R P-301XLa-Current_TOP",
					"R P-301XLb-Current",
					"R P-301XLb-Current_TOP",
					"RWSIB_301L_Current",
					"RWSIB_301XL_Current",
					"T R-301L-Current",
					"T R-301L-Current_TOP",
					"T R-301XL-Current",
					"T R-301XL-Current_TOP"
				]
			},
			"getDataFromBarraOne": {
				"type": "bool",
				"defaultValue": false
			},
			"analysis_date": {
				"type": "string",
				"defaultValue": "2020-01-30"
			},
			"strategyNameArray": {
				"type": "array",
				"defaultValue": [
					"Analytics_EQ",
					"Analytics_FI",
					"Analytics_KRD_Notional",
					"Analytics_OP",
					"Analytics_Position",
					"Characteristics_Derivatives",
					"Characteristics_FI",
					"Characteristics_Rating",
					"Characteristics_Sector",
					"Risk_View_Total",
					"Allocation_Selection",
					"Analytics_KRD",
					"Characteristics"
				]
			},
			"batchDateTime": {
				"type": "string",
				"defaultValue": "2020-02-11T02:50:23.4061448Z"
			}
		},
		"variables": {
			"batchDateTIme": {
				"type": "String"
			},
			"spArray": {
				"type": "Array",
				"defaultValue": [
					"create_ips_check_aaa",
					"create_ips_check_dm",
					"create_check_pma",
					"create_check_public_eq",
					"create_check_mm",
					"create_ips_check_rates",
					"create_check_global_credit"
				]
			}
		},
		"folder": {
			"name": "IDP POC/IPS-UC1"
		},
		"annotations": [],
		"lastPublishTime": "2022-02-23T19:49:48Z"
	},
	"type": "Microsoft.DataFactory/factories/pipelines"
}