{
	"name": "Flomo_ETL",
	"properties": {
		"activities": [
			{
				"name": "Copy_SFTP_to_ADLS",
				"type": "Copy",
				"dependsOn": [],
				"policy": {
					"timeout": "7.00:00:00",
					"retry": 0,
					"retryIntervalInSeconds": 30,
					"secureOutput": false,
					"secureInput": false
				},
				"userProperties": [],
				"typeProperties": {
					"source": {
						"type": "DelimitedTextSource",
						"storeSettings": {
							"type": "SftpReadSettings",
							"recursive": true,
							"wildcardFileName": "Flo_Mo*.csv"
						},
						"formatSettings": {
							"type": "DelimitedTextReadSettings"
						}
					},
					"sink": {
						"type": "DelimitedTextSink",
						"storeSettings": {
							"type": "AzureBlobStorageWriteSettings"
						},
						"formatSettings": {
							"type": "DelimitedTextWriteSettings",
							"quoteAllText": true,
							"fileExtension": ".txt"
						}
					},
					"enableStaging": false,
					"translator": {
						"type": "TabularTranslator",
						"typeConversion": true,
						"typeConversionSettings": {
							"allowDataTruncation": true,
							"treatBooleanAsNumber": false
						}
					}
				},
				"inputs": [
					{
						"referenceName": "Morgan_Stanley_SFTP_Dataset",
						"type": "DatasetReference"
					}
				],
				"outputs": [
					{
						"referenceName": "Morgan_Stanley_ADLS_Flomo_Staging",
						"type": "DatasetReference",
						"parameters": {
							"env": {
								"value": "@pipeline().globalParameters.Env",
								"type": "Expression"
							}
						}
					}
				]
			},
			{
				"name": "Process if File Exists",
				"type": "IfCondition",
				"dependsOn": [
					{
						"activity": "Get Raw Folder Meta Data",
						"dependencyConditions": [
							"Succeeded"
						]
					}
				],
				"userProperties": [],
				"typeProperties": {
					"expression": {
						"value": "@activity('Get Raw Folder Meta Data').output.exists",
						"type": "Expression"
					},
					"ifTrueActivities": [
						{
							"name": "ADLS_To_Staging",
							"type": "SqlServerStoredProcedure",
							"dependsOn": [],
							"policy": {
								"timeout": "7.00:00:00",
								"retry": 0,
								"retryIntervalInSeconds": 30,
								"secureOutput": false,
								"secureInput": false
							},
							"userProperties": [],
							"typeProperties": {
								"storedProcedureName": "[pmastage].[Load_Morgan_Stanley_Flomo_Securities_Raw]"
							},
							"linkedServiceName": {
								"referenceName": "AzureSynapseDW",
								"type": "LinkedServiceReference"
							}
						},
						{
							"name": "Move_files_to_archive",
							"type": "Copy",
							"dependsOn": [
								{
									"activity": "ADLS_To_Staging",
									"dependencyConditions": [
										"Succeeded"
									]
								}
							],
							"policy": {
								"timeout": "7.00:00:00",
								"retry": 0,
								"retryIntervalInSeconds": 30,
								"secureOutput": false,
								"secureInput": false
							},
							"userProperties": [],
							"typeProperties": {
								"source": {
									"type": "DelimitedTextSource",
									"storeSettings": {
										"type": "AzureBlobStorageReadSettings",
										"recursive": true,
										"wildcardFileName": "*"
									},
									"formatSettings": {
										"type": "DelimitedTextReadSettings"
									}
								},
								"sink": {
									"type": "DelimitedTextSink",
									"storeSettings": {
										"type": "AzureBlobStorageWriteSettings"
									},
									"formatSettings": {
										"type": "DelimitedTextWriteSettings",
										"quoteAllText": true,
										"fileExtension": ".txt"
									}
								},
								"enableStaging": false,
								"translator": {
									"type": "TabularTranslator",
									"typeConversion": true,
									"typeConversionSettings": {
										"allowDataTruncation": true,
										"treatBooleanAsNumber": false
									}
								}
							},
							"inputs": [
								{
									"referenceName": "Morgan_Stanley_ADLS_Flomo_Staging",
									"type": "DatasetReference",
									"parameters": {
										"env": {
											"value": "@pipeline().globalParameters.Env",
											"type": "Expression"
										}
									}
								}
							],
							"outputs": [
								{
									"referenceName": "Morgan_Stanley_Flo_Mo_Archive_Destination",
									"type": "DatasetReference",
									"parameters": {
										"env": {
											"value": "@pipeline().globalParameters.Env",
											"type": "Expression"
										}
									}
								}
							]
						},
						{
							"name": "Delete staging files",
							"type": "Delete",
							"dependsOn": [
								{
									"activity": "Move_files_to_archive",
									"dependencyConditions": [
										"Succeeded"
									]
								}
							],
							"policy": {
								"timeout": "7.00:00:00",
								"retry": 0,
								"retryIntervalInSeconds": 30,
								"secureOutput": false,
								"secureInput": false
							},
							"userProperties": [],
							"typeProperties": {
								"dataset": {
									"referenceName": "Morgan_Stanley_ADLS_Flomo_Staging",
									"type": "DatasetReference",
									"parameters": {
										"env": {
											"value": "@pipeline().globalParameters.Env",
											"type": "Expression"
										}
									}
								},
								"enableLogging": false,
								"storeSettings": {
									"type": "AzureBlobStorageReadSettings",
									"recursive": true,
									"wildcardFileName": "Flo_Mo_*.csv"
								}
							}
						}
					]
				}
			},
			{
				"name": "Get Raw Folder Meta Data",
				"type": "GetMetadata",
				"dependsOn": [
					{
						"activity": "Copy_SFTP_to_ADLS",
						"dependencyConditions": [
							"Succeeded"
						]
					}
				],
				"policy": {
					"timeout": "7.00:00:00",
					"retry": 0,
					"retryIntervalInSeconds": 30,
					"secureOutput": false,
					"secureInput": false
				},
				"userProperties": [],
				"typeProperties": {
					"dataset": {
						"referenceName": "Morgan_Stanley_ADLS_Flomo_Staging",
						"type": "DatasetReference",
						"parameters": {
							"env": {
								"value": "@pipeline().globalParameters.Env",
								"type": "Expression"
							}
						}
					},
					"fieldList": [
						"exists",
						"childItems"
					],
					"storeSettings": {
						"type": "AzureBlobStorageReadSettings",
						"recursive": true
					},
					"formatSettings": {
						"type": "DelimitedTextReadSettings"
					}
				}
			}
		],
		"folder": {
			"name": "PMA/1_DEV/Morgan Stanley"
		},
		"annotations": [],
		"lastPublishTime": "2022-02-23T19:49:49Z"
	},
	"type": "Microsoft.DataFactory/factories/pipelines"
}