{
	"name": "GetConsEco",
	"properties": {
		"activities": [
			{
				"name": "Get_Datastream",
				"type": "DatabricksNotebook",
				"dependsOn": [],
				"policy": {
					"timeout": "7.00:00:00",
					"retry": 0,
					"retryIntervalInSeconds": 30,
					"secureOutput": false,
					"secureInput": false
				},
				"userProperties": [],
				"typeProperties": {
					"notebookPath": "/PMA/prod/etl/datastream/get_datastream_cons_eco",
					"baseParameters": {
						"env": {
							"value": "@pipeline().globalParameters.Env",
							"type": "Expression"
						}
					}
				},
				"linkedServiceName": {
					"referenceName": "AzureDatabricks1",
					"type": "LinkedServiceReference"
				}
			},
			{
				"name": "SQLDW Load_Datastream_Raw",
				"description": "",
				"type": "SqlServerStoredProcedure",
				"dependsOn": [
					{
						"activity": "Get_Datastream",
						"dependencyConditions": [
							"Succeeded"
						]
					}
				],
				"policy": {
					"timeout": "7.00:00:00",
					"retry": 0,
					"retryIntervalInSeconds": 30,
					"secureOutput": false,
					"secureInput": false
				},
				"userProperties": [],
				"typeProperties": {
					"storedProcedureName": "[pmastage].[Load_Datastream_Cons_Eco_Raw]"
				},
				"linkedServiceName": {
					"referenceName": "AzureSynapseDW",
					"type": "LinkedServiceReference"
				}
			},
			{
				"name": "SQLDW Load_Securities_Raw",
				"description": "",
				"type": "SqlServerStoredProcedure",
				"dependsOn": [
					{
						"activity": "SQLDW Load_Datastream_Raw",
						"dependencyConditions": [
							"Succeeded"
						]
					}
				],
				"policy": {
					"timeout": "7.00:00:00",
					"retry": 0,
					"retryIntervalInSeconds": 30,
					"secureOutput": false,
					"secureInput": false
				},
				"userProperties": [],
				"typeProperties": {
					"storedProcedureName": "[pmastage].[Load_Securities_Raw]"
				},
				"linkedServiceName": {
					"referenceName": "AzureSynapseDW",
					"type": "LinkedServiceReference"
				}
			}
		],
		"folder": {
			"name": "PMA/1_DEV/Datastream"
		},
		"annotations": [],
		"lastPublishTime": "2022-02-23T19:49:47Z"
	},
	"type": "Microsoft.DataFactory/factories/pipelines"
}