{
	"name": "PL_MonthlyBM",
	"properties": {
		"activities": [
			{
				"name": "Copy and Create BM File",
				"description": "Copy and Create Drift File",
				"type": "AzureFunctionActivity",
				"dependsOn": [],
				"policy": {
					"timeout": "7.00:00:00",
					"retry": 0,
					"retryIntervalInSeconds": 30,
					"secureOutput": false,
					"secureInput": false
				},
				"userProperties": [],
				"typeProperties": {
					"functionName": "MonthlyBMFileCreate",
					"method": "GET",
					"headers": {
						"sourcefolder": "raw/JLee/TPV/TPVSource/MonthlyBM",
						"targetfolder": "raw/JLee/TPV/TPVTarget/SAA"
					}
				},
				"linkedServiceName": {
					"referenceName": "IDPFunction",
					"type": "LinkedServiceReference"
				}
			},
			{
				"name": "Call Stored Procedure in SQLDW",
				"description": "Call Stored Procedure and pass batch id.",
				"type": "SqlServerStoredProcedure",
				"dependsOn": [
					{
						"activity": "Set batchid",
						"dependencyConditions": [
							"Succeeded"
						]
					}
				],
				"policy": {
					"timeout": "7.00:00:00",
					"retry": 0,
					"retryIntervalInSeconds": 30,
					"secureOutput": false,
					"secureInput": false
				},
				"userProperties": [],
				"typeProperties": {
					"storedProcedureName": "[jlee].[LOAD_STRATEGY_SAA]",
					"storedProcedureParameters": {
						"P_ID": {
							"value": {
								"value": "@variables('batch_id')",
								"type": "Expression"
							},
							"type": "Int32"
						}
					}
				},
				"linkedServiceName": {
					"referenceName": "AzureSynapseDW",
					"type": "LinkedServiceReference"
				}
			},
			{
				"name": "Set batchid",
				"type": "SetVariable",
				"dependsOn": [
					{
						"activity": "Copy and Create BM File",
						"dependencyConditions": [
							"Succeeded"
						]
					}
				],
				"userProperties": [],
				"typeProperties": {
					"variableName": "batch_id",
					"value": {
						"value": "@activity('Copy and Create BM File').output.batchid",
						"type": "Expression"
					}
				}
			},
			{
				"name": "Archive",
				"type": "Copy",
				"dependsOn": [
					{
						"activity": "Call Stored Procedure in SQLDW",
						"dependencyConditions": [
							"Succeeded"
						]
					}
				],
				"policy": {
					"timeout": "7.00:00:00",
					"retry": 0,
					"retryIntervalInSeconds": 30,
					"secureOutput": false,
					"secureInput": false
				},
				"userProperties": [],
				"typeProperties": {
					"source": {
						"type": "BinarySource",
						"storeSettings": {
							"type": "AzureBlobStorageReadSettings",
							"maxConcurrentConnections": 1,
							"recursive": true,
							"wildcardFileName": "*.csv"
						}
					},
					"sink": {
						"type": "BinarySink",
						"storeSettings": {
							"type": "AzureBlobStorageWriteSettings"
						}
					},
					"enableStaging": false
				},
				"inputs": [
					{
						"referenceName": "DS_TPVSourceFile",
						"type": "DatasetReference",
						"parameters": {
							"foldername": "MonthlyBM"
						}
					}
				],
				"outputs": [
					{
						"referenceName": "DS_TPVArchiveFile",
						"type": "DatasetReference",
						"parameters": {
							"foldername": "MonthlyBM"
						}
					}
				]
			},
			{
				"name": "DeleteSource",
				"type": "Delete",
				"dependsOn": [
					{
						"activity": "Archive",
						"dependencyConditions": [
							"Succeeded"
						]
					}
				],
				"policy": {
					"timeout": "7.00:00:00",
					"retry": 0,
					"retryIntervalInSeconds": 30,
					"secureOutput": false,
					"secureInput": false
				},
				"userProperties": [],
				"typeProperties": {
					"dataset": {
						"referenceName": "DS_TPVSourceFile",
						"type": "DatasetReference",
						"parameters": {
							"foldername": "MonthlyBM"
						}
					},
					"logStorageSettings": {
						"linkedServiceName": {
							"referenceName": "AzureBlobStorage1",
							"type": "LinkedServiceReference"
						},
						"path": "raw/JLee/TPV/Log"
					},
					"enableLogging": true,
					"storeSettings": {
						"type": "AzureBlobStorageReadSettings",
						"recursive": true,
						"wildcardFileName": "*.csv"
					}
				}
			}
		],
		"variables": {
			"batch_id": {
				"type": "String"
			}
		},
		"folder": {
			"name": "IDP POC/JL-TPV (Use Case 3)"
		},
		"annotations": [],
		"lastPublishTime": "2022-02-23T19:49:47Z"
	},
	"type": "Microsoft.DataFactory/factories/pipelines"
}