{
	"name": "Process Diversified Markets",
	"properties": {
		"activities": [
			{
				"name": "ForEach Client and Portfolio",
				"description": "",
				"type": "ForEach",
				"dependsOn": [],
				"userProperties": [],
				"typeProperties": {
					"items": {
						"value": "@variables('valueArray')",
						"type": "Expression"
					},
					"isSequential": false,
					"activities": [
						{
							"name": "Execute Process DM notebook",
							"description": "",
							"type": "DatabricksNotebook",
							"dependsOn": [],
							"policy": {
								"timeout": "7.00:00:00",
								"retry": 0,
								"retryIntervalInSeconds": 30,
								"secureOutput": false,
								"secureInput": false
							},
							"userProperties": [],
							"typeProperties": {
								"notebookPath": "/Users/malay.dave@imcoinvest.com/ips/create_ips_check_dm",
								"baseParameters": {
									"analysis_date": {
										"value": "@pipeline().parameters.analysis_date",
										"type": "Expression"
									},
									"batchDateTime": {
										"value": "@pipeline().parameters.batchDateTime",
										"type": "Expression"
									},
									"input": {
										"value": "@item()",
										"type": "Expression"
									}
								}
							},
							"linkedServiceName": {
								"referenceName": "AzureDatabricks2",
								"type": "LinkedServiceReference"
							}
						}
					]
				}
			}
		],
		"parameters": {
			"analysis_date": {
				"type": "string",
				"defaultValue": "2020-01-28"
			},
			"batchDateTime": {
				"type": "string",
				"defaultValue": "2020-02-07T23:59:21.4061448Z"
			}
		},
		"variables": {
			"valueArray": {
				"type": "Array",
				"defaultValue": [
					"WSIB|Diversified Markets"
				]
			}
		},
		"folder": {
			"name": "IDP POC/IPS-UC1"
		},
		"annotations": [],
		"lastPublishTime": "2022-02-23T19:49:47Z"
	},
	"type": "Microsoft.DataFactory/factories/pipelines"
}