{
	"name": "Process Barra Data",
	"properties": {
		"activities": [
			{
				"name": "Parallelize per strategy",
				"type": "ForEach",
				"dependsOn": [],
				"userProperties": [],
				"typeProperties": {
					"items": {
						"value": "@pipeline().parameters.strategyArray",
						"type": "Expression"
					},
					"batchCount": 6,
					"activities": [
						{
							"name": "Parse Barra data",
							"type": "DatabricksNotebook",
							"dependsOn": [],
							"policy": {
								"timeout": "7.00:00:00",
								"retry": 0,
								"retryIntervalInSeconds": 30,
								"secureOutput": false,
								"secureInput": false
							},
							"userProperties": [],
							"typeProperties": {
								"notebookPath": "/Users/malay.dave@imcoinvest.com/ips/parse_portfolio_insert_to_staging",
								"baseParameters": {
									"strategy": {
										"value": "@item()",
										"type": "Expression"
									},
									"analysis_date": {
										"value": "@pipeline().parameters.analysis_date",
										"type": "Expression"
									},
									"batchDateTime": {
										"value": "@pipeline().parameters.batchDateTIme",
										"type": "Expression"
									}
								}
							},
							"linkedServiceName": {
								"referenceName": "AzureDatabricks2",
								"type": "LinkedServiceReference"
							}
						}
					]
				}
			}
		],
		"parameters": {
			"strategyArray": {
				"type": "array",
				"defaultValue": [
					"Analytics_EQ",
					"Analytics_FI",
					"Analytics_KRD_Notional",
					"Analytics_OP",
					"Analytics_Position",
					"Characteristics_Derivatives",
					"Characteristics_FI",
					"Characteristics_Rating",
					"Characteristics_Sector",
					"Risk_View_Total",
					"Allocation_Selection",
					"Analytics_KRD",
					"Characteristics"
				]
			},
			"analysis_date": {
				"type": "string",
				"defaultValue": "2020-01-30"
			},
			"batchDateTIme": {
				"type": "string",
				"defaultValue": "2020-02-06T11:00:00.4061448Z"
			}
		},
		"folder": {
			"name": "IDP POC/IPS-UC1"
		},
		"annotations": [],
		"lastPublishTime": "2022-02-23T19:49:47Z"
	},
	"type": "Microsoft.DataFactory/factories/pipelines"
}