{
	"name": "Risk -  DW Copy Risk Staging - Polybase",
	"properties": {
		"activities": [
			{
				"name": "Get Staging meta data",
				"type": "Lookup",
				"dependsOn": [],
				"policy": {
					"timeout": "7.00:00:00",
					"retry": 0,
					"retryIntervalInSeconds": 30,
					"secureOutput": false,
					"secureInput": false
				},
				"userProperties": [],
				"typeProperties": {
					"source": {
						"type": "SqlDWSource",
						"sqlReaderStoredProcedureName": "[DataWarehouse_DVRAW].[Create_Risk_Stage_Setup]",
						"queryTimeout": "02:00:00",
						"partitionOption": "None"
					},
					"dataset": {
						"referenceName": "Azure_DW",
						"type": "DatasetReference",
						"parameters": {
							"schema": "[DataWarehouse_Staging]",
							"table": "Job_Run"
						}
					},
					"firstRowOnly": false
				}
			},
			{
				"name": "ForEach1",
				"type": "ForEach",
				"dependsOn": [
					{
						"activity": "Get Staging meta data",
						"dependencyConditions": [
							"Succeeded"
						]
					}
				],
				"userProperties": [],
				"typeProperties": {
					"items": {
						"value": "@activity('Get Staging meta data').output.value",
						"type": "Expression"
					},
					"isSequential": false,
					"activities": [
						{
							"name": "Copy Staging",
							"type": "Copy",
							"dependsOn": [],
							"policy": {
								"timeout": "7.00:00:00",
								"retry": 0,
								"retryIntervalInSeconds": 30,
								"secureOutput": false,
								"secureInput": false
							},
							"userProperties": [],
							"typeProperties": {
								"source": {
									"type": "SqlServerSource",
									"sqlReaderStoredProcedureName": {
										"value": "@concat('DW_Out.',item().Source_SP_Name)",
										"type": "Expression"
									},
									"storedProcedureParameters": {
										"BatchDate": {
											"type": "DateTime",
											"value": {
												"value": "@pipeline().parameters.Batch_Date",
												"type": "Expression"
											}
										}
									},
									"queryTimeout": "02:00:00",
									"partitionOption": "None"
								},
								"sink": {
									"type": "DelimitedTextSink",
									"storeSettings": {
										"type": "AzureBlobFSWriteSettings"
									},
									"formatSettings": {
										"type": "DelimitedTextWriteSettings",
										"quoteAllText": true,
										"fileExtension": ".txt"
									}
								},
								"enableStaging": false,
								"parallelCopies": 1
							},
							"inputs": [
								{
									"referenceName": "SQL_Staging",
									"type": "DatasetReference",
									"parameters": {
										"DatabaseName": {
											"value": "@pipeline().parameters.SQLServer_DatabaseName",
											"type": "Expression"
										},
										"ServerName": "172.16.50.9",
										"UserName": "AzureDW_ETL_User",
										"SecretName": "SQLServerUserPassword"
									}
								}
							],
							"outputs": [
								{
									"referenceName": "Risk_Staging_File",
									"type": "DatasetReference",
									"parameters": {
										"FileName": {
											"value": "@item().target_table",
											"type": "Expression"
										},
										"Env": {
											"value": "@pipeline().globalParameters.Env",
											"type": "Expression"
										}
									}
								}
							]
						},
						{
							"name": "Stop running job",
							"type": "ExecutePipeline",
							"dependsOn": [
								{
									"activity": "Update Job Status Failed",
									"dependencyConditions": [
										"Succeeded"
									]
								}
							],
							"userProperties": [],
							"typeProperties": {
								"pipeline": {
									"referenceName": "Risk - Stop Current Job",
									"type": "PipelineReference"
								},
								"waitOnCompletion": true,
								"parameters": {
									"Failed_Activity_Name": {
										"value": "Copy Staging",
										"type": "Expression"
									},
									"Failure_Message": {
										"value": "@activity('Files To Tables').Error.Message",
										"type": "Expression"
									},
									"Pipeline_Job_Run_Id": {
										"value": "@pipeline().parameters.Parent_Run_ID",
										"type": "Expression"
									},
									"Pipeline_Name": {
										"value": "@pipeline().Pipeline",
										"type": "Expression"
									}
								}
							}
						},
						{
							"name": "Update Job Status Failed",
							"type": "SqlServerStoredProcedure",
							"dependsOn": [
								{
									"activity": "Files To Tables",
									"dependencyConditions": [
										"Failed"
									]
								}
							],
							"policy": {
								"timeout": "7.00:00:00",
								"retry": 0,
								"retryIntervalInSeconds": 30,
								"secureOutput": false,
								"secureInput": false
							},
							"userProperties": [],
							"typeProperties": {
								"storedProcedureName": "[DataWarehouse_DVRAW].[Update_Job_Status]",
								"storedProcedureParameters": {
									"Job_ID": {
										"value": {
											"value": "@pipeline().parameters.Job_ID",
											"type": "Expression"
										},
										"type": "Int32"
									},
									"Job_Status": {
										"value": "Failed",
										"type": "String"
									}
								}
							},
							"linkedServiceName": {
								"referenceName": "AzureSynapseDW",
								"type": "LinkedServiceReference"
							}
						},
						{
							"name": "Files To Tables",
							"type": "Copy",
							"dependsOn": [
								{
									"activity": "Copy Staging",
									"dependencyConditions": [
										"Succeeded"
									]
								}
							],
							"policy": {
								"timeout": "7.00:00:00",
								"retry": 0,
								"retryIntervalInSeconds": 30,
								"secureOutput": false,
								"secureInput": false
							},
							"userProperties": [],
							"typeProperties": {
								"source": {
									"type": "SqlDWSource",
									"queryTimeout": "02:00:00",
									"partitionOption": "None"
								},
								"sink": {
									"type": "SqlDWSink"
								},
								"enableStaging": false,
								"translator": {
									"type": "TabularTranslator",
									"typeConversion": true,
									"typeConversionSettings": {
										"allowDataTruncation": true,
										"treatBooleanAsNumber": false
									}
								}
							},
							"inputs": [
								{
									"referenceName": "Azure_DW",
									"type": "DatasetReference",
									"parameters": {
										"schema": "DataWarehouse_EXT",
										"table": "@item().target_table"
									}
								}
							],
							"outputs": [
								{
									"referenceName": "Azure_DW",
									"type": "DatasetReference",
									"parameters": {
										"schema": "DataWarehouse_Staging",
										"table": "@item().target_table"
									}
								}
							]
						},
						{
							"name": "Update Job Status Failed_copy1",
							"type": "SqlServerStoredProcedure",
							"dependsOn": [
								{
									"activity": "Copy Staging",
									"dependencyConditions": [
										"Failed"
									]
								}
							],
							"policy": {
								"timeout": "7.00:00:00",
								"retry": 0,
								"retryIntervalInSeconds": 30,
								"secureOutput": false,
								"secureInput": false
							},
							"userProperties": [],
							"typeProperties": {
								"storedProcedureName": "[DataWarehouse_DVRAW].[Update_Job_Status]",
								"storedProcedureParameters": {
									"Job_ID": {
										"value": {
											"value": "@pipeline().parameters.Job_ID",
											"type": "Expression"
										},
										"type": "Int32"
									},
									"Job_Status": {
										"value": "Failed",
										"type": "String"
									}
								}
							},
							"linkedServiceName": {
								"referenceName": "AzureSynapseDW",
								"type": "LinkedServiceReference"
							}
						},
						{
							"name": "Stop running job_copy1",
							"type": "ExecutePipeline",
							"dependsOn": [
								{
									"activity": "Update Job Status Failed_copy1",
									"dependencyConditions": [
										"Succeeded"
									]
								}
							],
							"userProperties": [],
							"typeProperties": {
								"pipeline": {
									"referenceName": "Risk - Stop Current Job",
									"type": "PipelineReference"
								},
								"waitOnCompletion": true,
								"parameters": {
									"Failed_Activity_Name": {
										"value": "Copy Staging",
										"type": "Expression"
									},
									"Failure_Message": {
										"value": "@activity('Copy Staging').Error.Message",
										"type": "Expression"
									},
									"Pipeline_Job_Run_Id": {
										"value": "@pipeline().parameters.Parent_Run_ID",
										"type": "Expression"
									},
									"Pipeline_Name": {
										"value": "@pipeline().Pipeline",
										"type": "Expression"
									}
								}
							}
						}
					]
				}
			}
		],
		"parameters": {
			"SQLServer_DatabaseName": {
				"type": "string"
			},
			"Batch_Date": {
				"type": "string"
			},
			"Parent_Run_ID": {
				"type": "string"
			},
			"Job_ID": {
				"type": "string"
			}
		},
		"folder": {
			"name": "Archive_DV"
		},
		"annotations": [],
		"lastPublishTime": "2022-02-23T19:49:48Z"
	},
	"type": "Microsoft.DataFactory/factories/pipelines"
}