{
	"name": "Risk - Check_Duplicate",
	"properties": {
		"activities": [
			{
				"name": "If Condition1",
				"type": "IfCondition",
				"dependsOn": [
					{
						"activity": "CheckDuplicateCount",
						"dependencyConditions": [
							"Succeeded"
						]
					}
				],
				"userProperties": [],
				"typeProperties": {
					"expression": {
						"value": "@greater(activity('CheckDuplicateCount').Output.Firstrow.DupCount,0)",
						"type": "Expression"
					},
					"ifTrueActivities": [
						{
							"name": "Update Job Status Failed",
							"type": "SqlServerStoredProcedure",
							"dependsOn": [],
							"policy": {
								"timeout": "7.00:00:00",
								"retry": 0,
								"retryIntervalInSeconds": 30,
								"secureOutput": false,
								"secureInput": false
							},
							"userProperties": [],
							"typeProperties": {
								"storedProcedureName": "[DataWarehouse_DVRAW].[Update_Job_Status]",
								"storedProcedureParameters": {
									"Job_ID": {
										"value": {
											"value": "@pipeline().parameters.Job_ID",
											"type": "Expression"
										},
										"type": "Int32"
									},
									"Job_Status": {
										"value": "Failed",
										"type": "String"
									}
								}
							},
							"linkedServiceName": {
								"referenceName": "AzureSynapseDW",
								"type": "LinkedServiceReference"
							}
						},
						{
							"name": "Stop running job",
							"type": "ExecutePipeline",
							"dependsOn": [
								{
									"activity": "Update Job Status Failed",
									"dependencyConditions": [
										"Succeeded"
									]
								}
							],
							"userProperties": [],
							"typeProperties": {
								"pipeline": {
									"referenceName": "Risk - Stop Current Job",
									"type": "PipelineReference"
								},
								"waitOnCompletion": true,
								"parameters": {
									"Failed_Activity_Name": {
										"value": "@concat('Duplicate Check for job run (id: ',pipeline().parameters.Job_ID, ') on ',pipeline().parameters.Source_System)",
										"type": "Expression"
									},
									"Failure_Message": {
										"value": "@concat('Duplicate Check Failed for source system ',pipeline().parameters.Source_System)",
										"type": "Expression"
									},
									"Pipeline_Job_Run_Id": {
										"value": "@pipeline().parameters.Parent_Run_ID",
										"type": "Expression"
									},
									"Pipeline_Name": {
										"value": "@pipeline().Pipeline",
										"type": "Expression"
									},
									"Source_System": {
										"value": "@pipeline().parameters.Source_System",
										"type": "Expression"
									}
								}
							}
						}
					]
				}
			},
			{
				"name": "CheckDuplicateCount",
				"type": "Lookup",
				"dependsOn": [],
				"policy": {
					"timeout": "7.00:00:00",
					"retry": 0,
					"retryIntervalInSeconds": 30,
					"secureOutput": false,
					"secureInput": false
				},
				"userProperties": [],
				"typeProperties": {
					"source": {
						"type": "SqlDWSource",
						"sqlReaderStoredProcedureName": "[DataWarehouse_DVRAW].[Check_Duplicate]",
						"storedProcedureParameters": {
							"BatchDTS": {
								"type": "DateTime",
								"value": {
									"value": "@pipeline().parameters.LoadDTS",
									"type": "Expression"
								}
							},
							"Source_System": {
								"type": "String",
								"value": {
									"value": "@pipeline().parameters.Source_System",
									"type": "Expression"
								}
							}
						},
						"queryTimeout": "02:00:00",
						"partitionOption": "None"
					},
					"dataset": {
						"referenceName": "Azure_DW",
						"type": "DatasetReference",
						"parameters": {
							"schema": "DataWarehouse_DVRAW",
							"table": "Key_Errors"
						}
					}
				}
			}
		],
		"parameters": {
			"LoadDTS": {
				"type": "string"
			},
			"Parent_Run_ID": {
				"type": "string"
			},
			"Job_ID": {
				"type": "string"
			},
			"Source_System": {
				"type": "string"
			}
		},
		"folder": {
			"name": "Archive_DV"
		},
		"annotations": [],
		"lastPublishTime": "2022-02-23T19:49:48Z"
	},
	"type": "Microsoft.DataFactory/factories/pipelines"
}