{
	"name": "Risk - Stop Current Job",
	"properties": {
		"activities": [
			{
				"name": "Set Cancel ADF JOB REST URL",
				"type": "SetVariable",
				"dependsOn": [
					{
						"activity": "Send notification",
						"dependencyConditions": [
							"Succeeded"
						]
					}
				],
				"userProperties": [],
				"typeProperties": {
					"variableName": "cancel_job_url",
					"value": {
						"value": "@concat('https://management.azure.com/subscriptions/',pipeline().globalParameters.Azure_Subscription_Id, '/resourceGroups/',pipeline().globalParameters.Azure_Resource_Group, '/providers/Microsoft.DataFactory/factories/', pipeline().DataFactory,\n'/pipelineruns/',\npipeline().parameters.Pipeline_Job_Run_Id,\n'/cancel?isRecursive=true&api-version=2018-06-01')",
						"type": "Expression"
					}
				}
			},
			{
				"name": "Stop the Running Pipeline Job",
				"type": "WebActivity",
				"dependsOn": [
					{
						"activity": "Set Cancel ADF JOB REST URL",
						"dependencyConditions": [
							"Succeeded"
						]
					}
				],
				"policy": {
					"timeout": "7.00:00:00",
					"retry": 0,
					"retryIntervalInSeconds": 30,
					"secureOutput": false,
					"secureInput": false
				},
				"userProperties": [],
				"typeProperties": {
					"url": {
						"value": "@variables('cancel_job_url')",
						"type": "Expression"
					},
					"method": "POST",
					"body": {
						"message": "Cancel the Pipeline"
					},
					"authentication": {
						"type": "MSI",
						"resource": "https://management.azure.com"
					}
				}
			},
			{
				"name": "Set Email Subject Additon",
				"type": "SetVariable",
				"dependsOn": [
					{
						"activity": "Set Failure Flag",
						"dependencyConditions": [
							"Succeeded"
						]
					}
				],
				"userProperties": [],
				"typeProperties": {
					"variableName": "email_subject_addition",
					"value": {
						"value": "@concat(' task ',pipeline().parameters.Failed_Activity_Name,' in pipeline ',pipeline().parameters.Pipeline_Name)",
						"type": "Expression"
					}
				}
			},
			{
				"name": "Set Email Body Addition",
				"type": "SetVariable",
				"dependsOn": [
					{
						"activity": "Set Email Subject Additon",
						"dependencyConditions": [
							"Succeeded"
						]
					}
				],
				"userProperties": [],
				"typeProperties": {
					"variableName": "email_body_addition",
					"value": {
						"value": "@concat('<p><strong>Task Failure Details:</strong></p>', '<p>The task ',pipeline().parameters.Failed_Activity_Name, ' in pipeline ',pipeline().parameters.Pipeline_Name,' failed.</p>','<p><u>Error message</u></p><p>',replace(pipeline().parameters.Failure_Message,'\"',''''),'</p>')",
						"type": "Expression"
					}
				}
			},
			{
				"name": "Set Failure Flag",
				"type": "SetVariable",
				"dependsOn": [],
				"userProperties": [],
				"typeProperties": {
					"variableName": "failed_flag",
					"value": {
						"value": "F",
						"type": "Expression"
					}
				}
			},
			{
				"name": "Send notification",
				"type": "ExecutePipeline",
				"dependsOn": [
					{
						"activity": "Get Email Process for current source system",
						"dependencyConditions": [
							"Succeeded"
						]
					}
				],
				"userProperties": [],
				"typeProperties": {
					"pipeline": {
						"referenceName": "Risk - Send Email Notification",
						"type": "PipelineReference"
					},
					"waitOnCompletion": true,
					"parameters": {
						"Email_Subject_Addition": {
							"value": "@variables('email_subject_addition')",
							"type": "Expression"
						},
						"Process_Name": {
							"value": "@activity('Get Email Process for current source system').output.firstRow.Process_Name",
							"type": "Expression"
						},
						"Email_Body_Addition": {
							"value": "@variables('email_body_addition')",
							"type": "Expression"
						},
						"Success_Failure_Flag": {
							"value": "@variables('failed_flag')",
							"type": "Expression"
						}
					}
				}
			},
			{
				"name": "Get Email Process for current source system",
				"type": "Lookup",
				"dependsOn": [
					{
						"activity": "Set Email Body Addition",
						"dependencyConditions": [
							"Succeeded"
						]
					}
				],
				"policy": {
					"timeout": "7.00:00:00",
					"retry": 0,
					"retryIntervalInSeconds": 30,
					"secureOutput": false,
					"secureInput": false
				},
				"userProperties": [],
				"typeProperties": {
					"source": {
						"type": "SqlDWSource",
						"sqlReaderQuery": {
							"value": "@concat('Select coalesce(b.Process_Name, a.Process_Name) Process_Name \nFrom ( \n\tSelect ''IDP_ADF_Risk'' Process_Name, 1 dummy  \n) a \nLeft Join ( \n\tSELECT max([Process_Name]) Process_Name, 1 dummy \n\tFROM [EDW_Config].[Email_Custom_Message] \n\twhere Source_System = ''', pipeline().parameters.Source_System, '''  \n\tGroup by Source_System\n) b\non a.dummy = b.dummy ')",
							"type": "Expression"
						},
						"queryTimeout": "02:00:00",
						"partitionOption": "None"
					},
					"dataset": {
						"referenceName": "Azure_DW",
						"type": "DatasetReference",
						"parameters": {
							"schema": "EDW_Config",
							"table": "Email_Custom_Message"
						}
					},
					"firstRowOnly": true
				}
			}
		],
		"parameters": {
			"Failed_Activity_Name": {
				"type": "string"
			},
			"Failure_Message": {
				"type": "string"
			},
			"Pipeline_Job_Run_Id": {
				"type": "string"
			},
			"Pipeline_Name": {
				"type": "string"
			},
			"Source_System": {
				"type": "string"
			}
		},
		"variables": {
			"cancel_job_url": {
				"type": "String"
			},
			"email_subject_addition": {
				"type": "String"
			},
			"email_body_addition": {
				"type": "String"
			},
			"failed_flag": {
				"type": "String",
				"defaultValue": "F"
			},
			"environment": {
				"type": "String"
			}
		},
		"folder": {
			"name": "Archive_DV"
		},
		"annotations": [],
		"lastPublishTime": "2022-02-23T19:49:47Z"
	},
	"type": "Microsoft.DataFactory/factories/pipelines"
}