{
	"name": "Risk - DW Create Raw Temp Storage",
	"properties": {
		"activities": [
			{
				"name": "Lookup  Stored Procs",
				"type": "Lookup",
				"dependsOn": [],
				"policy": {
					"timeout": "7.00:00:00",
					"retry": 0,
					"retryIntervalInSeconds": 30,
					"secureOutput": false,
					"secureInput": false
				},
				"userProperties": [],
				"typeProperties": {
					"source": {
						"type": "SqlDWSource",
						"sqlReaderQuery": {
							"value": "@concat(  'SELECT  [Proc_Database]\n      ,[Proc_Schema]\n      ,[Procedure_Name]\n      ,[Affected_Table]\n      ,[Source_System]\n      ,[Update_DTS]\n      ,[DWML_File]\n  FROM [DataWarehouse_Staging].[Ref_Staging_Prep_Procedures]\n  where Source_System = ''', pipeline().parameters.Source_System, '''')",
							"type": "Expression"
						},
						"queryTimeout": "02:00:00",
						"partitionOption": "None"
					},
					"dataset": {
						"referenceName": "Azure_DW",
						"type": "DatasetReference",
						"parameters": {
							"schema": "[DataWarehouse_Staging]",
							"table": "[Job_Run]"
						}
					},
					"firstRowOnly": false
				}
			},
			{
				"name": "ForEach1",
				"type": "ForEach",
				"dependsOn": [
					{
						"activity": "Lookup  Stored Procs",
						"dependencyConditions": [
							"Succeeded"
						]
					}
				],
				"userProperties": [],
				"typeProperties": {
					"items": {
						"value": "@activity('Lookup  Stored Procs').output.value",
						"type": "Expression"
					},
					"isSequential": false,
					"batchCount": 3,
					"activities": [
						{
							"name": "Create temp tables",
							"type": "SqlServerStoredProcedure",
							"dependsOn": [],
							"policy": {
								"timeout": "7.00:00:00",
								"retry": 0,
								"retryIntervalInSeconds": 30,
								"secureOutput": false,
								"secureInput": false
							},
							"userProperties": [],
							"typeProperties": {
								"storedProcedureName": {
									"value": "@concat(item().Proc_Database,'_',item().Proc_Schema,'.',item().Procedure_Name)",
									"type": "Expression"
								},
								"storedProcedureParameters": {
									"JobID": {
										"value": {
											"value": "@pipeline().parameters.Job_ID",
											"type": "Expression"
										},
										"type": "Int32"
									}
								}
							},
							"linkedServiceName": {
								"referenceName": "AzureSynapseDW",
								"type": "LinkedServiceReference"
							}
						},
						{
							"name": "Get Current Job Status",
							"type": "Lookup",
							"dependsOn": [
								{
									"activity": "Create temp tables",
									"dependencyConditions": [
										"Failed"
									]
								}
							],
							"policy": {
								"timeout": "7.00:00:00",
								"retry": 0,
								"retryIntervalInSeconds": 30,
								"secureOutput": false,
								"secureInput": false
							},
							"userProperties": [],
							"typeProperties": {
								"source": {
									"type": "SqlDWSource",
									"sqlReaderQuery": {
										"value": "@concat('Select Job_Status as Job_Status \nfrom [DataWarehouse_Staging].[Job_Run]\nWhere Job_Id = ',pipeline().parameters.Job_ID)",
										"type": "Expression"
									},
									"queryTimeout": "02:00:00",
									"partitionOption": "None"
								},
								"dataset": {
									"referenceName": "Azure_DW",
									"type": "DatasetReference",
									"parameters": {
										"schema": "DataWarehouse_Staging",
										"table": "Job_Run"
									}
								}
							}
						},
						{
							"name": "Job is not failed stop run",
							"type": "IfCondition",
							"dependsOn": [
								{
									"activity": "Get Current Job Status",
									"dependencyConditions": [
										"Succeeded"
									]
								}
							],
							"userProperties": [],
							"typeProperties": {
								"expression": {
									"value": "@not(equals(activity('Get Current Job Status').output.firstRow.Job_Status, 'Failed'))",
									"type": "Expression"
								},
								"ifTrueActivities": [
									{
										"name": "Stop running job",
										"type": "ExecutePipeline",
										"dependsOn": [
											{
												"activity": "Update Job Status Failed",
												"dependencyConditions": [
													"Succeeded"
												]
											}
										],
										"userProperties": [],
										"typeProperties": {
											"pipeline": {
												"referenceName": "Risk - Stop Current Job",
												"type": "PipelineReference"
											},
											"waitOnCompletion": true,
											"parameters": {
												"Failed_Activity_Name": {
													"value": "@concat('Create Raw Temp Storage step in job (id: ',pipeline().parameters.Job_ID,') run for ',pipeline().parameters.Source_System)",
													"type": "Expression"
												},
												"Failure_Message": {
													"value": "@activity('Create temp tables').Error.Message",
													"type": "Expression"
												},
												"Pipeline_Job_Run_Id": {
													"value": "@pipeline().parameters.Parent_Run_ID",
													"type": "Expression"
												},
												"Pipeline_Name": {
													"value": "@pipeline().Pipeline",
													"type": "Expression"
												},
												"Source_System": {
													"value": "@pipeline().parameters.Source_System",
													"type": "Expression"
												}
											}
										}
									},
									{
										"name": "Update Job Status Failed",
										"type": "SqlServerStoredProcedure",
										"dependsOn": [],
										"policy": {
											"timeout": "7.00:00:00",
											"retry": 0,
											"retryIntervalInSeconds": 30,
											"secureOutput": false,
											"secureInput": false
										},
										"userProperties": [],
										"typeProperties": {
											"storedProcedureName": "[DataWarehouse_DVRAW].[Update_Job_Status]",
											"storedProcedureParameters": {
												"Job_ID": {
													"value": {
														"value": "@pipeline().parameters.Job_ID",
														"type": "Expression"
													},
													"type": "Int32"
												},
												"Job_Status": {
													"value": "Failed",
													"type": "String"
												}
											}
										},
										"linkedServiceName": {
											"referenceName": "AzureSynapseDW",
											"type": "LinkedServiceReference"
										}
									}
								]
							}
						}
					]
				}
			}
		],
		"parameters": {
			"Job_ID": {
				"type": "string"
			},
			"Parent_Run_ID": {
				"type": "string"
			},
			"Source_System": {
				"type": "string"
			}
		},
		"folder": {
			"name": "Archive_DV"
		},
		"annotations": [],
		"lastPublishTime": "2022-02-23T19:49:48Z"
	},
	"type": "Microsoft.DataFactory/factories/pipelines"
}