{
	"name": "Send Email Notification",
	"properties": {
		"activities": [
			{
				"name": "Set Email timestamp",
				"type": "SetVariable",
				"dependsOn": [],
				"userProperties": [],
				"typeProperties": {
					"variableName": "email_time",
					"value": {
						"value": "@utcnow()",
						"type": "Expression"
					}
				}
			},
			{
				"name": "Process Name is not empty",
				"type": "IfCondition",
				"dependsOn": [
					{
						"activity": "check email enabled",
						"dependencyConditions": [
							"Succeeded"
						]
					}
				],
				"userProperties": [],
				"typeProperties": {
					"expression": {
						"value": "@and(not(equals(coalesce(pipeline().parameters.Process_Name,''), '')), greater(activity('check email enabled').output.firstRow.Email_Distribution, 0))",
						"type": "Expression"
					},
					"ifTrueActivities": [
						{
							"name": "Set Email Subject",
							"type": "SetVariable",
							"dependsOn": [
								{
									"activity": "Set Email To",
									"dependencyConditions": [
										"Succeeded"
									]
								}
							],
							"userProperties": [],
							"typeProperties": {
								"variableName": "email_subject",
								"value": {
									"value": "@concat('[',pipeline().globalParameters.Env,'] - ',activity('Fetch email fields from DB').output.firstRow.EmailSubject, if(equals(pipeline().parameters.Success_Failure_Flag,'F'),' - ',''),pipeline().parameters.Email_Subject_Addition)",
									"type": "Expression"
								}
							}
						},
						{
							"name": "Set Email Body",
							"type": "SetVariable",
							"dependsOn": [
								{
									"activity": "Set Email Subject",
									"dependencyConditions": [
										"Succeeded"
									]
								}
							],
							"userProperties": [],
							"typeProperties": {
								"variableName": "email_body",
								"value": {
									"value": "@concat('<p>Environment: IDP <strong>',toUpper(pipeline().globalParameters.Env),'</strong></p>',\n'<p>Timestamp: ',variables('email_time'),'</p>',\nif(equals(pipeline().parameters.Process_Name,'IDP_ADF_Manual'),'<p>Topic: SAA Weight loaded into IDP</p>', ''),\nactivity('Fetch email fields from DB').output.firstRow.EmailBody,'<p>',pipeline().parameters.Email_Body_Addition,'</p>',\nif(not(empty(pipeline().parameters.Load_Param)),concat('<p>Load Param:',replace(replace(replace(replace(replace(replace(string(pipeline().parameters.Load_Param),'\"',''),'{','' ),'[',''  ),'}','' ),']',''),'\\',''),'</p>'),'')\n)\n\n\n\n\n",
									"type": "Expression"
								}
							}
						},
						{
							"name": "Send Email Notification through LogicApp",
							"type": "WebActivity",
							"dependsOn": [
								{
									"activity": "Set Email Body",
									"dependencyConditions": [
										"Skipped"
									]
								}
							],
							"policy": {
								"timeout": "7.00:00:00",
								"retry": 0,
								"retryIntervalInSeconds": 30,
								"secureOutput": false,
								"secureInput": false
							},
							"userProperties": [],
							"typeProperties": {
								"url": "https://prod-25.canadacentral.logic.azure.com:443/workflows/de295f3b7b0c4d6c9d8778203f32b761/triggers/manual/paths/invoke?api-version=2016-10-01&sp=%2Ftriggers%2Fmanual%2Frun&sv=1.0&sig=wne6VPfyS5CFMqRSBahGTTnftuHmC9KSukiaZEJ5BOU",
								"method": "POST",
								"body": {
									"value": "@concat('{\"emailTo\": \"',pipeline().globalParameters.Mail_To,'\",\"emailSubject\": \"', variables('email_subject') ,'\",\"emailBody\": \"',variables('email_body'),'\"}')",
									"type": "Expression"
								}
							}
						},
						{
							"name": "Send Email through SendGrid",
							"type": "WebActivity",
							"dependsOn": [
								{
									"activity": "Set Email Body",
									"dependencyConditions": [
										"Succeeded"
									]
								}
							],
							"policy": {
								"timeout": "7.00:00:00",
								"retry": 0,
								"retryIntervalInSeconds": 30,
								"secureOutput": false,
								"secureInput": false
							},
							"userProperties": [],
							"typeProperties": {
								"url": {
									"value": "@concat(pipeline().globalParameters.Azure_FunctionApp_URL,'/api/SendEmail?code=',pipeline().globalParameters.Azure_Function_SendEmail_Key)",
									"type": "Expression"
								},
								"method": "POST",
								"body": {
									"value": "@concat('{\"emailPriority\": \"',variables('email_priority'),'\",\"emailTo\": \"',variables('email_to'),'\",\"emailSubject\": \"', variables('email_subject') ,'\",\"emailBody\": \"',variables('email_body'),'\"}')",
									"type": "Expression"
								},
								"authentication": {
									"type": "MSI",
									"resource": {
										"value": "@pipeline().globalParameters.Azure_FunctionApp_ID",
										"type": "Expression"
									}
								}
							}
						},
						{
							"name": "Fetch email fields from DB",
							"type": "Lookup",
							"dependsOn": [],
							"policy": {
								"timeout": "7.00:00:00",
								"retry": 0,
								"retryIntervalInSeconds": 30,
								"secureOutput": false,
								"secureInput": false
							},
							"userProperties": [],
							"typeProperties": {
								"source": {
									"type": "SqlDWSource",
									"sqlReaderQuery": {
										"value": "@concat('Select  string_agg(EmailAddress,'';'') as EmailAddress, \n\t\tmax(EmailSubject) EmailSubject, \n\t\tMax(EmailBody) EmailBody,\n\t\tmax(Priority) as Priority\nFrom [EDW_Config].[Email_Subscription]\nWhere PackageName = ''', pipeline().parameters.Process_Name,''' \nand SendEmail = ''',pipeline().parameters.Success_Failure_Flag,''' \nGroup By PackageName ')  ",
										"type": "Expression"
									},
									"queryTimeout": "02:00:00",
									"partitionOption": "None"
								},
								"dataset": {
									"referenceName": "Azure_ConfigDB",
									"type": "DatasetReference",
									"parameters": {
										"schema": "EDW_ETL",
										"table": "vw_EmailDistribution"
									}
								}
							}
						},
						{
							"name": "Set Email To",
							"type": "SetVariable",
							"dependsOn": [
								{
									"activity": "Set Email Priority",
									"dependencyConditions": [
										"Succeeded"
									]
								}
							],
							"userProperties": [],
							"typeProperties": {
								"variableName": "email_to",
								"value": {
									"value": "@activity('Fetch email fields from DB').output.firstRow.EmailAddress",
									"type": "Expression"
								}
							}
						},
						{
							"name": "Set Email Priority",
							"type": "SetVariable",
							"dependsOn": [
								{
									"activity": "Fetch email fields from DB",
									"dependencyConditions": [
										"Succeeded"
									]
								}
							],
							"userProperties": [],
							"typeProperties": {
								"variableName": "email_priority",
								"value": {
									"value": "@activity('Fetch email fields from DB').output.firstRow.Priority",
									"type": "Expression"
								}
							}
						}
					]
				}
			},
			{
				"name": "check email enabled",
				"type": "Lookup",
				"dependsOn": [
					{
						"activity": "Set Email timestamp",
						"dependencyConditions": [
							"Succeeded"
						]
					}
				],
				"policy": {
					"timeout": "7.00:00:00",
					"retry": 0,
					"retryIntervalInSeconds": 30,
					"secureOutput": false,
					"secureInput": false
				},
				"userProperties": [],
				"typeProperties": {
					"source": {
						"type": "SqlDWSource",
						"sqlReaderQuery": {
							"value": "@concat('Select  coalesce(count(*), 0) Email_Distribution \nFrom EDW_Config.Email_Subscription Where PackageName = ''', pipeline().parameters.Process_Name,''' \nand SendEmail = ''',pipeline().parameters.Success_Failure_Flag,''' ')",
							"type": "Expression"
						},
						"queryTimeout": "02:00:00",
						"partitionOption": "None"
					},
					"dataset": {
						"referenceName": "Azure_ConfigDB",
						"type": "DatasetReference",
						"parameters": {
							"schema": "EDW_Config",
							"table": "Email_Subscription"
						}
					}
				}
			}
		],
		"parameters": {
			"Email_Subject_Addition": {
				"type": "string"
			},
			"Process_Name": {
				"type": "string"
			},
			"Email_Body_Addition": {
				"type": "string"
			},
			"Success_Failure_Flag": {
				"type": "string",
				"defaultValue": "S"
			},
			"Load_Param": {
				"type": "string"
			}
		},
		"variables": {
			"email_subject": {
				"type": "String"
			},
			"email_body": {
				"type": "String"
			},
			"email_time": {
				"type": "String"
			},
			"email_to": {
				"type": "String"
			},
			"email_priority": {
				"type": "String"
			}
		},
		"folder": {
			"name": "Datawarehouse/Email"
		},
		"annotations": [],
		"lastPublishTime": "2022-02-23T19:49:46Z"
	},
	"type": "Microsoft.DataFactory/factories/pipelines"
}