{
	"name": "Send Fail Email",
	"properties": {
		"activities": [
			{
				"name": "Set Email Subject Additon",
				"type": "SetVariable",
				"dependsOn": [
					{
						"activity": "Set Failure Flag",
						"dependencyConditions": [
							"Succeeded"
						]
					}
				],
				"userProperties": [],
				"typeProperties": {
					"variableName": "email_subject_addition",
					"value": {
						"value": "@concat(' task ',pipeline().parameters.Failed_Activity_Name,' in pipeline ',pipeline().parameters.Pipeline_Name)",
						"type": "Expression"
					}
				}
			},
			{
				"name": "Set Email Body Addition",
				"type": "SetVariable",
				"dependsOn": [
					{
						"activity": "Set Email Subject Additon",
						"dependencyConditions": [
							"Succeeded"
						]
					}
				],
				"userProperties": [],
				"typeProperties": {
					"variableName": "email_body_addition",
					"value": {
						"value": "@concat('<p><strong>Task Failure Details:</strong></p>', '<p>The task ',pipeline().parameters.Failed_Activity_Name, ' in pipeline ',pipeline().parameters.Pipeline_Name,' failed.</p>','<p><u>Error message</u></p><p>',replace(pipeline().parameters.Failure_Message,'\"',''''),'</p>')",
						"type": "Expression"
					}
				}
			},
			{
				"name": "Set Failure Flag",
				"type": "SetVariable",
				"dependsOn": [],
				"userProperties": [],
				"typeProperties": {
					"variableName": "failed_flag",
					"value": {
						"value": "F",
						"type": "Expression"
					}
				}
			},
			{
				"name": "Send notification",
				"type": "ExecutePipeline",
				"dependsOn": [
					{
						"activity": "Get Email Process for current source system",
						"dependencyConditions": [
							"Succeeded"
						]
					}
				],
				"userProperties": [],
				"typeProperties": {
					"pipeline": {
						"referenceName": "Send Email Notification",
						"type": "PipelineReference"
					},
					"waitOnCompletion": true,
					"parameters": {
						"Email_Subject_Addition": {
							"value": "@variables('email_subject_addition')",
							"type": "Expression"
						},
						"Process_Name": {
							"value": "@activity('Get Email Process for current source system').output.firstRow.Process_Name",
							"type": "Expression"
						},
						"Email_Body_Addition": {
							"value": "@variables('email_body_addition')",
							"type": "Expression"
						},
						"Success_Failure_Flag": {
							"value": "@variables('failed_flag')",
							"type": "Expression"
						},
						"Load_Param": {
							"value": "@{pipeline().parameters.Load_Param}",
							"type": "Expression"
						}
					}
				}
			},
			{
				"name": "Get Email Process for current source system",
				"type": "Lookup",
				"dependsOn": [
					{
						"activity": "Set Email Body Addition",
						"dependencyConditions": [
							"Succeeded"
						]
					}
				],
				"policy": {
					"timeout": "7.00:00:00",
					"retry": 0,
					"retryIntervalInSeconds": 30,
					"secureOutput": false,
					"secureInput": false
				},
				"userProperties": [],
				"typeProperties": {
					"source": {
						"type": "SqlDWSource",
						"sqlReaderQuery": {
							"value": "@concat('Select coalesce(b.Process_Name, a.Process_Name) Process_Name \nFrom ( \n\tSelect ''IDP_ADF_OTHER'' Process_Name, 1 dummy  \n) a \nLeft Join ( \n\tSelect Process_Name, 1 dummy\n\tFrom (\n\t\tSelect Process_Name, row_number() Over (Order by Email_Rank desc) rn From \n\t\t(\n\t\t\tSELECT max([Process_Name]) Process_Name, 1 dummy, 0 Email_Rank\n\t\t\tFROM [EDW_Config].[Email_Custom_Message] \n\t\t\twhere Source_System = ''', pipeline().parameters.Source_System, ''' and (Load_Type = ''ALL'' or Load_Type = ''', pipeline().parameters.Load_Type, ''' ) \n\t\t\tGroup by Source_System\n\n\t\t\tUnion\n\n\t\t\tSELECT max([Email_Process_Name]) Process_Name, 1 dummy, 1 Email_Rank\n\t\t\tFROM [EDW_Config].[DQ_Check]\n\t\t\twhere ''EDW  DQ''=''',pipeline().parameters.Pipeline_Name,''' and Source_System = ''', pipeline().parameters.Source_System, ''' and coalesce(Email_Process_Name, '''') <> '''' and (Load_Type = ''ALL'' or Load_Type = ''', pipeline().parameters.Load_Type, ''' ) \n\t\t\tGroup by Source_System\n\t\t) e\n\t)er\n\twhere rn = 1\n) b\non a.dummy = b.dummy ')",
							"type": "Expression"
						},
						"queryTimeout": "02:00:00",
						"partitionOption": "None"
					},
					"dataset": {
						"referenceName": "Azure_ConfigDB",
						"type": "DatasetReference",
						"parameters": {
							"schema": "EDW_Config",
							"table": "Email_Custom_Message"
						}
					},
					"firstRowOnly": true
				}
			}
		],
		"parameters": {
			"Failed_Activity_Name": {
				"type": "string"
			},
			"Failure_Message": {
				"type": "string"
			},
			"Pipeline_Name": {
				"type": "string"
			},
			"Source_System": {
				"type": "string"
			},
			"Load_Type": {
				"type": "string"
			},
			"Load_Param": {
				"type": "string"
			}
		},
		"variables": {
			"cancel_job_url": {
				"type": "String"
			},
			"email_subject_addition": {
				"type": "String"
			},
			"email_body_addition": {
				"type": "String"
			},
			"failed_flag": {
				"type": "String",
				"defaultValue": "F"
			},
			"environment": {
				"type": "String"
			}
		},
		"folder": {
			"name": "Datawarehouse/ErrorHandling"
		},
		"annotations": [],
		"lastPublishTime": "2022-02-23T19:49:47Z"
	},
	"type": "Microsoft.DataFactory/factories/pipelines"
}