{
	"name": "Stop Current Job",
	"properties": {
		"activities": [
			{
				"name": "Get ADF JOB REST Status",
				"type": "SetVariable",
				"dependsOn": [],
				"userProperties": [],
				"typeProperties": {
					"variableName": "get_job_status",
					"value": {
						"value": "@concat('https://management.azure.com/subscriptions/',pipeline().globalParameters.Azure_Subscription_Id, '/resourceGroups/',pipeline().globalParameters.Azure_Resource_Group, '/providers/Microsoft.DataFactory/factories/', pipeline().DataFactory,\n'/pipelineruns/',\npipeline().parameters.Pipeline_Job_Run_Id,\n'?api-version=2018-06-01')",
						"type": "Expression"
					}
				}
			},
			{
				"name": "Get Status",
				"type": "WebActivity",
				"dependsOn": [
					{
						"activity": "Get ADF JOB REST Status",
						"dependencyConditions": [
							"Succeeded"
						]
					}
				],
				"policy": {
					"timeout": "7.00:00:00",
					"retry": 0,
					"retryIntervalInSeconds": 30,
					"secureOutput": false,
					"secureInput": false
				},
				"userProperties": [],
				"typeProperties": {
					"url": {
						"value": "@variables('get_job_status')",
						"type": "Expression"
					},
					"method": "GET",
					"body": "",
					"authentication": {
						"type": "MSI",
						"resource": "https://management.azure.com"
					}
				}
			},
			{
				"name": "Pipeline Status",
				"type": "Switch",
				"dependsOn": [
					{
						"activity": "Get Status",
						"dependencyConditions": [
							"Succeeded"
						]
					}
				],
				"userProperties": [],
				"typeProperties": {
					"on": {
						"value": "@activity('Get Status').output.status",
						"type": "Expression"
					},
					"cases": [
						{
							"value": "InProgress",
							"activities": [
								{
									"name": "Set Cancel ADF JOB REST URL",
									"type": "SetVariable",
									"dependsOn": [],
									"userProperties": [],
									"typeProperties": {
										"variableName": "cancel_job_url",
										"value": {
											"value": "@concat('https://management.azure.com/subscriptions/',pipeline().globalParameters.Azure_Subscription_Id, '/resourceGroups/',pipeline().globalParameters.Azure_Resource_Group, '/providers/Microsoft.DataFactory/factories/', pipeline().DataFactory,\n'/pipelineruns/',\npipeline().parameters.Pipeline_Job_Run_Id,\n'/cancel?isRecursive=true&api-version=2018-06-01')",
											"type": "Expression"
										}
									}
								},
								{
									"name": "Stop the Running Pipeline Job",
									"type": "WebActivity",
									"dependsOn": [
										{
											"activity": "Set Cancel ADF JOB REST URL",
											"dependencyConditions": [
												"Succeeded"
											]
										}
									],
									"policy": {
										"timeout": "7.00:00:00",
										"retry": 0,
										"retryIntervalInSeconds": 30,
										"secureOutput": false,
										"secureInput": false
									},
									"userProperties": [],
									"typeProperties": {
										"url": {
											"value": "@variables('cancel_job_url')",
											"type": "Expression"
										},
										"method": "POST",
										"body": {
											"message": "Cancel the Pipeline"
										},
										"authentication": {
											"type": "MSI",
											"resource": "https://management.azure.com"
										}
									}
								}
							]
						}
					]
				}
			}
		],
		"parameters": {
			"Pipeline_Job_Run_Id": {
				"type": "string",
				"defaultValue": "45d1c716-ddbe-4042-a5ac-6e79de3ff31a"
			}
		},
		"variables": {
			"cancel_job_url": {
				"type": "String"
			},
			"email_subject_addition": {
				"type": "String"
			},
			"email_body_addition": {
				"type": "String"
			},
			"failed_flag": {
				"type": "String",
				"defaultValue": "F"
			},
			"environment": {
				"type": "String"
			},
			"get_job_status": {
				"type": "String"
			}
		},
		"folder": {
			"name": "Datawarehouse/ErrorHandling"
		},
		"annotations": [],
		"lastPublishTime": "2022-02-23T19:49:45Z"
	},
	"type": "Microsoft.DataFactory/factories/pipelines"
}