{
	"SSAS_Region": {
		"type": "string",
		"value": "canadacentral"
	},
	"SSAS_Server": {
		"type": "string",
		"value": "imcnoimdmsanlys1"
	},
	"SSAS_DatabaseName": {
		"type": "string",
		"value": "RiskDataMart"
	},
	"Azure_Subscription_Id": {
		"type": "string",
		"value": "fdeb04f6-576f-42ce-9ecc-6fd428df3a88"
	},
	"Azure_Resource_Group": {
		"type": "string",
		"value": "INVINV106626"
	},
	"Mail_To": {
		"type": "string",
		"value": "Johnny.Lu@imcoinvest.com;Jason.Lee@imcoinvest.com;Francis.nguyenpham@imcoinvest.com"
	},
	"Env": {
		"type": "string",
		"value": "dev"
	},
	"Eagle_Initial_Load_Start_Date": {
		"type": "string",
		"value": "2021-01-01"
	},
	"Azure_FunctionApp_URL": {
		"type": "string",
		"value": "https://imcnoimdmsfun02.azurewebsites.net"
	},
	"Azure_Function_SendEmail_Key": {
		"type": "string",
		"value": "3zsIDR20vFRuAhooip/Rr0uQXNbKwSVe6uMiZwXv062hjkRyCdqSJA=="
	},
	"Source_System_to_Refresh_SSAS": {
		"type": "string",
		"value": "BarraOne,StateStreet,RiskManual,Eagle"
	}
}