{
	"name": "imcnoimdvmadf01",
	"properties": {
		"globalParameters": {
			"SSAS_Region": {
				"type": "string",
				"value": "canadacentral"
			},
			"SSAS_Server": {
				"type": "string",
				"value": "imcnoimdvmans01"
			},
			"SSAS_DatabaseName": {
				"type": "string",
				"value": "RiskDataMart"
			},
			"Azure_Subscription_Id": {
				"type": "string",
				"value": "fdeb04f6-576f-42ce-9ecc-6fd428df3a88"
			},
			"Azure_Resource_Group": {
				"type": "string",
				"value": "imcoinvtdev"
			},
			"Mail_To": {
				"type": "string",
				"value": "Johnny.Lu@imcoinvest.com;Jason.Lee@imcoinvest.com;Francis.nguyenpham@imcoinvest.com"
			},
			"Env": {
				"type": "string",
				"value": "dev"
			},
			"Eagle_Initial_Load_Start_Date": {
				"type": "string",
				"value": "2020-01-01"
			},
			"Azure_FunctionApp_URL": {
				"type": "string",
				"value": "https://imcnoimdvmfun01.azurewebsites.net"
			},
			"Azure_Function_SendEmail_Key": {
				"type": "string",
				"value": "7r/XFVjxfBqWfXZ/RIXx5HE3aLqxymYxKIyhoaP0yxGr/AeVAcTLaw=="
			},
			"Source_System_to_Refresh_SSAS": {
				"type": "string",
				"value": "BarraOne,StateStreet,RiskManual,Eagle"
			},
			"Eagle_Daily_Load_Job_Delta_Deletion_Check": {
				"type": "string",
				"value": "FALSE"
			},
			"Azure_FunctionApp_ID": {
				"type": "string",
				"value": "758088ad-ebda-480c-9900-9738cec50f19"
			},
			"Azure_Container_Name": {
				"type": "string",
				"value": "imcnoimdiadls01"
			},
			"Azure_Queue_Connection": {
				"type": "string",
				"value": "DefaultEndpointsProtocol=https;AccountName=imcnoimdiadls01;AccountKey=ZlRfmBhsqCPOLhVpRn6HiZb1GGpvL+1qN25WPJ4+aE1r+ajAeOyeKO3iyMO79croWnWxyO9213mh678sHovUGQ==;EndpointSuffix=core.windows.net"
			},
			"Dispatcher_Queue_Name": {
				"type": "string",
				"value": "dispatcher-queue"
			}
		}
	},
	"location": "canadacentral",
	"identity": {
		"type": "SystemAssigned",
		"principalId": "5f0d2ab5-9043-417a-84d0-1cab361494a7",
		"tenantId": "d0c1eb70-2256-4af0-b085-07045adfe337"
	}
}